{
    "name": "俞文杰",
    "artist_pic": "imgs/loading.gif",
    "artist_info1": "籍贯地区：",
    "artist_info2": "所属类别：国画",
    "artist_info3": "毕业院校：中央美术学院",
    "dbz1_title": "水墨写生之十三",
    "dbz1_page": "http://yuwenjie.artron.net/works_detail_brt026245500125",
    "dbz1_pic": "http://img5.artron.net/artist/A0262455/small_brt026245500125.jpg",
    "dbz2_title": "水墨写生之十二",
    "dbz2_page": "http://yuwenjie.artron.net/works_detail_brt026245500124",
    "dbz2_pic": "http://img5.artron.net/artist/A0262455/small_brt026245500124.jpg",
    "dbz3_title": "水墨写生之十一",
    "dbz3_page": "http://yuwenjie.artron.net/works_detail_brt026245500123",
    "dbz3_pic": "http://img5.artron.net/artist/A0262455/small_brt026245500123.jpg"
}