{
    "name": "卢芝高",
    "artist_pic": "imgs/loading.gif",
    "artist_info1": "籍贯地区：",
    "artist_info2": "所属类别：工艺美术家",
    "artist_info3": "毕业院校：其他学校",
    "dbz1_title": "《霸王别姬》<br>^_^“Farewell-to-My-Concubine”-inlaid-porcelain-and-lime-sculpture",
    "dbz1_page": "http://luzhigao.artron.net/works_detail_brt000297900001",
    "dbz1_pic": "http://img4.artron.net/artist/A0002979/small_brt000297900001.jpg",
    "dbz2_title": "《霸王别姬》之“霸王”",
    "dbz2_page": "http://luzhigao.artron.net/works_detail_brt000297900002",
    "dbz2_pic": "http://img4.artron.net/artist/A0002979/small_brt000297900002.jpg",
    "dbz3_title": "《达摩造像》<br>^_^“Bodhidharma”-inlaid-porcelain-and-lime-sculpture",
    "dbz3_page": "http://luzhigao.artron.net/works_detail_brt000297900003",
    "dbz3_pic": "http://img4.artron.net/artist/A0002979/small_brt000297900003.jpg"
}