{
    "name": "刘文华",
    "artist_pic": "imgs/loading.gif",
    "artist_info1": "籍贯地区：北京",
    "artist_info2": "所属类别：书法",
    "artist_info3": "毕业院校：其他学校",
    "dbz1_title": "对联001",
    "dbz1_page": "http://liuwenhua.artron.net/works_detail_brt021466200001",
    "dbz1_pic": "http://img2.artron.net/artist/A0214662/small_brt021466200001.jpg",
    "dbz2_title": "对联002",
    "dbz2_page": "http://liuwenhua.artron.net/works_detail_brt021466200002",
    "dbz2_pic": "http://img2.artron.net/artist/A0214662/small_brt021466200002.jpg",
    "dbz3_title": "对联003",
    "dbz3_page": "http://liuwenhua.artron.net/works_detail_brt021466200003",
    "dbz3_pic": "http://img2.artron.net/artist/A0214662/small_brt021466200003.jpg"
}