{
    "name": "刘亚谏",
    "artist_pic": "imgs/loading.gif",
    "artist_info1": "籍贯地区：",
    "artist_info2": "所属类别：国画,书法,收藏",
    "artist_info3": "毕业院校：西北政法大学",
    "dbz1_title": "十公图",
    "dbz1_page": "http://liuyajian.artron.net/works_detail_brt026218600001",
    "dbz1_pic": "http://img2.artron.net/artist/A0262186/small_brt026218600001.jpg",
    "dbz2_title": "十公图局部001",
    "dbz2_page": "http://liuyajian.artron.net/works_detail_brt026218600002",
    "dbz2_pic": "http://img2.artron.net/artist/A0262186/small_brt026218600002.jpg",
    "dbz3_title": "十公图局部002",
    "dbz3_page": "http://liuyajian.artron.net/works_detail_brt026218600003",
    "dbz3_pic": "http://img2.artron.net/artist/A0262186/small_brt026218600003.jpg"
}