{
    "name": "叶文",
    "artist_pic": "imgs/loading.gif",
    "artist_info1": "籍贯地区：广东",
    "artist_info2": "所属类别：油画",
    "artist_info3": "毕业院校：中央美术学院",
    "dbz1_title": "城三",
    "dbz1_page": "http://yewen.artron.net/works_detail_brt025972100060",
    "dbz1_pic": "http://img4.artron.net/artist/A0259721/small_brt025972100060.jpg",
    "dbz2_title": "城四",
    "dbz2_page": "http://yewen.artron.net/works_detail_brt025972100061",
    "dbz2_pic": "http://img1.artron.net/artist/A0259721/small_brt025972100061.jpg",
    "dbz3_title": "风景二",
    "dbz3_page": "http://yewen.artron.net/works_detail_brt025972100010",
    "dbz3_pic": "http://img1.artron.net/artist/A0259721/small_brt025972100010.jpg"
}