{
    "name": "伍必端",
    "artist_pic": "imgs/loading.gif",
    "artist_info1": "籍贯地区：江苏",
    "artist_info2": "所属类别：版画",
    "artist_info3": "毕业院校：其他学校",
    "dbz1_title": "钢厂生活•早晨",
    "dbz1_page": "http://wubiduan.artron.net/works_detail_brt021381700001",
    "dbz1_pic": "http://img3.artron.net/artist/A0213817/small_brt021381700001.jpg",
    "dbz2_title": "钢厂生活•在马丁炉旁",
    "dbz2_page": "http://wubiduan.artron.net/works_detail_brt021381700002",
    "dbz2_pic": "http://img3.artron.net/artist/A0213817/small_brt021381700002.jpg",
    "dbz3_title": "钢厂生活•在转折处",
    "dbz3_page": "http://wubiduan.artron.net/works_detail_brt021381700003",
    "dbz3_pic": "http://img2.artron.net/artist/A0213817/small_brt021381700003.jpg"
}