{
    "name": "刘秉江",
    "artist_pic": "imgs/loading.gif",
    "artist_info1": "籍贯地区：辽宁",
    "artist_info2": "所属类别：油画",
    "artist_info3": "毕业院校：中央美术学院",
    "dbz1_title": "古哈尔",
    "dbz1_page": "http://liubingjiang.artron.net/works_detail_brt000348100040",
    "dbz1_pic": "http://img5.artron.net/artist/A0003481/small_brt000348100040.jpg",
    "dbz2_title": "黄头巾的女孩",
    "dbz2_page": "http://liubingjiang.artron.net/works_detail_brt000348100041",
    "dbz2_pic": "http://img5.artron.net/artist/A0003481/small_brt000348100041.jpg",
    "dbz3_title": "帕提古丽",
    "dbz3_page": "http://liubingjiang.artron.net/works_detail_brt000348100081",
    "dbz3_pic": "http://img5.artron.net/artist/A0003481/small_brt000348100081.jpg"
}