{
    "name": "刘绍荟",
    "artist_pic": "imgs/loading.gif",
    "artist_info1": "籍贯地区：湖南长沙",
    "artist_info2": "所属类别：其它",
    "artist_info3": "毕业院校：其他学校",
    "dbz1_title": "召树屯之四",
    "dbz1_page": "http://artist.artron.net/yishujia0209902/2-89545.html",
    "dbz1_pic": "http://img10.artimg.net/newart/2015/0213/1423790529_820468.jpg.small.jpg",
    "dbz2_title": "热带雨林 扬",
    "dbz2_page": "http://artist.artron.net/yishujia0209902/2-89544.html",
    "dbz2_pic": "http://img10.artimg.net/newart/2015/0213/1423790476_147141.jpg.small.jpg",
    "dbz3_title": "藤之恋",
    "dbz3_page": "http://artist.artron.net/yishujia0209902/2-83799.html",
    "dbz3_pic": "http://img10.artimg.net/newart/2015/0120/1421726386_594278.jpg.small.jpg"
}