{
    "name": "刘虹",
    "artist_pic": "imgs/loading.gif",
    "artist_info1": "籍贯地区：陕西凤翔",
    "artist_info2": "所属类别：油画",
    "artist_info3": "毕业院校：四川美术学院",
    "dbz1_title": "2007年丽色--唇语1",
    "dbz1_page": "http://liuhong.artron.net/works_detail_brt000690000001",
    "dbz1_pic": "http://img1.artron.net/artist/A0006900/small_brt000690000001.jpg",
    "dbz2_title": "2007年丽色--唇语2",
    "dbz2_page": "http://liuhong.artron.net/works_detail_brt000690000002",
    "dbz2_pic": "http://img1.artron.net/artist/A0006900/small_brt000690000002.jpg",
    "dbz3_title": "2007年丽色--唇语3",
    "dbz3_page": "http://liuhong.artron.net/works_detail_brt000690000003",
    "dbz3_pic": "http://img1.artron.net/artist/A0006900/small_brt000690000003.jpg"
}