{
    "name": "刘延庆",
    "artist_pic": "imgs/loading.gif",
    "artist_info1": "籍贯地区：山东省",
    "artist_info2": "所属类别：国画",
    "artist_info3": "毕业院校：中央民族大学美术学院",
    "dbz1_title": "喜上眉梢",
    "dbz1_page": "http://artist.artron.net/yishujia0264487/2-41063.html",
    "dbz1_pic": "http://img10.artimg.net/newart/2014/0906/1409986190_494528.JPG.small.jpg",
    "dbz2_title": "塔吉克新娘",
    "dbz2_page": "http://artist.artron.net/yishujia0264487/2-41062.html",
    "dbz2_pic": "http://img10.artimg.net/newart/2014/0906/1409985887_220088.jpg.small.jpg",
    "dbz3_title": "帕米尔风韵",
    "dbz3_page": "http://artist.artron.net/yishujia0264487/2-31703.html",
    "dbz3_pic": "http://img10.artimg.net/newart/2014/0812/1407805958_288124.jpg.small.jpg"
}