{
    "name": "刘成海",
    "artist_pic": "imgs/loading.gif",
    "artist_info1": "籍贯地区：四川金堂",
    "artist_info2": "所属类别：国画",
    "artist_info3": "毕业院校：其它学校",
    "dbz1_title": "菩萨法身",
    "dbz1_page": "http://liuchenghai.artron.net/works_detail_brt026291800001",
    "dbz1_pic": "http://img3.artron.net/artist/A0262918/small_brt026291800001.jpg",
    "dbz2_title": "秋亭赏月图",
    "dbz2_page": "http://liuchenghai.artron.net/works_detail_brt026291800002",
    "dbz2_pic": "http://img3.artron.net/artist/A0262918/small_brt026291800002.jpg",
    "dbz3_title": "露水节老愈",
    "dbz3_page": "http://liuchenghai.artron.net/works_detail_brt026291800003",
    "dbz3_pic": "http://img3.artron.net/artist/A0262918/small_brt026291800003.jpg"
}