{
    "name": "刘德扬",
    "artist_pic": "imgs/loading.gif",
    "artist_info1": "籍贯地区：四川",
    "artist_info2": "所属类别：其它",
    "artist_info3": "毕业院校：其他学校",
    "dbz1_title": "和风无语四条屏",
    "dbz1_page": "http://liudeyang.artron.net/works_detail_brt020981500001",
    "dbz1_pic": "http://img2.artron.net/artist/A0209815/small_brt020981500001.jpg",
    "dbz2_title": "不多也不少，适度最好",
    "dbz2_page": "http://liudeyang.artron.net/works_detail_brt020981500002",
    "dbz2_pic": "http://img2.artron.net/artist/A0209815/small_brt020981500002.jpg",
    "dbz3_title": "心无羁绊，方可得休闲二字",
    "dbz3_page": "http://liudeyang.artron.net/works_detail_brt020981500003",
    "dbz3_pic": "http://img2.artron.net/artist/A0209815/small_brt020981500003.jpg"
}