{
    "name": "侯虹旭",
    "artist_pic": "imgs/loading.gif",
    "artist_info1": "籍贯地区：山东省",
    "artist_info2": "所属类别：油画",
    "artist_info3": "毕业院校：华东师范大学",
    "dbz1_title": "系外",
    "dbz1_page": "http://artist.artron.net/yishujia0266485/2-117054.html",
    "dbz1_pic": "http://img10.artimg.net/newart/2015/0611/1434029897_555819.jpg.small.jpg",
    "dbz2_title": "猫—休息",
    "dbz2_page": "http://artist.artron.net/yishujia0266485/2-117053.html",
    "dbz2_pic": "http://img10.artimg.net/newart/2015/0611/1434029878_476057.jpg.small.jpg",
    "dbz3_title": "工作室",
    "dbz3_page": "http://artist.artron.net/yishujia0266485/2-117051.html",
    "dbz3_pic": "http://img10.artimg.net/newart/2015/0611/1434029852_666572.jpg.small.jpg"
}