{
    "name": "余立新",
    "artist_pic": "imgs/loading.gif",
    "artist_info1": "籍贯地区：",
    "artist_info2": "所属类别：国画",
    "artist_info3": "毕业院校：长沙理工大学设计艺术...",
    "dbz1_title": "古镇",
    "dbz1_page": "http://yulixin.artron.net/works_detail_brt025859600257",
    "dbz1_pic": "http://img3.artron.net/artist/A0258596/small_brt025859600257.jpg",
    "dbz2_title": "西域钟声",
    "dbz2_page": "http://yulixin.artron.net/works_detail_brt025859600258",
    "dbz2_pic": "http://img3.artron.net/artist/A0258596/small_brt025859600258.jpg",
    "dbz3_title": "峨庄秋色",
    "dbz3_page": "http://yulixin.artron.net/works_detail_brt025859600259",
    "dbz3_pic": "http://img3.artron.net/artist/A0258596/small_brt025859600259.jpg"
}