{
    "name": "万晓笳",
    "artist_pic": "imgs/loading.gif",
    "artist_info1": "籍贯地区：四川省",
    "artist_info2": "所属类别：油画",
    "artist_info3": "毕业院校：广州美术学院",
    "dbz1_title": "黑白意象(1)",
    "dbz1_page": "http://wanxiaojia.artron.net/works_detail_brt025973800058",
    "dbz1_pic": "http://img5.artron.net/artist/A0259738/small_brt025973800058.jpg",
    "dbz2_title": "黑白意象(2)",
    "dbz2_page": "http://wanxiaojia.artron.net/works_detail_brt025973800059",
    "dbz2_pic": "http://img5.artron.net/artist/A0259738/small_brt025973800059.jpg",
    "dbz3_title": "黑白意象(3)",
    "dbz3_page": "http://wanxiaojia.artron.net/works_detail_brt025973800060",
    "dbz3_pic": "http://img5.artron.net/artist/A0259738/small_brt025973800060.jpg"
}