{
    "name": "传钵",
    "artist_pic": "imgs/loading.gif",
    "artist_info1": "籍贯地区：四川省",
    "artist_info2": "所属类别：油画",
    "artist_info3": "毕业院校：其他学校",
    "dbz1_title": "白骨观--水观",
    "dbz1_page": "http://artist.artron.net/yishujia0266285/2-110680.html",
    "dbz1_pic": "http://img10.artimg.net/newart/2015/0521/1432192493_603942.jpg.small.jpg",
    "dbz2_title": "写实风景,洪春坪之四",
    "dbz2_page": "http://artist.artron.net/yishujia0266285/2-95994.html",
    "dbz2_pic": "http://img10.artimg.net/newart/2015/0326/1427355098_125669.JPG.small.jpg",
    "dbz3_title": "苦行僧系列-三步一拜",
    "dbz3_page": "http://artist.artron.net/yishujia0266285/2-95944.html",
    "dbz3_pic": "http://img10.artimg.net/newart/2015/0326/1427346225_824989.jpg.small.jpg"
}