{
    "name": "刘春冰",
    "artist_pic": "imgs/loading.gif",
    "artist_info1": "籍贯地区：",
    "artist_info2": "所属类别：其它",
    "artist_info3": "毕业院校：中国艺术研究院",
    "dbz1_title": "安然",
    "dbz1_page": "http://liuchunbing.artron.net/works_detail_brt000349800001",
    "dbz1_pic": "http://img1.artron.net/artist/A0003498/small_brt000349800001.jpg",
    "dbz2_title": "盎然",
    "dbz2_page": "http://liuchunbing.artron.net/works_detail_brt000349800002",
    "dbz2_pic": "http://img1.artron.net/artist/A0003498/small_brt000349800002.jpg",
    "dbz3_title": "初醒",
    "dbz3_page": "http://liuchunbing.artron.net/works_detail_brt000349800003",
    "dbz3_pic": "http://img1.artron.net/artist/A0003498/small_brt000349800003.jpg"
}