{
    "name": "凌徽涛",
    "artist_pic": "imgs/loading.gif",
    "artist_info1": "籍贯地区：",
    "artist_info2": "所属类别：其它",
    "artist_info3": "毕业院校：安徽师范大学",
    "dbz1_title": "播种",
    "dbz1_page": "http://linghuitao.artron.net/works_detail_brt000750400001",
    "dbz1_pic": "http://img1.artron.net/artist/A0007504/small_brt000750400001.jpg",
    "dbz2_title": "草莓熟了",
    "dbz2_page": "http://linghuitao.artron.net/works_detail_brt000750400002",
    "dbz2_pic": "http://img1.artron.net/artist/A0007504/small_brt000750400002.jpg",
    "dbz3_title": "待春图",
    "dbz3_page": "http://linghuitao.artron.net/works_detail_brt000750400003",
    "dbz3_pic": "http://img1.artron.net/artist/A0007504/small_brt000750400003.jpg"
}