{
    "name": "卢丽霞",
    "artist_pic": "imgs/loading.gif",
    "artist_info1": "籍贯地区：上海市",
    "artist_info2": "所属类别：油画",
    "artist_info3": "毕业院校：其他学校",
    "dbz1_title": "19002_10866312",
    "dbz1_page": "http://artist.artron.net/yishujia0266122/2-113087.html",
    "dbz1_pic": "http://img10.artimg.net/newart/2015/0601/1433119423_136678.jpg.small.jpg",
    "dbz2_title": "混饨初开",
    "dbz2_page": "http://artist.artron.net/yishujia0266122/2-112069.html",
    "dbz2_pic": "http://img10.artimg.net/newart/2015/0527/1432699593_694171.jpg.small.jpg",
    "dbz3_title": "30645_1447002",
    "dbz3_page": "http://artist.artron.net/yishujia0266122/2-110360.html",
    "dbz3_pic": "http://img10.artimg.net/newart/2015/0520/1432084460_108808.jpg.small.jpg"
}