{
    "name": "冯斌（浙江）",
    "artist_pic": "imgs/loading.gif",
    "artist_info1": "籍贯地区：浙江",
    "artist_info2": "所属类别：油画",
    "artist_info3": "毕业院校：西安美术学院",
    "dbz1_title": "俄罗斯小镇",
    "dbz1_page": "http://fengb.artron.net/works_detail_brt026223300001",
    "dbz1_pic": "http://img4.artron.net/artist/A0262233/small_brt026223300001.jpg",
    "dbz2_title": "红色爬山虎",
    "dbz2_page": "http://fengb.artron.net/works_detail_brt026223300002",
    "dbz2_pic": "http://img4.artron.net/artist/A0262233/small_brt026223300002.jpg",
    "dbz3_title": "红色爬山虎",
    "dbz3_page": "http://fengb.artron.net/works_detail_brt026223300003",
    "dbz3_pic": "http://img4.artron.net/artist/A0262233/small_brt026223300003.jpg"
}