{
    "name": "华彬",
    "artist_pic": "imgs/loading.gif",
    "artist_info1": "籍贯地区：江苏省",
    "artist_info2": "所属类别：国画",
    "artist_info3": "毕业院校：南京艺术学院",
    "dbz1_title": "安第斯的记忆",
    "dbz1_page": "http://artist.artron.net/yishujia0266340/2-101851.html",
    "dbz1_pic": "http://img10.artimg.net/newart/2015/0420/1429461789_187721.JPG.small.jpg",
    "dbz2_title": "芍药",
    "dbz2_page": "http://artist.artron.net/yishujia0266340/2-101847.html",
    "dbz2_pic": "http://img10.artimg.net/newart/2015/0419/1429457801_864979.JPG.small.jpg",
    "dbz3_title": "牡丹",
    "dbz3_page": "http://artist.artron.net/yishujia0266340/2-101846.html",
    "dbz3_pic": "http://img10.artimg.net/newart/2015/0419/1429457745_714071.JPG.small.jpg"
}