{
    "name": "Komarov Nikolai",
    "artist_pic": "imgs/loading.gif",
    "artist_info1": "籍贯地区：俄罗斯",
    "artist_info2": "所属类别：油画",
    "artist_info3": "毕业院校：俄罗斯圣彼得堡列宾美...",
    "dbz1_title": "《光影》",
    "dbz1_page": "http://artist.artron.net/yishujia0264967/2-39067.html",
    "dbz1_pic": "http://img10.artimg.net/newart/2014/0901/1409538167_994576.JPG.small.jpg",
    "dbz2_title": "《招商》",
    "dbz2_page": "http://artist.artron.net/yishujia0264967/2-39066.html",
    "dbz2_pic": "http://img10.artimg.net/newart/2014/0901/1409538102_112098.JPG.small.jpg",
    "dbz3_title": "《蓝调》",
    "dbz3_page": "http://artist.artron.net/yishujia0264967/2-39065.html",
    "dbz3_pic": "http://img10.artimg.net/newart/2014/0901/1409538040_642516.jpg.small.jpg"
}