{
    "name": "余启平",
    "artist_pic": "imgs/loading.gif",
    "artist_info1": "籍贯地区：",
    "artist_info2": "所属类别：国画",
    "artist_info3": "毕业院校：南京艺术学院",
    "dbz1_title": "思空花",
    "dbz1_page": "http://yuqiping.artron.net/works_detail_brt026209300042",
    "dbz1_pic": "http://img2.artron.net/artist/A0262093/small_brt026209300042.jpg",
    "dbz2_title": "西园度韵",
    "dbz2_page": "http://yuqiping.artron.net/works_detail_brt026209300043",
    "dbz2_pic": "http://img2.artron.net/artist/A0262093/small_brt026209300043.jpg",
    "dbz3_title": "后院梵花",
    "dbz3_page": "http://yuqiping.artron.net/works_detail_brt026209300044",
    "dbz3_pic": "http://img2.artron.net/artist/A0262093/small_brt026209300044.jpg"
}