{
    "name": "冯秀梅",
    "artist_pic": "imgs/loading.gif",
    "artist_info1": "籍贯地区：青海省",
    "artist_info2": "所属类别：国画",
    "artist_info3": "毕业院校：青海师范学院",
    "dbz1_title": "庄稼",
    "dbz1_page": "http://artist.artron.net/yishujia0003160/2-82307.html",
    "dbz1_pic": "http://img10.artimg.net/newart/2015/0115/1421297117_725075.jpg.small.jpg",
    "dbz2_title": "妆",
    "dbz2_page": "http://artist.artron.net/yishujia0003160/2-82306.html",
    "dbz2_pic": "http://img10.artimg.net/newart/2015/0115/1421297105_876446.JPG.small.jpg",
    "dbz3_title": "悦",
    "dbz3_page": "http://artist.artron.net/yishujia0003160/2-82305.html",
    "dbz3_pic": "http://img10.artimg.net/newart/2015/0115/1421297097_351460.jpg.small.jpg"
}