{
    "name": "卫军",
    "artist_pic": "imgs/loading.gif",
    "artist_info1": "籍贯地区：安徽",
    "artist_info2": "所属类别：其它",
    "artist_info3": "毕业院校：福建师范大学",
    "dbz1_title": "花儿开灯儿亮",
    "dbz1_page": "http://weijun.artron.net/main.php?pFlag=exhibi_2&aid=A0263263&cate=19169&wrkid=brt026326300003#showPicTop",
    "dbz1_pic": "http://img5.artron.net/artist/A0263263/small_brt026326300003.jpg",
    "dbz2_title": "四季歌",
    "dbz2_page": "http://weijun.artron.net/main.php?pFlag=exhibi_2&aid=A0263263&cate=19169&wrkid=brt026326300011#showPicTop",
    "dbz2_pic": "http://img1.artron.net/artist/A0263263/small_brt026326300011.jpg",
    "dbz3_title": "闽南印象",
    "dbz3_page": "http://weijun.artron.net/main.php?pFlag=exhibi_2&aid=A0263263&cate=19169&wrkid=brt026326300014#showPicTop",
    "dbz3_pic": "http://img5.artron.net/artist/A0263263/small_brt026326300014.jpg"
}