{
    "name": "伯揆",
    "artist_pic": "imgs/loading.gif",
    "artist_info1": "籍贯地区：河北",
    "artist_info2": "所属类别：国画",
    "artist_info3": "毕业院校：其它学校",
    "dbz1_title": "荷塘深处",
    "dbz1_page": "http://bokui.artron.net/works_detail_brt026491700001",
    "dbz1_pic": "http://img2.artron.net/artist/A0264917/small_brt026491700001.jpg",
    "dbz2_title": "紧秋时节",
    "dbz2_page": "http://bokui.artron.net/works_detail_brt026491700002",
    "dbz2_pic": "http://img2.artron.net/artist/A0264917/small_brt026491700002.jpg",
    "dbz3_title": "秋雀喳喳",
    "dbz3_page": "http://bokui.artron.net/works_detail_brt026491700003",
    "dbz3_pic": "http://img2.artron.net/artist/A0264917/small_brt026491700003.jpg"
}