{
    "name": "刘振夏",
    "artist_pic": "imgs/loading.gif",
    "artist_info1": "籍贯地区：",
    "artist_info2": "所属类别：国画",
    "artist_info3": "毕业院校：苏州工艺美术专科学校",
    "dbz1_title": "阿大师傅",
    "dbz1_page": "http://liuzhenxia.artron.net/works_detail_brt000380200055",
    "dbz1_pic": "http://img3.artron.net/artist/A0003802/small_brt000380200055.jpg",
    "dbz2_title": "碧水渔歌",
    "dbz2_page": "http://liuzhenxia.artron.net/works_detail_brt000380200056",
    "dbz2_pic": "http://img3.artron.net/artist/A0003802/small_brt000380200056.jpg",
    "dbz3_title": "草圣张旭",
    "dbz3_page": "http://liuzhenxia.artron.net/works_detail_brt000380200057",
    "dbz3_pic": "http://img3.artron.net/artist/A0003802/small_brt000380200057.jpg"
}