{
    "name": "乔领 宁雪君",
    "artist_pic": "imgs/loading.gif",
    "artist_info1": "籍贯地区：",
    "artist_info2": "所属类别：国画",
    "artist_info3": "毕业院校：山东艺术学院、中央美...",
    "dbz1_title": "百世英雄百世梦，万里长城万里情",
    "dbz1_page": "http://qlnxj.artron.net/works_detail_brt026037600001",
    "dbz1_pic": "http://img2.artron.net/artist/A0260376/small_brt026037600001.jpg",
    "dbz2_title": "奔流不息",
    "dbz2_page": "http://qlnxj.artron.net/works_detail_brt026037600002",
    "dbz2_pic": "http://img2.artron.net/artist/A0260376/small_brt026037600002.jpg",
    "dbz3_title": "长城雄姿",
    "dbz3_page": "http://qlnxj.artron.net/works_detail_brt026037600003",
    "dbz3_pic": "http://img2.artron.net/artist/A0260376/small_brt026037600003.jpg"
}