{
    "name": "于水",
    "artist_pic": "imgs/loading.gif",
    "artist_info1": "籍贯地区：",
    "artist_info2": "所属类别：国画",
    "artist_info3": "毕业院校：中国艺术研究院",
    "dbz1_title": "出巡图",
    "dbz1_page": "http://yushui.artron.net/works_detail_brt026145000011",
    "dbz1_pic": "http://img3.artron.net/artist/A0261450/small_brt026145000011.jpg",
    "dbz2_title": "春酌图",
    "dbz2_page": "http://yushui.artron.net/works_detail_brt026145000012",
    "dbz2_pic": "http://img3.artron.net/artist/A0261450/small_brt026145000012.jpg",
    "dbz3_title": "抖空竹",
    "dbz3_page": "http://yushui.artron.net/works_detail_brt026145000013",
    "dbz3_pic": "http://img3.artron.net/artist/A0261450/small_brt026145000013.jpg"
}