{
    "name": "刘秋甫",
    "artist_pic": "imgs/loading.gif",
    "artist_info1": "籍贯地区：",
    "artist_info2": "所属类别：书法",
    "artist_info3": "毕业院校：其它学校",
    "dbz1_title": "白釉瓷瓶",
    "dbz1_page": "http://liuqiufu.artron.net/works_detail_brt026657000001",
    "dbz1_pic": "http://img2.artron.net/artist/A0266570/small_brt026657000001.jpg",
    "dbz2_title": "高火陶釉",
    "dbz2_page": "http://liuqiufu.artron.net/works_detail_brt026657000002",
    "dbz2_pic": "http://img2.artron.net/artist/A0266570/small_brt026657000002.jpg",
    "dbz3_title": "高火陶雕",
    "dbz3_page": "http://liuqiufu.artron.net/works_detail_brt026657000003",
    "dbz3_pic": "http://img2.artron.net/artist/A0266570/small_brt026657000003.jpg"
}