{
    "name": "买鸿钧",
    "artist_pic": "imgs/loading.gif",
    "artist_info1": "籍贯地区：河南",
    "artist_info2": "所属类别：国画",
    "artist_info3": "毕业院校：其他学校",
    "dbz1_title": "《经典艺苑》作品001",
    "dbz1_page": "http://maihongjun.artron.net/works_detail_brt000603100001",
    "dbz1_pic": "http://img1.artron.net/artist/A0006031/small_brt000603100001.jpg",
    "dbz2_title": "《经典艺苑》作品002",
    "dbz2_page": "http://maihongjun.artron.net/works_detail_brt000603100002",
    "dbz2_pic": "http://img1.artron.net/artist/A0006031/small_brt000603100002.jpg",
    "dbz3_title": "《经典艺苑》作品003",
    "dbz3_page": "http://maihongjun.artron.net/works_detail_brt000603100003",
    "dbz3_pic": "http://img1.artron.net/artist/A0006031/small_brt000603100003.jpg"
}