{
    "name": "刘墨",
    "artist_pic": "imgs/loading.gif",
    "artist_info1": "籍贯地区：",
    "artist_info2": "所属类别：国画",
    "artist_info3": "毕业院校：其他学校",
    "dbz1_title": "作品之一",
    "dbz1_page": "http://liumo.artron.net/works_detail_brt000605300001",
    "dbz1_pic": "http://img1.artron.net/artist/A0006053/small_brt000605300001.jpg",
    "dbz2_title": "作品之二",
    "dbz2_page": "http://liumo.artron.net/works_detail_brt000605300002",
    "dbz2_pic": "http://img1.artron.net/artist/A0006053/small_brt000605300002.jpg",
    "dbz3_title": "作品之五",
    "dbz3_page": "http://liumo.artron.net/works_detail_brt000605300005",
    "dbz3_pic": "http://img1.artron.net/artist/A0006053/small_brt000605300005.jpg"
}