{
    "name": "丁竹君",
    "artist_pic": "imgs/loading.gif",
    "artist_info1": "籍贯地区：江西南昌",
    "artist_info2": "所属类别：国画,书法",
    "artist_info3": "毕业院校：湖北美术学院",
    "dbz1_title": "作品001",
    "dbz1_page": "http://dingzhujun.artron.net/main.php?pFlag=exhibi_2&aid=A0259476&cate=17368&wrkid=brt025947600001#showPicTop",
    "dbz1_pic": "http://img3.artron.net/artist/A0259476/small_brt025947600001.jpg",
    "dbz2_title": "作品002",
    "dbz2_page": "http://dingzhujun.artron.net/main.php?pFlag=exhibi_2&aid=A0259476&cate=17368&wrkid=brt025947600002#showPicTop",
    "dbz2_pic": "http://img3.artron.net/artist/A0259476/small_brt025947600002.jpg",
    "dbz3_title": "作品003",
    "dbz3_page": "http://dingzhujun.artron.net/main.php?pFlag=exhibi_2&aid=A0259476&cate=17368&wrkid=brt025947600003#showPicTop",
    "dbz3_pic": "http://img3.artron.net/artist/A0259476/small_brt025947600003.jpg"
}