{
    "name": "刘新华",
    "artist_pic": "imgs/loading.gif",
    "artist_info1": "籍贯地区：",
    "artist_info2": "所属类别：国画",
    "artist_info3": "毕业院校：天津大学研究生院、日...",
    "dbz1_title": "净土",
    "dbz1_page": "http://liuxinhua.artron.net/works_detail_brt026170500043",
    "dbz1_pic": "http://img1.artron.net/artist/A0261705/small_brt026170500043.jpg",
    "dbz2_title": "红蓼双栖",
    "dbz2_page": "http://liuxinhua.artron.net/works_detail_brt026170500044",
    "dbz2_pic": "http://img1.artron.net/artist/A0261705/small_brt026170500044.jpg",
    "dbz3_title": "晨曲",
    "dbz3_page": "http://liuxinhua.artron.net/works_detail_brt026170500045",
    "dbz3_pic": "http://img1.artron.net/artist/A0261705/small_brt026170500045.jpg"
}