{
    "name": "冯林华",
    "artist_pic": "imgs/loading.gif",
    "artist_info1": "籍贯地区：江西",
    "artist_info2": "所属类别：当代艺术",
    "artist_info3": "毕业院校：不详",
    "dbz1_title": "玫瑰",
    "dbz1_page": "http://fenglinhua.artron.net/works_detail_brt026190400001",
    "dbz1_pic": "http://img5.artron.net/artist/A0261904/small_brt026190400001.jpg",
    "dbz2_title": "傲霜有秋菊",
    "dbz2_page": "http://fenglinhua.artron.net/works_detail_brt026190400002",
    "dbz2_pic": "http://img5.artron.net/artist/A0261904/small_brt026190400002.jpg",
    "dbz3_title": "朝阳",
    "dbz3_page": "http://fenglinhua.artron.net/works_detail_brt026190400003",
    "dbz3_pic": "http://img5.artron.net/artist/A0261904/small_brt026190400003.jpg"
}