{
    "name": "史文集",
    "artist_pic": "imgs/loading.gif",
    "artist_info1": "籍贯地区：陕西",
    "artist_info2": "所属类别：国画",
    "artist_info3": "毕业院校：西安美术学院",
    "dbz1_title": "春半花才发",
    "dbz1_page": "http://shiwenji.artron.net/works_detail_brt000488800777",
    "dbz1_pic": "http://img5.artron.net/artist/A0004888/small_brt000488800777.jpg",
    "dbz2_title": "江上青山山外峰",
    "dbz2_page": "http://shiwenji.artron.net/works_detail_brt000488800778",
    "dbz2_pic": "http://img5.artron.net/artist/A0004888/small_brt000488800778.jpg",
    "dbz3_title": "终是南山隐雾心",
    "dbz3_page": "http://shiwenji.artron.net/works_detail_brt000488800779",
    "dbz3_pic": "http://img5.artron.net/artist/A0004888/small_brt000488800779.jpg"
}