{
    "name": "也墨",
    "artist_pic": "imgs/loading.gif",
    "artist_info1": "籍贯地区：广东",
    "artist_info2": "所属类别：国画",
    "artist_info3": "毕业院校：其他学校",
    "dbz1_title": "烟雨旗峰",
    "dbz1_page": "http://yemo.artron.net/works_detail_brt025906200251",
    "dbz1_pic": "http://img1.artron.net/artist/A0259062/small_brt025906200251.jpg",
    "dbz2_title": "信手泼墨写江河",
    "dbz2_page": "http://yemo.artron.net/works_detail_brt025906200249",
    "dbz2_pic": "http://img1.artron.net/artist/A0259062/small_brt025906200249.jpg",
    "dbz3_title": "措木及日冰湖入口处",
    "dbz3_page": "http://yemo.artron.net/works_detail_brt025906200982",
    "dbz3_pic": "http://img1.artron.net/artist/A0259062/small_brt025906200982.jpg"
}