{
    "name": "南海岩",
    "artist_pic": "imgs/loading.gif",
    "artist_info1": "籍贯地区：山东",
    "artist_info2": "所属类别：国画",
    "artist_info3": "毕业院校：其他学校",
    "dbz1_title": "草原姑娘",
    "dbz1_page": "http://nanhaiyan.artron.net/works_detail_brt000026300250",
    "dbz1_pic": "http://img2.artron.net/artist/A0000263/small_brt000026300250.jpg",
    "dbz2_title": "吉祥颂",
    "dbz2_page": "http://nanhaiyan.artron.net/works_detail_brt000026300251",
    "dbz2_pic": "http://img2.artron.net/artist/A0000263/small_brt000026300251.jpg",
    "dbz3_title": "微笑",
    "dbz3_page": "http://nanhaiyan.artron.net/works_detail_brt000026300252",
    "dbz3_pic": "http://img2.artron.net/artist/A0000263/small_brt000026300252.jpg"
}