{
    "name": "包洪波",
    "artist_pic": "imgs/loading.gif",
    "artist_info1": "籍贯地区：山东",
    "artist_info2": "所属类别：国画",
    "artist_info3": "毕业院校：广西艺术学院",
    "dbz1_title": "雨后溪山",
    "dbz1_page": "http://artist.artron.net/yishujia0263090/2-6910.html",
    "dbz1_pic": "http://img10.artimg.net/newart/2014/0529/1401339181_158866.jpg.small.jpg",
    "dbz2_title": "雨后山蒙",
    "dbz2_page": "http://artist.artron.net/yishujia0263090/2-6909.html",
    "dbz2_pic": "http://img10.artimg.net/newart/2014/0529/1401338702_130636.jpg.small.jpg",
    "dbz3_title": "雨后",
    "dbz3_page": "http://artist.artron.net/yishujia0263090/2-6908.html",
    "dbz3_pic": "http://img10.artimg.net/newart/2014/0529/1401338633_911124.jpg.small.jpg"
}