{
    "name": "刘西洁",
    "artist_pic": "imgs/loading.gif",
    "artist_info1": "籍贯地区：陕西",
    "artist_info2": "所属类别：国画",
    "artist_info3": "毕业院校：西安美术学院",
    "dbz1_title": "侧卧",
    "dbz1_page": "http://liuxijie.artron.net/works_detail_brt026104900001",
    "dbz1_pic": "http://img4.artron.net/artist/A0261049/small_brt026104900001.jpg",
    "dbz2_title": "倒立",
    "dbz2_page": "http://liuxijie.artron.net/works_detail_brt026104900002",
    "dbz2_pic": "http://img4.artron.net/artist/A0261049/small_brt026104900002.jpg",
    "dbz3_title": "裸形",
    "dbz3_page": "http://liuxijie.artron.net/works_detail_brt026104900003",
    "dbz3_pic": "http://img4.artron.net/artist/A0261049/small_brt026104900003.jpg"
}