{
    "name": "井士剑",
    "artist_pic": "imgs/loading.gif",
    "artist_info1": "籍贯地区：辽宁",
    "artist_info2": "所属类别：油画",
    "artist_info3": "毕业院校：中国美术学院",
    "dbz1_title": "宝俶留霞",
    "dbz1_page": "http://jingshijian.artron.net/works_detail_brt000774600552",
    "dbz1_pic": "http://img3.artron.net/artist/A0007746/small_brt000774600552.jpg",
    "dbz2_title": "翠谷鹿鸣",
    "dbz2_page": "http://jingshijian.artron.net/works_detail_brt000774600553",
    "dbz2_pic": "http://img3.artron.net/artist/A0007746/small_brt000774600553.jpg",
    "dbz3_title": "南屏晚钟",
    "dbz3_page": "http://jingshijian.artron.net/works_detail_brt000774600554",
    "dbz3_pic": "http://img3.artron.net/artist/A0007746/small_brt000774600554.jpg"
}