{
    "name": "刘小东",
    "artist_pic": "imgs/loading.gif",
    "artist_info1": "籍贯地区：辽宁",
    "artist_info2": "所属类别：油画",
    "artist_info3": "毕业院校：中央美术学院",
    "dbz1_title": "电脑领袖",
    "dbz1_page": "http://liuxiaodong.artron.net/works_detail_BRT000000013522",
    "dbz1_pic": "http://img1.artron.net/artist/A0000233/small_brt0003840011.jpg",
    "dbz2_title": "情人",
    "dbz2_page": "http://liuxiaodong.artron.net/works_detail_BRT000000013524",
    "dbz2_pic": "http://img1.artron.net/artist/A0000233/small_brt0003840013.jpg",
    "dbz3_title": "抓鸡",
    "dbz3_page": "http://liuxiaodong.artron.net/works_detail_BRT000000013528",
    "dbz3_pic": "http://img1.artron.net/artist/A0000233/small_brt0003840014.jpg"
}