{
    "name": "叶国才",
    "artist_pic": "imgs/loading.gif",
    "artist_info1": "籍贯地区：广东省",
    "artist_info2": "所属类别：国画",
    "artist_info3": "毕业院校：广州美术学院",
    "dbz1_title": "四季",
    "dbz1_page": "http://artist.artron.net/yishujia0266501/2-114583.html",
    "dbz1_pic": "http://img10.artimg.net/newart/2015/0606/1433561362_578843.jpg.small.jpg",
    "dbz2_title": "家园系列5",
    "dbz2_page": "http://artist.artron.net/yishujia0266501/2-114558.html",
    "dbz2_pic": "http://img10.artimg.net/newart/2015/0606/1433559501_774549.jpg.small.jpg",
    "dbz3_title": "家园系列4",
    "dbz3_page": "http://artist.artron.net/yishujia0266501/2-114557.html",
    "dbz3_pic": "http://img10.artimg.net/newart/2015/0606/1433559391_302593.jpg.small.jpg"
}