{
    "name": "博尚",
    "artist_pic": "imgs/loading.gif",
    "artist_info1": "籍贯地区：",
    "artist_info2": "所属类别：摄影",
    "artist_info3": "毕业院校：湖北美术学院",
    "dbz1_title": "A1",
    "dbz1_page": "http://boshang.artron.net/exhibi_p_2.php?wrkid=brt026095000001&aid=A0260950&workSortPass=62",
    "dbz1_pic": "http://img1.artron.net/artist/A0260950/small_brt026095000001.jpg",
    "dbz2_title": "A2",
    "dbz2_page": "http://boshang.artron.net/exhibi_p_2.php?wrkid=brt026095000002&aid=A0260950&workSortPass=62",
    "dbz2_pic": "http://img1.artron.net/artist/A0260950/small_brt026095000002.jpg",
    "dbz3_title": "A3",
    "dbz3_page": "http://boshang.artron.net/exhibi_p_2.php?wrkid=brt026095000003&aid=A0260950&workSortPass=62",
    "dbz3_pic": "http://img1.artron.net/artist/A0260950/small_brt026095000003.jpg"
}