{
    "name": "代大权",
    "artist_pic": "imgs/loading.gif",
    "artist_info1": "籍贯地区：北京",
    "artist_info2": "所属类别：版画",
    "artist_info3": "毕业院校：西安美术学院",
    "dbz1_title": "百年之约",
    "dbz1_page": "http://daidaquan.artron.net/works_detail_brt000078500004",
    "dbz1_pic": "http://img4.artron.net/artist/A0000785/small_brt000078500004.jpg",
    "dbz2_title": "村官候选",
    "dbz2_page": "http://daidaquan.artron.net/works_detail_brt000078500005",
    "dbz2_pic": "http://img4.artron.net/artist/A0000785/small_brt000078500005.jpg",
    "dbz3_title": "父子退伍兵",
    "dbz3_page": "http://daidaquan.artron.net/works_detail_brt000078500006",
    "dbz3_pic": "http://img4.artron.net/artist/A0000785/small_brt000078500006.jpg"
}