{
    "name": "刘春华",
    "artist_pic": "imgs/loading.gif",
    "artist_info1": "籍贯地区：辽宁",
    "artist_info2": "所属类别：油画,国画",
    "artist_info3": "毕业院校：清华大学美术学院",
    "dbz1_title": "耍猴",
    "dbz1_page": "http://liuchunhua.artron.net/works_detail_brt000349900001",
    "dbz1_pic": "http://img3.artron.net/artist/A0003499/small_brt000349900001.jpg",
    "dbz2_title": "屈子求索图",
    "dbz2_page": "http://liuchunhua.artron.net/works_detail_brt000349900002",
    "dbz2_pic": "http://img3.artron.net/artist/A0003499/small_brt000349900002.jpg",
    "dbz3_title": "街头公园",
    "dbz3_page": "http://liuchunhua.artron.net/works_detail_brt000349900003",
    "dbz3_pic": "http://img3.artron.net/artist/A0003499/small_brt000349900003.jpg"
}