{
    "name": "万一宾",
    "artist_pic": "imgs/loading.gif",
    "artist_info1": "籍贯地区：四川省",
    "artist_info2": "所属类别：其它",
    "artist_info3": "毕业院校：其他学校",
    "dbz1_title": "奶",
    "dbz1_page": "http://wanyibin.artron.net/works_detail_brt021072200001",
    "dbz1_pic": "http://img4.artron.net/artist/A0210722/small_brt021072200001.jpg",
    "dbz2_title": "三姐妹001",
    "dbz2_page": "http://wanyibin.artron.net/works_detail_brt021072200002",
    "dbz2_pic": "http://img4.artron.net/artist/A0210722/small_brt021072200002.jpg",
    "dbz3_title": "峨边汉子",
    "dbz3_page": "http://wanyibin.artron.net/works_detail_brt021072200003",
    "dbz3_pic": "http://img4.artron.net/artist/A0210722/small_brt021072200003.jpg"
}