{
    "name": "刘海粟",
    "artist_pic": "imgs/loading.gif",
    "artist_info1": "籍贯地区：安徽",
    "artist_info2": "所属类别：国画,油画,海上画派,新...",
    "artist_info3": "毕业院校：其他学校",
    "dbz1_title": "修复前的《栗树林》",
    "dbz1_page": "http://liuhaisu.artron.net/works_detail_BRT000000078194",
    "dbz1_pic": "http://img1.artron.net/artist/A0006749/small_CRT0000710005.jpg",
    "dbz2_title": "披狐皮的女孩",
    "dbz2_page": "http://liuhaisu.artron.net/works_detail_BRT000000078195",
    "dbz2_pic": "http://img1.artron.net/artist/A0006749/small_CRT0000710006.jpg",
    "dbz3_title": "西泠斜阳",
    "dbz3_page": "http://liuhaisu.artron.net/works_detail_BRT000000078196",
    "dbz3_pic": "http://img1.artron.net/artist/A0006749/small_CRT0000710007.jpg"
}