{
    "name": "刘法生",
    "artist_pic": "imgs/loading.gif",
    "artist_info1": "籍贯地区：河北省雄县",
    "artist_info2": "所属类别：国画,书法,油画",
    "artist_info3": "毕业院校：其他学校",
    "dbz1_title": "1965年建国门",
    "dbz1_page": "http://liufasheng.artron.net/works_detail_brt026246400016",
    "dbz1_pic": "http://img2.artron.net/artist/A0262464/small_brt026246400016.jpg",
    "dbz2_title": "草书日课222",
    "dbz2_page": "http://liufasheng.artron.net/works_detail_brt026246401001",
    "dbz2_pic": "http://img4.artron.net/artist/A0262464/small_brt026246401001.jpg",
    "dbz3_title": "垂杨柳农田",
    "dbz3_page": "http://liufasheng.artron.net/works_detail_brt026246400017",
    "dbz3_pic": "http://img2.artron.net/artist/A0262464/small_brt026246400017.jpg"
}