{
    "name": "卞宇杰",
    "artist_pic": "imgs/loading.gif",
    "artist_info1": "籍贯地区：新  疆",
    "artist_info2": "所属类别：工艺美术家",
    "artist_info3": "毕业院校：其他学校",
    "dbz1_title": "万佛朝宗",
    "dbz1_page": "http://artist.artron.net/yishujia0265849/2-75518.html",
    "dbz1_pic": "http://img10.artimg.net/newart/2014/1230/1419918378_156696.JPG.small.jpg",
    "dbz2_title": "求佛",
    "dbz2_page": "http://artist.artron.net/yishujia0265849/2-75492.html",
    "dbz2_pic": "http://img10.artimg.net/newart/2014/1230/1419909907_708673.jpg.small.jpg",
    "dbz3_title": "荣归故里",
    "dbz3_page": "http://artist.artron.net/yishujia0265849/2-75489.html",
    "dbz3_pic": "http://img10.artimg.net/newart/2014/1230/1419909703_811254.jpg.small.jpg"
}