{
    "name": "刘豒钟",
    "artist_pic": "imgs/loading.gif",
    "artist_info1": "籍贯地区：",
    "artist_info2": "所属类别：国画",
    "artist_info3": "毕业院校：其他学校",
    "dbz1_title": "千山尽白云",
    "dbz1_page": "http://liuzhizhong.artron.net/works_detail_brt026110400194",
    "dbz1_pic": "http://img3.artron.net/artist/A0261104/small_brt026110400194.jpg",
    "dbz2_title": "春江潮水",
    "dbz2_page": "http://liuzhizhong.artron.net/works_detail_brt026110400196",
    "dbz2_pic": "http://img3.artron.net/artist/A0261104/small_brt026110400196.jpg",
    "dbz3_title": "金秋神韵",
    "dbz3_page": "http://liuzhizhong.artron.net/works_detail_brt026110400022",
    "dbz3_pic": "http://img3.artron.net/artist/A0261104/small_brt026110400022.jpg"
}