{
    "name": "冯少协",
    "artist_pic": "imgs/loading.gif",
    "artist_info1": "籍贯地区：广东普宁",
    "artist_info2": "所属类别：油画",
    "artist_info3": "毕业院校：其他学校",
    "dbz1_title": "古老航线·海上丝绸之路",
    "dbz1_page": "http://fengshaoxie.artron.net/main.php?pFlag=exhibi_2&aid=A0138216&cate=20750&wrkid=brt013821600001#showPicTop",
    "dbz1_pic": "http://img3.artron.net/artist/A0138216/small_brt013821600001.jpg",
    "dbz2_title": "广州南沙港·今日货运",
    "dbz2_page": "http://fengshaoxie.artron.net/main.php?pFlag=exhibi_2&aid=A0138216&cate=20750&wrkid=brt013821600002#showPicTop",
    "dbz2_pic": "http://img3.artron.net/artist/A0138216/small_brt013821600002.jpg",
    "dbz3_title": "广州·南海神庙",
    "dbz3_page": "http://fengshaoxie.artron.net/main.php?pFlag=exhibi_2&aid=A0138216&cate=20750&wrkid=brt013821600003#showPicTop",
    "dbz3_pic": "http://img3.artron.net/artist/A0138216/small_brt013821600003.jpg"
}