{
    "name": "刘冠伟",
    "artist_pic": "imgs/loading.gif",
    "artist_info1": "籍贯地区：",
    "artist_info2": "所属类别：国画",
    "artist_info3": "毕业院校：天津美术学院",
    "dbz1_title": "春日融融 137cm×69cm",
    "dbz1_page": "http://artist.artron.net/yishujia0238217/2-49858.html",
    "dbz1_pic": "http://img10.artimg.net/newart/2014/1009/1412835066_580590.JPG.small.jpg",
    "dbz2_title": "野色呈秋（与霍春阳合作）69cm×46cm",
    "dbz2_page": "http://artist.artron.net/yishujia0238217/2-49824.html",
    "dbz2_pic": "http://img10.artimg.net/newart/2014/1009/1412834405_438166.JPG.small.jpg",
    "dbz3_title": "相伴（与孙琪峰老师合作）69cm×46cm",
    "dbz3_page": "http://artist.artron.net/yishujia0238217/2-49822.html",
    "dbz3_pic": "http://img10.artimg.net/newart/2014/1009/1412833787_213675.JPG.small.jpg"
}