{
    "name": "于亨",
    "artist_pic": "imgs/loading.gif",
    "artist_info1": "籍贯地区：河北省",
    "artist_info2": "所属类别：国画",
    "artist_info3": "毕业院校：中央美术学院",
    "dbz1_title": "园林甲天下",
    "dbz1_page": "http://artist.artron.net/yishujia0265987/2-61386.html",
    "dbz1_pic": "http://img10.artimg.net/newart/2014/1112/1415784178_357767.jpg.small.jpg",
    "dbz2_title": "幽香",
    "dbz2_page": "http://artist.artron.net/yishujia0265987/2-61385.html",
    "dbz2_pic": "http://img10.artimg.net/newart/2014/1112/1415784176_440166.jpg.small.jpg",
    "dbz3_title": "逸歆",
    "dbz3_page": "http://artist.artron.net/yishujia0265987/2-61384.html",
    "dbz3_pic": "http://img10.artimg.net/newart/2014/1112/1415784175_714254.jpg.small.jpg"
}