{
    "name": "凌贵元",
    "artist_pic": "imgs/loading.gif",
    "artist_info1": "籍贯地区：",
    "artist_info2": "所属类别：摄影",
    "artist_info3": "毕业院校：四川美术学院",
    "dbz1_title": "作品001",
    "dbz1_page": "http://lingguiyuan.artron.net/exhibi_p_2.php?wrkid=brt026199800001&aid=A0261998&workSortPass=62",
    "dbz1_pic": "http://img1.artron.net/artist/A0261998/small_brt026199800001.jpg",
    "dbz2_title": "作品002",
    "dbz2_page": "http://lingguiyuan.artron.net/exhibi_p_2.php?wrkid=brt026199800002&aid=A0261998&workSortPass=62",
    "dbz2_pic": "http://img1.artron.net/artist/A0261998/small_brt026199800002.jpg",
    "dbz3_title": "作品003",
    "dbz3_page": "http://lingguiyuan.artron.net/exhibi_p_2.php?wrkid=brt026199800003&aid=A0261998&workSortPass=62",
    "dbz3_pic": "http://img1.artron.net/artist/A0261998/small_brt026199800003.jpg"
}