{
    "name": "傅长敏",
    "artist_pic": "imgs/loading.gif",
    "artist_info1": "籍贯地区：",
    "artist_info2": "所属类别：当代艺术",
    "artist_info3": "毕业院校：其他学校",
    "dbz1_title": "登徒子好色赋",
    "dbz1_page": "http://fuchangmin.artron.net/works_detail_brt026202700001",
    "dbz1_pic": "http://img4.artron.net/artist/A0262027/small_brt026202700001.jpg",
    "dbz2_title": "斑斓",
    "dbz2_page": "http://fuchangmin.artron.net/works_detail_brt026202700002",
    "dbz2_pic": "http://img4.artron.net/artist/A0262027/small_brt026202700002.jpg",
    "dbz3_title": "壁障烟岚",
    "dbz3_page": "http://fuchangmin.artron.net/works_detail_brt026202700003",
    "dbz3_pic": "http://img4.artron.net/artist/A0262027/small_brt026202700003.jpg"
}