{
    "name": "刘大嗨",
    "artist_pic": "imgs/loading.gif",
    "artist_info1": "籍贯地区：湖北省",
    "artist_info2": "所属类别：油画,当代艺术",
    "artist_info3": "毕业院校：湖北美术学院",
    "dbz1_title": "生育证",
    "dbz1_page": "http://liudahai.artron.net/works_detail_brt026608900010",
    "dbz1_pic": "http://img5.artron.net/artist/A0266089/small_brt026608900010.jpg",
    "dbz2_title": "居民户口本",
    "dbz2_page": "http://liudahai.artron.net/works_detail_brt026608900011",
    "dbz2_pic": "http://img5.artron.net/artist/A0266089/small_brt026608900011.jpg",
    "dbz3_title": "毕业证",
    "dbz3_page": "http://liudahai.artron.net/works_detail_brt026608900012",
    "dbz3_pic": "http://img4.artron.net/artist/A0266089/small_brt026608900012.jpg"
}