{
    "name": "刘云生",
    "artist_pic": "imgs/loading.gif",
    "artist_info1": "籍贯地区：山东省",
    "artist_info2": "所属类别：国画",
    "artist_info3": "毕业院校：山东艺术学院",
    "dbz1_title": "阿坝藏女",
    "dbz1_page": "http://liuyunsheng.artron.net/works_detail_brt000379700001",
    "dbz1_pic": "http://img4.artron.net/artist/A0003797/small_brt000379700001.jpg",
    "dbz2_title": "白发老人",
    "dbz2_page": "http://liuyunsheng.artron.net/works_detail_brt000379700002",
    "dbz2_pic": "http://img4.artron.net/artist/A0003797/small_brt000379700002.jpg",
    "dbz3_title": "背筐的妇女",
    "dbz3_page": "http://liuyunsheng.artron.net/works_detail_brt000379700003",
    "dbz3_pic": "http://img4.artron.net/artist/A0003797/small_brt000379700003.jpg"
}