{
    "name": "冯一鸣",
    "artist_pic": "imgs/loading.gif",
    "artist_info1": "籍贯地区：浙江",
    "artist_info2": "所属类别：国画",
    "artist_info3": "毕业院校：中央美术学院",
    "dbz1_title": "心连心",
    "dbz1_page": "http://fengyiming.artron.net/works_detail_brt013566400001",
    "dbz1_pic": "http://img5.artron.net/artist/A0135664/small_brt013566400001.jpg",
    "dbz2_title": "五四风暴在天津",
    "dbz2_page": "http://fengyiming.artron.net/works_detail_brt013566400002",
    "dbz2_pic": "http://img5.artron.net/artist/A0135664/small_brt013566400002.jpg",
    "dbz3_title": "宣传画《把仇恨集中在枪膛里》",
    "dbz3_page": "http://fengyiming.artron.net/works_detail_brt013566400003",
    "dbz3_pic": "http://img5.artron.net/artist/A0135664/small_brt013566400003.jpg"
}