{
    "name": "丁嘉耕",
    "artist_pic": "imgs/loading.gif",
    "artist_info1": "籍贯地区：北京市",
    "artist_info2": "所属类别：书法",
    "artist_info3": "毕业院校：其他",
    "dbz1_title": "丁嘉耕书法作品《龙图腾舞》",
    "dbz1_page": "http://artist.artron.net/yishujia0264982/2-46411.html",
    "dbz1_pic": "http://img10.artimg.net/newart/2014/0924/1411561158_165475.jpg.small.jpg",
    "dbz2_title": "丁嘉耕书法作品《龙马精神》",
    "dbz2_page": "http://artist.artron.net/yishujia0264982/2-46120.html",
    "dbz2_pic": "http://img10.artimg.net/newart/2014/0923/1411477181_685493.JPG.small.jpg",
    "dbz3_title": "丁嘉耕书法作品《黄帝阴符经》",
    "dbz3_page": "http://artist.artron.net/yishujia0264982/2-45871.html",
    "dbz3_pic": "http://img10.artimg.net/newart/2014/0922/1411389212_634917.jpg.small.jpg"
}