{
    "name": "刘阳",
    "artist_pic": "imgs/loading.gif",
    "artist_info1": "籍贯地区：",
    "artist_info2": "所属类别：油画",
    "artist_info3": "毕业院校：",
    "dbz1_title": "地平线的迷失",
    "dbz1_page": "http://liuyang.artron.net/works_detail_brt025859400001",
    "dbz1_pic": "http://img1.artron.net/artist/A0258594/small_brt025859400001.jpg",
    "dbz2_title": "飞翔—独角兽的飞翔",
    "dbz2_page": "http://liuyang.artron.net/works_detail_brt025859400002",
    "dbz2_pic": "http://img1.artron.net/artist/A0258594/small_brt025859400002.jpg",
    "dbz3_title": "飞行器",
    "dbz3_page": "http://liuyang.artron.net/works_detail_brt025859400003",
    "dbz3_pic": "http://img1.artron.net/artist/A0258594/small_brt025859400003.jpg"
}