{
    "name": "刘珺",
    "artist_pic": "imgs/loading.gif",
    "artist_info1": "籍贯地区：甘肃",
    "artist_info2": "所属类别：国画",
    "artist_info3": "毕业院校：其他学校",
    "dbz1_title": "春韵",
    "dbz1_page": "http://liujun.artron.net/works_detail_brt000359200001",
    "dbz1_pic": "http://img1.artron.net/artist/A0003592/small_brt000359200001.jpg",
    "dbz2_title": "红色摇篮",
    "dbz2_page": "http://liujun.artron.net/works_detail_brt000359200002",
    "dbz2_pic": "http://img1.artron.net/artist/A0003592/small_brt000359200002.jpg",
    "dbz3_title": "拜石",
    "dbz3_page": "http://liujun.artron.net/works_detail_brt000359200003",
    "dbz3_pic": "http://img1.artron.net/artist/A0003592/small_brt000359200003.jpg"
}