{
    "name": "卓鹤君",
    "artist_pic": "imgs/loading.gif",
    "artist_info1": "籍贯地区：浙江肖山",
    "artist_info2": "所属类别：国画",
    "artist_info3": "毕业院校：中国美术学院",
    "dbz1_title": "行云流水图",
    "dbz1_page": "http://artist.artron.net/yishujia0000201/2-52864.html",
    "dbz1_pic": "http://img10.artimg.net/newart/2014/1020/1413818138_569111.jpg.small.jpg",
    "dbz2_title": "浙南山水",
    "dbz2_page": "http://artist.artron.net/yishujia0000201/2-52863.html",
    "dbz2_pic": "http://img10.artimg.net/newart/2014/1020/1413818135_616382.jpg.small.jpg",
    "dbz3_title": "醉雨",
    "dbz3_page": "http://artist.artron.net/yishujia0000201/2-52862.html",
    "dbz3_pic": "http://img10.artimg.net/newart/2014/1020/1413818131_822753.jpg.small.jpg"
}