{
    "name": "丁密金",
    "artist_pic": "imgs/loading.gif",
    "artist_info1": "籍贯地区：",
    "artist_info2": "所属类别：国画",
    "artist_info3": "毕业院校：湖北美术学院",
    "dbz1_title": "流风",
    "dbz1_page": "http://dingmijin.artron.net/works_detail_brt026497300001",
    "dbz1_pic": "http://img3.artron.net/artist/A0264973/small_brt026497300001.jpg",
    "dbz2_title": "一路风行",
    "dbz2_page": "http://dingmijin.artron.net/works_detail_brt026497300002",
    "dbz2_pic": "http://img3.artron.net/artist/A0264973/small_brt026497300002.jpg",
    "dbz3_title": "边走边看",
    "dbz3_page": "http://dingmijin.artron.net/works_detail_brt026497300003",
    "dbz3_pic": "http://img3.artron.net/artist/A0264973/small_brt026497300003.jpg"
}