{
    "name": "刘野",
    "artist_pic": "imgs/loading.gif",
    "artist_info1": "籍贯地区：北京",
    "artist_info2": "所属类别：油画,水粉水彩",
    "artist_info3": "毕业院校：德国柏林艺术学院",
    "dbz1_title": "再见　蒙德里安",
    "dbz1_page": "http://liuye.artron.net/works_detail_BRT000000001845",
    "dbz1_pic": "http://img1.artron.net/artist/A0000083/small_brt0001440001.jpg",
    "dbz2_title": "Lolita",
    "dbz2_page": "http://liuye.artron.net/works_detail_brt000008300001",
    "dbz2_pic": "http://img1.artron.net/artist/A0000083/small_brt000008300001.jpg",
    "dbz3_title": "剑",
    "dbz3_page": "http://liuye.artron.net/works_detail_BRT000000001846",
    "dbz3_pic": "http://img1.artron.net/artist/A0000083/small_brt0001440009.jpg"
}