{
    "name": "任惠中",
    "artist_pic": "imgs/loading.gif",
    "artist_info1": "籍贯地区：山东",
    "artist_info2": "所属类别：国画",
    "artist_info3": "毕业院校：中央美术学院",
    "dbz1_title": "记录",
    "dbz1_page": "http://renhuizhong.artron.net/works_detail_brt000671500248",
    "dbz1_pic": "http://img2.artron.net/artist/A0006715/small_brt000671500248.jpg",
    "dbz2_title": "三个汉子",
    "dbz2_page": "http://renhuizhong.artron.net/works_detail_brt000671500007",
    "dbz2_pic": "http://img1.artron.net/artist/A0006715/small_brt000671500007.jpg",
    "dbz3_title": "盛世（局部2）",
    "dbz3_page": "http://renhuizhong.artron.net/works_detail_brt000671500250",
    "dbz3_pic": "http://img2.artron.net/artist/A0006715/small_brt000671500250.jpg"
}