{
    "name": "何子（何志强）",
    "artist_pic": "imgs/loading.gif",
    "artist_info1": "籍贯地区：浙江山阴",
    "artist_info2": "所属类别：国画,书法,油画",
    "artist_info3": "毕业院校：中央美院华东分院",
    "dbz1_title": "作品080",
    "dbz1_page": "http://hezi.artron.net/main.php?pFlag=exhibi_2&aid=A0261513&cate=9720&wrkid=brt026151300088#showPicTop",
    "dbz1_pic": "http://img4.artron.net/artist/A0261513/small_brt026151300088.jpg",
    "dbz2_title": "作品081",
    "dbz2_page": "http://hezi.artron.net/main.php?pFlag=exhibi_2&aid=A0261513&cate=9720&wrkid=brt026151300089#showPicTop",
    "dbz2_pic": "http://img4.artron.net/artist/A0261513/small_brt026151300089.jpg",
    "dbz3_title": "作品082",
    "dbz3_page": "http://hezi.artron.net/main.php?pFlag=exhibi_2&aid=A0261513&cate=9720&wrkid=brt026151300090#showPicTop",
    "dbz3_pic": "http://img4.artron.net/artist/A0261513/small_brt026151300090.jpg"
}