{
    "name": "刘春杰",
    "artist_pic": "imgs/loading.gif",
    "artist_info1": "籍贯地区：",
    "artist_info2": "所属类别：其它,版画",
    "artist_info3": "毕业院校：其他学校",
    "dbz1_title": "快乐老家",
    "dbz1_page": "http://liuchunjie.artron.net/works_detail_brt000350000001",
    "dbz1_pic": "http://img4.artron.net/artist/A0003500/small_brt000350000001.jpg",
    "dbz2_title": "我那温暖的故乡",
    "dbz2_page": "http://liuchunjie.artron.net/works_detail_brt000350000003",
    "dbz2_pic": "http://img4.artron.net/artist/A0003500/small_brt000350000003.jpg",
    "dbz3_title": "过客匆匆",
    "dbz3_page": "http://liuchunjie.artron.net/works_detail_brt000350000004",
    "dbz3_pic": "http://img4.artron.net/artist/A0003500/small_brt000350000004.jpg"
}