{
    "name": "乔通",
    "artist_pic": "imgs/loading.gif",
    "artist_info1": "籍贯地区：山西省",
    "artist_info2": "所属类别：国画",
    "artist_info3": "毕业院校：国社会科学院研究生院",
    "dbz1_title": "香苞冷透波心月,绿叶轻摇水面风。出未出时君看取,都庐只在一池中",
    "dbz1_page": "http://artist.artron.net/yishujia0264624/2-92727.html",
    "dbz1_pic": "http://img10.artimg.net/newart/2015/0310/1425975740_427986.jpg.small.jpg",
    "dbz2_title": "众生诸佛不相侵,山自高兮水自深。万别千差明底事,鹧鸪啼处百花新",
    "dbz2_page": "http://artist.artron.net/yishujia0264624/2-92726.html",
    "dbz2_pic": "http://img10.artimg.net/newart/2015/0310/1425975734_707734.jpg.small.jpg",
    "dbz3_title": "天地一家人，福寿满堂春",
    "dbz3_page": "http://artist.artron.net/yishujia0264624/2-92725.html",
    "dbz3_pic": "http://img10.artimg.net/newart/2015/0310/1425975725_963851.jpg.small.jpg"
}