{
    "name": "于兵",
    "artist_pic": "imgs/loading.gif",
    "artist_info1": "籍贯地区：吉林省",
    "artist_info2": "所属类别：国画",
    "artist_info3": "毕业院校：长春大学",
    "dbz1_title": "五彩映长白2",
    "dbz1_page": "http://yubing.artron.net/works_detail_brt026131500084",
    "dbz1_pic": "http://img1.artron.net/artist/A0261315/small_brt026131500084.jpg",
    "dbz2_title": "秋色赋",
    "dbz2_page": "http://yubing.artron.net/works_detail_brt026131500085",
    "dbz2_pic": "http://img1.artron.net/artist/A0261315/small_brt026131500085.jpg",
    "dbz3_title": "长白揽胜",
    "dbz3_page": "http://yubing.artron.net/works_detail_brt026131500086",
    "dbz3_pic": "http://img1.artron.net/artist/A0261315/small_brt026131500086.jpg"
}