{
    "name": "Ninu wu",
    "artist_pic": "imgs/loading.gif",
    "artist_info1": "籍贯地区：上海市",
    "artist_info2": "所属类别：油画",
    "artist_info3": "毕业院校：其他学校",
    "dbz1_title": "迁",
    "dbz1_page": "http://artist.artron.net/yishujia0265750/2-108201.html",
    "dbz1_pic": "http://img10.artimg.net/newart/2015/0512/1431436179_433372.jpg.small.jpg",
    "dbz2_title": "乾坤清宁",
    "dbz2_page": "http://artist.artron.net/yishujia0265750/2-108202.html",
    "dbz2_pic": "http://img10.artimg.net/newart/2015/0512/1431436180_159389.jpg.small.jpg",
    "dbz3_title": "百福同春",
    "dbz3_page": "http://artist.artron.net/yishujia0265750/2-108200.html",
    "dbz3_pic": "http://img10.artimg.net/newart/2015/0512/1431436178_818555.jpg.small.jpg"
}