{
    "name": "刘昌潮",
    "artist_pic": "imgs/loading.gif",
    "artist_info1": "籍贯地区：广东",
    "artist_info2": "所属类别：国画",
    "artist_info3": "毕业院校：其他学校",
    "dbz1_title": "结庐溪滨图",
    "dbz1_page": "http://liuchangchao.artron.net/works_detail_brt000348900001",
    "dbz1_pic": "http://img4.artron.net/artist/A0003489/small_brt000348900001.jpg",
    "dbz2_title": "竹石图",
    "dbz2_page": "http://liuchangchao.artron.net/works_detail_brt000348900002",
    "dbz2_pic": "http://img4.artron.net/artist/A0003489/small_brt000348900002.jpg",
    "dbz3_title": "高山仰止图",
    "dbz3_page": "http://liuchangchao.artron.net/works_detail_brt000348900003",
    "dbz3_pic": "http://img4.artron.net/artist/A0003489/small_brt000348900003.jpg"
}