{
    "name": "吕中元",
    "artist_pic": "imgs/loading.gif",
    "artist_info1": "籍贯地区：",
    "artist_info2": "所属类别：油画",
    "artist_info3": "毕业院校：日本东京学艺大学",
    "dbz1_title": "残照",
    "dbz1_page": "http://lvzhongyuan.artron.net/works_detail_brt025994100001",
    "dbz1_pic": "http://img1.artron.net/artist/A0259941/small_brt025994100001.jpg",
    "dbz2_title": "晨雾",
    "dbz2_page": "http://lvzhongyuan.artron.net/works_detail_brt025994100002",
    "dbz2_pic": "http://img1.artron.net/artist/A0259941/small_brt025994100002.jpg",
    "dbz3_title": "炊烟",
    "dbz3_page": "http://lvzhongyuan.artron.net/works_detail_brt025994100003",
    "dbz3_pic": "http://img4.artron.net/artist/A0259941/small_brt025994100003.jpg"
}