{
    "name": "刘锁祥",
    "artist_pic": "imgs/loading.gif",
    "artist_info1": "籍贯地区：",
    "artist_info2": "所属类别：书法",
    "artist_info3": "毕业院校：其它学校",
    "dbz1_title": "行书中堂",
    "dbz1_page": "http://liusuoxiang.artron.net/works_detail_brt026472100001",
    "dbz1_pic": "http://img5.artron.net/artist/A0264721/small_brt026472100001.jpg",
    "dbz2_title": "文墨春秋",
    "dbz2_page": "http://liusuoxiang.artron.net/works_detail_brt026472100002",
    "dbz2_pic": "http://img5.artron.net/artist/A0264721/small_brt026472100002.jpg",
    "dbz3_title": "行书横批自撰文《敬启功先生书作有感》",
    "dbz3_page": "http://liusuoxiang.artron.net/works_detail_brt026472100003",
    "dbz3_pic": "http://img5.artron.net/artist/A0264721/small_brt026472100003.jpg"
}