{
    "name": "冯钟云",
    "artist_pic": "imgs/loading.gif",
    "artist_info1": "籍贯地区：",
    "artist_info2": "所属类别：国画",
    "artist_info3": "毕业院校：中央美术学院",
    "dbz1_title": "花瓶中的春色",
    "dbz1_page": "http://fengzhongyun.artron.net/works_detail_brt025275000001",
    "dbz1_pic": "http://img4.artron.net/artist/A0252750/small_brt025275000001.jpg",
    "dbz2_title": "山居图",
    "dbz2_page": "http://fengzhongyun.artron.net/works_detail_brt025275000002",
    "dbz2_pic": "http://img4.artron.net/artist/A0252750/small_brt025275000002.jpg",
    "dbz3_title": "鸽",
    "dbz3_page": "http://fengzhongyun.artron.net/works_detail_brt025275000003",
    "dbz3_pic": "http://img4.artron.net/artist/A0252750/small_brt025275000003.jpg"
}