{
    "name": "冷冰川",
    "artist_pic": "imgs/loading.gif",
    "artist_info1": "籍贯地区：",
    "artist_info2": "所属类别：油画",
    "artist_info3": "毕业院校：荷兰国立米纳瓦设计艺...",
    "dbz1_title": "大音",
    "dbz1_page": "http://lengbingchuan.artron.net/works_detail_brt000224100207",
    "dbz1_pic": "http://img5.artron.net/artist/A0002241/small_brt000224100207.jpg",
    "dbz2_title": "五桃",
    "dbz2_page": "http://lengbingchuan.artron.net/works_detail_brt000224100208",
    "dbz2_pic": "http://img5.artron.net/artist/A0002241/small_brt000224100208.jpg",
    "dbz3_title": "夜雨江南",
    "dbz3_page": "http://lengbingchuan.artron.net/works_detail_brt000224100209",
    "dbz3_pic": "http://img5.artron.net/artist/A0002241/small_brt000224100209.jpg"
}