{
    "name": "何建成",
    "artist_pic": "imgs/loading.gif",
    "artist_info1": "籍贯地区：",
    "artist_info2": "所属类别：油画",
    "artist_info3": "毕业院校：广州美术学院",
    "dbz1_title": "乾象系列之--天空",
    "dbz1_page": "http://hejiancheng.artron.net/works_detail_BRT000000014631",
    "dbz1_pic": "http://img1.artron.net/artist/A0007066/small_brt0005740001.jpg",
    "dbz2_title": "天爱",
    "dbz2_page": "http://hejiancheng.artron.net/works_detail_BRT000000014632",
    "dbz2_pic": "http://img1.artron.net/artist/A0007066/small_brt0005740002.jpg",
    "dbz3_title": "月亮",
    "dbz3_page": "http://hejiancheng.artron.net/works_detail_BRT000000014633",
    "dbz3_pic": "http://img1.artron.net/artist/A0007066/small_brt0005740003.jpg"
}