{
    "name": "伊萨耶夫·根纳季·阿纳托利耶维奇",
    "artist_pic": "imgs/loading.gif",
    "artist_info1": "籍贯地区：",
    "artist_info2": "所属类别：油画",
    "artist_info3": "毕业院校：其他学校",
    "dbz1_title": "有树的风景",
    "dbz1_page": "http://isaev_g_a.artron.net/main.php?pFlag=exhibi_2&aid=A0262373&cate=14234&wrkid=brt026237300001#showPicTop",
    "dbz1_pic": "http://img2.artron.net/artist/A0262373/small_brt026237300001.jpg",
    "dbz2_title": "乡村道路",
    "dbz2_page": "http://isaev_g_a.artron.net/main.php?pFlag=exhibi_2&aid=A0262373&cate=14234&wrkid=brt026237300002#showPicTop",
    "dbz2_pic": "http://img2.artron.net/artist/A0262373/small_brt026237300002.jpg",
    "dbz3_title": "有马的风景",
    "dbz3_page": "http://isaev_g_a.artron.net/main.php?pFlag=exhibi_2&aid=A0262373&cate=14234&wrkid=brt026237300003#showPicTop",
    "dbz3_pic": "http://img2.artron.net/artist/A0262373/small_brt026237300003.jpg"
}