{
    "name": "任晓军",
    "artist_pic": "imgs/loading.gif",
    "artist_info1": "籍贯地区：山西阳泉",
    "artist_info2": "所属类别：国画",
    "artist_info3": "毕业院校：山西大学美术学院",
    "dbz1_title": "花鸟长卷001",
    "dbz1_page": "http://renxiaojun.artron.net/works_detail_brt000464300001",
    "dbz1_pic": "http://img2.artron.net/artist/A0004643/small_brt000464300001.jpg",
    "dbz2_title": "花鸟长卷002",
    "dbz2_page": "http://renxiaojun.artron.net/works_detail_brt000464300002",
    "dbz2_pic": "http://img2.artron.net/artist/A0004643/small_brt000464300002.jpg",
    "dbz3_title": "花鸟长卷003",
    "dbz3_page": "http://renxiaojun.artron.net/works_detail_brt000464300006",
    "dbz3_pic": "http://img2.artron.net/artist/A0004643/small_brt000464300006.jpg"
}