{
    "name": "刘晓光",
    "artist_pic": "imgs/loading.gif",
    "artist_info1": "籍贯地区：吉林",
    "artist_info2": "所属类别：其它",
    "artist_info3": "毕业院校：吉林艺术学院",
    "dbz1_title": "《当代油画》人物专辑001",
    "dbz1_page": "http://liuxiaoguang.artron.net/works_detail_brt000373100001",
    "dbz1_pic": "http://img1.artron.net/artist/A0003731/small_brt000373100001.jpg",
    "dbz2_title": "《当代油画》人物专辑002",
    "dbz2_page": "http://liuxiaoguang.artron.net/works_detail_brt000373100002",
    "dbz2_pic": "http://img1.artron.net/artist/A0003731/small_brt000373100002.jpg",
    "dbz3_title": "《当代油画》人物专辑003",
    "dbz3_page": "http://liuxiaoguang.artron.net/works_detail_brt000373100003",
    "dbz3_pic": "http://img1.artron.net/artist/A0003731/small_brt000373100003.jpg"
}