{
    "name": "刘继彪",
    "artist_pic": "imgs/loading.gif",
    "artist_info1": "籍贯地区：",
    "artist_info2": "所属类别：国画",
    "artist_info3": "毕业院校：其它学校",
    "dbz1_title": "悄悄话",
    "dbz1_page": "http://liujibiao.artron.net/works_detail_brt026341500001",
    "dbz1_pic": "http://img2.artron.net/artist/A0263415/small_brt026341500001.jpg",
    "dbz2_title": "双雄",
    "dbz2_page": "http://liujibiao.artron.net/works_detail_brt026341500002",
    "dbz2_pic": "http://img2.artron.net/artist/A0263415/small_brt026341500002.jpg",
    "dbz3_title": "兄弟",
    "dbz3_page": "http://liujibiao.artron.net/works_detail_brt026341500003",
    "dbz3_pic": "http://img2.artron.net/artist/A0263415/small_brt026341500003.jpg"
}