{
    "name": "叶健",
    "artist_pic": "imgs/loading.gif",
    "artist_info1": "籍贯地区：",
    "artist_info2": "所属类别：国画",
    "artist_info3": "毕业院校：中央工艺美术学院",
    "dbz1_title": "花季的祈祷NO1",
    "dbz1_page": "http://yejian.artron.net/works_detail_brt026066700032",
    "dbz1_pic": "http://img3.artron.net/artist/A0260667/small_brt026066700032.jpg",
    "dbz2_title": "花季的祈祷NO2",
    "dbz2_page": "http://yejian.artron.net/works_detail_brt026066700033",
    "dbz2_pic": "http://img3.artron.net/artist/A0260667/small_brt026066700033.jpg",
    "dbz3_title": "蘧蘧之5",
    "dbz3_page": "http://yejian.artron.net/works_detail_brt026066700034",
    "dbz3_pic": "http://img3.artron.net/artist/A0260667/small_brt026066700034.jpg"
}