{
    "name": "余石",
    "artist_pic": "imgs/loading.gif",
    "artist_info1": "籍贯地区：上海市",
    "artist_info2": "所属类别：国画",
    "artist_info3": "毕业院校：其他学校",
    "dbz1_title": "水墨4 46*55cm 1998年",
    "dbz1_page": "http://artist.artron.net/yishujia0266344/2-100665.html",
    "dbz1_pic": "http://img10.artimg.net/newart/2015/0415/1429080372_256058.jpg.small.jpg",
    "dbz2_title": "水墨3 46*55cm 1998年",
    "dbz2_page": "http://artist.artron.net/yishujia0266344/2-100664.html",
    "dbz2_pic": "http://img10.artimg.net/newart/2015/0415/1429080308_589245.jpg.small.jpg",
    "dbz3_title": "水墨2 36*68cm 1998年",
    "dbz3_page": "http://artist.artron.net/yishujia0266344/2-100663.html",
    "dbz3_pic": "http://img10.artimg.net/newart/2015/0415/1429080241_360977.jpg.small.jpg"
}