{
    "name": "于大伟",
    "artist_pic": "imgs/loading.gif",
    "artist_info1": "籍贯地区：",
    "artist_info2": "所属类别：当代艺术",
    "artist_info3": "毕业院校：法国里昂实用艺术学院",
    "dbz1_title": "大物化境系列作品001",
    "dbz1_page": "http://yudawei.artron.net/works_detail_brt026261300001",
    "dbz1_pic": "http://img4.artron.net/artist/A0262613/small_brt026261300001.jpg",
    "dbz2_title": "大物化境系列作品002",
    "dbz2_page": "http://yudawei.artron.net/works_detail_brt026261300002",
    "dbz2_pic": "http://img4.artron.net/artist/A0262613/small_brt026261300002.jpg",
    "dbz3_title": "大物化境系列作品003",
    "dbz3_page": "http://yudawei.artron.net/works_detail_brt026261300003",
    "dbz3_pic": "http://img4.artron.net/artist/A0262613/small_brt026261300003.jpg"
}