{
    "name": "刘亚明",
    "artist_pic": "imgs/loading.gif",
    "artist_info1": "籍贯地区：四川",
    "artist_info2": "所属类别：油画",
    "artist_info3": "毕业院校：其他学校",
    "dbz1_title": "《苍穹之眼》",
    "dbz1_page": "http://liuyaming.artron.net/works_detail_brt000027000210",
    "dbz1_pic": "http://img5.artron.net/artist/A0000270/small_brt000027000210.jpg",
    "dbz2_title": "《通向众冥的自由之路》完整版",
    "dbz2_page": "http://liuyaming.artron.net/works_detail_brt000027000081",
    "dbz2_pic": "http://img2.artron.net/artist/A0000270/small_brt000027000081.jpg",
    "dbz3_title": "暖光",
    "dbz3_page": "http://liuyaming.artron.net/works_detail_brt000027000097",
    "dbz3_pic": "http://img2.artron.net/artist/A0000270/small_brt000027000097.jpg"
}