{
    "name": "刘珍清",
    "artist_pic": "imgs/loading.gif",
    "artist_info1": "籍贯地区：湖北",
    "artist_info2": "所属类别：油画",
    "artist_info3": "毕业院校：其它学校",
    "dbz1_title": "冰魂",
    "dbz1_page": "http://liuzhenqing.artron.net/works_detail_brt026400400001",
    "dbz1_pic": "http://img3.artron.net/artist/A0264004/small_brt026400400001.jpg",
    "dbz2_title": "流翠",
    "dbz2_page": "http://liuzhenqing.artron.net/works_detail_brt026400400002",
    "dbz2_pic": "http://img3.artron.net/artist/A0264004/small_brt026400400002.jpg",
    "dbz3_title": "溪山万壑",
    "dbz3_page": "http://liuzhenqing.artron.net/works_detail_brt026400400003",
    "dbz3_pic": "http://img3.artron.net/artist/A0264004/small_brt026400400003.jpg"
}