{
    "name": "乐林",
    "artist_pic": "imgs/loading.gif",
    "artist_info1": "籍贯地区：四川郫县",
    "artist_info2": "所属类别：其它",
    "artist_info3": "毕业院校：其它学校",
    "dbz1_title": "墨竹1",
    "dbz1_page": "http://artist.artron.net/yishujia0221055/2-29606.html",
    "dbz1_pic": "http://img10.artimg.net/newart/2014/0806/1407296774_610165.jpg.small.jpg",
    "dbz2_title": "墨竹2",
    "dbz2_page": "http://artist.artron.net/yishujia0221055/2-29605.html",
    "dbz2_pic": "http://img10.artimg.net/newart/2014/0806/1407296731_506974.jpg.small.jpg",
    "dbz3_title": "墨竹3",
    "dbz3_page": "http://artist.artron.net/yishujia0221055/2-29604.html",
    "dbz3_pic": "http://img10.artimg.net/newart/2014/0806/1407296717_901412.jpg.small.jpg"
}