{
    "name": "于衍堂",
    "artist_pic": "imgs/loading.gif",
    "artist_info1": "籍贯地区：山东潍坊",
    "artist_info2": "所属类别：国画",
    "artist_info3": "毕业院校：中央美术学院",
    "dbz1_title": "多子图",
    "dbz1_page": "http://yuyantang.artron.net/works_detail_brt026576700001",
    "dbz1_pic": "http://img4.artron.net/artist/A0265767/small_brt026576700001.jpg",
    "dbz2_title": "母子图",
    "dbz2_page": "http://yuyantang.artron.net/works_detail_brt026576700002",
    "dbz2_pic": "http://img4.artron.net/artist/A0265767/small_brt026576700002.jpg",
    "dbz3_title": "母子图",
    "dbz3_page": "http://yuyantang.artron.net/works_detail_brt026576700003",
    "dbz3_pic": "http://img4.artron.net/artist/A0265767/small_brt026576700003.jpg"
}