{
    "name": "冯聚成",
    "artist_pic": "imgs/loading.gif",
    "artist_info1": "籍贯地区：山东省",
    "artist_info2": "所属类别：其它",
    "artist_info3": "毕业院校：其他学校",
    "dbz1_title": "白云深处有人家",
    "dbz1_page": "http://fengjucheng.artron.net/works_detail_brt020887300001",
    "dbz1_pic": "http://img5.artron.net/artist/A0208873/small_brt020887300001.jpg",
    "dbz2_title": "万里翠烟抒君怀",
    "dbz2_page": "http://fengjucheng.artron.net/works_detail_brt020887300002",
    "dbz2_pic": "http://img5.artron.net/artist/A0208873/small_brt020887300002.jpg",
    "dbz3_title": "唯有山乡最怡情",
    "dbz3_page": "http://fengjucheng.artron.net/works_detail_brt020887300003",
    "dbz3_pic": "http://img5.artron.net/artist/A0208873/small_brt020887300003.jpg"
}