{
    "name": "关奇",
    "artist_pic": "imgs/loading.gif",
    "artist_info1": "籍贯地区：安徽颍上",
    "artist_info2": "所属类别：国画",
    "artist_info3": "毕业院校：其它学校",
    "dbz1_title": "碧山清泉",
    "dbz1_page": "http://guanqi.artron.net/works_detail_brt026492700001",
    "dbz1_pic": "http://img3.artron.net/artist/A0264927/small_brt026492700001.jpg",
    "dbz2_title": "碧月清辉-集体创作",
    "dbz2_page": "http://guanqi.artron.net/works_detail_brt026492700002",
    "dbz2_pic": "http://img3.artron.net/artist/A0264927/small_brt026492700002.jpg",
    "dbz3_title": "春暖江波",
    "dbz3_page": "http://guanqi.artron.net/works_detail_brt026492700003",
    "dbz3_pic": "http://img3.artron.net/artist/A0264927/small_brt026492700003.jpg"
}