{
    "name": "刘建中（油画）",
    "artist_pic": "imgs/loading.gif",
    "artist_info1": "籍贯地区：豫东芒砀山",
    "artist_info2": "所属类别：油画",
    "artist_info3": "毕业院校：其它学校",
    "dbz1_title": "天堂之乡1",
    "dbz1_page": "http://liujianzhong.artron.net/works_detail_brt026645400105",
    "dbz1_pic": "http://img1.artron.net/artist/A0266454/small_brt026645400105.jpg",
    "dbz2_title": "天堂之乡2",
    "dbz2_page": "http://liujianzhong.artron.net/works_detail_brt026645400106",
    "dbz2_pic": "http://img1.artron.net/artist/A0266454/small_brt026645400106.jpg",
    "dbz3_title": "厚土",
    "dbz3_page": "http://liujianzhong.artron.net/works_detail_brt026645400001",
    "dbz3_pic": "http://img3.artron.net/artist/A0266454/small_brt026645400001.jpg"
}