{
    "name": "刘勐",
    "artist_pic": "imgs/loading.gif",
    "artist_info1": "籍贯地区：江西",
    "artist_info2": "所属类别：其它",
    "artist_info3": "毕业院校：鲁迅美术学院",
    "dbz1_title": "都市系列",
    "dbz1_page": "http://liumeng.artron.net/works_detail_brt000362100001",
    "dbz1_pic": "http://img1.artron.net/artist/A0003621/small_brt000362100001.jpg",
    "dbz2_title": "大西山",
    "dbz2_page": "http://liumeng.artron.net/works_detail_brt000362100002",
    "dbz2_pic": "http://img1.artron.net/artist/A0003621/small_brt000362100002.jpg",
    "dbz3_title": "秋天的故事",
    "dbz3_page": "http://liumeng.artron.net/works_detail_brt000362100003",
    "dbz3_pic": "http://img1.artron.net/artist/A0003621/small_brt000362100003.jpg"
}