{
    "name": "刘紫岗",
    "artist_pic": "imgs/loading.gif",
    "artist_info1": "籍贯地区：河南洛阳",
    "artist_info2": "所属类别：其它",
    "artist_info3": "毕业院校：其它学校",
    "dbz1_title": "老子出关",
    "dbz1_page": "http://liuzigang.artron.net/works_detail_brt000756300001",
    "dbz1_pic": "http://img2.artron.net/artist/A0007563/small_brt000756300001.jpg",
    "dbz2_title": "豪情一往.剑可赠人",
    "dbz2_page": "http://liuzigang.artron.net/works_detail_brt000756300002",
    "dbz2_pic": "http://img2.artron.net/artist/A0007563/small_brt000756300002.jpg",
    "dbz3_title": "观音之一",
    "dbz3_page": "http://liuzigang.artron.net/works_detail_brt000756300003",
    "dbz3_pic": "http://img2.artron.net/artist/A0007563/small_brt000756300003.jpg"
}