{
    "name": "刘选让",
    "artist_pic": "imgs/loading.gif",
    "artist_info1": "籍贯地区：",
    "artist_info2": "所属类别：国画",
    "artist_info3": "毕业院校：西安美术学院",
    "dbz1_title": "巴扎途中一路歌",
    "dbz1_page": "http://liuxuanrang.artron.net/works_detail_brt000374600001",
    "dbz1_pic": "http://img2.artron.net/artist/A0003746/small_brt000374600001.jpg",
    "dbz2_title": "心曲",
    "dbz2_page": "http://liuxuanrang.artron.net/works_detail_brt000374600002",
    "dbz2_pic": "http://img2.artron.net/artist/A0003746/small_brt000374600002.jpg",
    "dbz3_title": "大漠情",
    "dbz3_page": "http://liuxuanrang.artron.net/works_detail_brt000374600003",
    "dbz3_pic": "http://img2.artron.net/artist/A0003746/small_brt000374600003.jpg"
}