{
    "name": "于友善",
    "artist_pic": "imgs/loading.gif",
    "artist_info1": "籍贯地区：山东乳山",
    "artist_info2": "所属类别：其它",
    "artist_info3": "毕业院校：南京艺术学院",
    "dbz1_title": "41_副本",
    "dbz1_page": "http://artist.artron.net/yishujia0211605/2-7893.html",
    "dbz1_pic": "http://img10.artimg.net/newart/2014/0609/1402250190_997677.jpg.small.jpg",
    "dbz2_title": "40_副本",
    "dbz2_page": "http://artist.artron.net/yishujia0211605/2-7892.html",
    "dbz2_pic": "http://img10.artimg.net/newart/2014/0609/1402250187_729815.jpg.small.jpg",
    "dbz3_title": "39_副本",
    "dbz3_page": "http://artist.artron.net/yishujia0211605/2-7891.html",
    "dbz3_pic": "http://img10.artimg.net/newart/2014/0609/1402250184_411611.jpg.small.jpg"
}