{
    "name": "任志忠",
    "artist_pic": "imgs/loading.gif",
    "artist_info1": "籍贯地区：陕西",
    "artist_info2": "所属类别：油画",
    "artist_info3": "毕业院校：中国美院",
    "dbz1_title": "《温暖的记忆》",
    "dbz1_page": "http://renzhizhong.artron.net/works_detail_brt026258200128",
    "dbz1_pic": "http://img1.artron.net/artist/A0262582/small_brt026258200128.jpg",
    "dbz2_title": "《温暖的记忆》局部之一",
    "dbz2_page": "http://renzhizhong.artron.net/works_detail_brt026258200129",
    "dbz2_pic": "http://img1.artron.net/artist/A0262582/small_brt026258200129.jpg",
    "dbz3_title": "《温暖的记忆》局部之二",
    "dbz3_page": "http://renzhizhong.artron.net/works_detail_brt026258200130",
    "dbz3_pic": "http://img1.artron.net/artist/A0262582/small_brt026258200130.jpg"
}