{
    "name": "刘根生",
    "artist_pic": "imgs/loading.gif",
    "artist_info1": "籍贯地区：",
    "artist_info2": "所属类别：其它",
    "artist_info3": "毕业院校：鲁迅美术学院",
    "dbz1_title": "峥嵘岁月",
    "dbz1_page": "http://liugensheng.artron.net/works_detail_brt000353200001",
    "dbz1_pic": "http://img5.artron.net/artist/A0003532/small_brt000353200001.jpg",
    "dbz2_title": "二人转",
    "dbz2_page": "http://liugensheng.artron.net/works_detail_brt000353200002",
    "dbz2_pic": "http://img5.artron.net/artist/A0003532/small_brt000353200002.jpg",
    "dbz3_title": "正月里",
    "dbz3_page": "http://liugensheng.artron.net/works_detail_brt000353200003",
    "dbz3_pic": "http://img5.artron.net/artist/A0003532/small_brt000353200003.jpg"
}