{
    "name": "关慧仪",
    "artist_pic": "imgs/loading.gif",
    "artist_info1": "籍贯地区：",
    "artist_info2": "所属类别：国画",
    "artist_info3": "毕业院校：其它学校",
    "dbz1_title": "动漫cosplay<br>Animation Costume Play",
    "dbz1_page": "http://guanhuiyi.artron.net/works_detail_brt026260100001",
    "dbz1_pic": "http://img1.artron.net/artist/A0262601/small_brt026260100001.jpg",
    "dbz2_title": "动漫cosplay局部",
    "dbz2_page": "http://guanhuiyi.artron.net/works_detail_brt026260100002",
    "dbz2_pic": "http://img1.artron.net/artist/A0262601/small_brt026260100002.jpg",
    "dbz3_title": "竖琴曲《幻想随风》<br>Harp Melody“Fantasy in the Wind”",
    "dbz3_page": "http://guanhuiyi.artron.net/works_detail_brt026260100003",
    "dbz3_pic": "http://img1.artron.net/artist/A0262601/small_brt026260100003.jpg"
}