{
    "name": "何炳钦",
    "artist_pic": "imgs/loading.gif",
    "artist_info1": "籍贯地区：江西婺源",
    "artist_info2": "所属类别：其它",
    "artist_info3": "毕业院校：其它学校",
    "dbz1_title": "何炳钦  律动  15头咖啡具(景德镇日用瓷大赛一等奖）",
    "dbz1_page": "http://artist.artron.net/yishujia0226359/2-64809.html",
    "dbz1_pic": "http://img10.artimg.net/newart/2014/1126/1416968742_588342.jpg.small.jpg",
    "dbz2_title": "何炳钦  春絮  15头咖啡具",
    "dbz2_page": "http://artist.artron.net/yishujia0226359/2-64808.html",
    "dbz2_pic": "http://img10.artimg.net/newart/2014/1126/1416968725_339287.jpg.small.jpg",
    "dbz3_title": "何炳炊  和谐  15头咖啡具-",
    "dbz3_page": "http://artist.artron.net/yishujia0226359/2-64807.html",
    "dbz3_pic": "http://img10.artimg.net/newart/2014/1126/1416968706_990299.jpg.small.jpg"
}