{
    "name": "关雁飞",
    "artist_pic": "imgs/loading.gif",
    "artist_info1": "籍贯地区：北京",
    "artist_info2": "所属类别：油画",
    "artist_info3": "毕业院校：其它学校",
    "dbz1_title": "第一幅油画",
    "dbz1_page": "http://guanyanfei.artron.net/main.php?pFlag=exhibi_2&aid=A0266153&cate=20392&wrkid=brt026615300312#showPicTop",
    "dbz1_pic": "http://img3.artron.net/artist/A0266153/small_brt026615300312.jpg",
    "dbz2_title": "金凤",
    "dbz2_page": "http://guanyanfei.artron.net/main.php?pFlag=exhibi_2&aid=A0266153&cate=20392&wrkid=brt026615300316#showPicTop",
    "dbz2_pic": "http://img3.artron.net/artist/A0266153/small_brt026615300316.jpg",
    "dbz3_title": "寂寞（泥画像）",
    "dbz3_page": "http://guanyanfei.artron.net/main.php?pFlag=exhibi_2&aid=A0266153&cate=20392&wrkid=brt026615300315#showPicTop",
    "dbz3_pic": "http://img3.artron.net/artist/A0266153/small_brt026615300315.jpg"
}