{
    "name": "刘法禄",
    "artist_pic": "imgs/loading.gif",
    "artist_info1": "籍贯地区：河南省",
    "artist_info2": "所属类别：国画",
    "artist_info3": "毕业院校：其他学校",
    "dbz1_title": "竹子一  4",
    "dbz1_page": "http://artist.artron.net/yishujia0266114/2-78848.html",
    "dbz1_pic": "http://img10.artimg.net/newart/2015/0107/1420613652_425922.jpg.small.jpg",
    "dbz2_title": "竹子系列一  8",
    "dbz2_page": "http://artist.artron.net/yishujia0266114/2-78847.html",
    "dbz2_pic": "http://img10.artimg.net/newart/2015/0107/1420613649_474275.jpg.small.jpg",
    "dbz3_title": "竹子系列五 8",
    "dbz3_page": "http://artist.artron.net/yishujia0266114/2-78846.html",
    "dbz3_pic": "http://img10.artimg.net/newart/2015/0107/1420613649_330716.jpg.small.jpg"
}