{
    "name": "刘大为",
    "artist_pic": "imgs/loading.gif",
    "artist_info1": "籍贯地区：山东",
    "artist_info2": "所属类别：国画,机构及行业协会",
    "artist_info3": "毕业院校：中央美术学院",
    "dbz1_title": "游春图",
    "dbz1_page": "http://liudawei.artron.net/works_detail_BRT000000015246",
    "dbz1_pic": "http://img1.artron.net/artist/A0000003/small_brt0000040082.jpg",
    "dbz2_title": "阿坝牧场",
    "dbz2_page": "http://liudawei.artron.net/works_detail_BRT000000015245",
    "dbz2_pic": "http://img1.artron.net/artist/A0000003/small_brt0000040081.jpg",
    "dbz3_title": "千里之行",
    "dbz3_page": "http://liudawei.artron.net/works_detail_BRT000000015244",
    "dbz3_pic": "http://img1.artron.net/artist/A0000003/small_brt0000040080.jpg"
}