{
    "name": "刘勃舒",
    "artist_pic": "imgs/loading.gif",
    "artist_info1": "籍贯地区：",
    "artist_info2": "所属类别：国画",
    "artist_info3": "毕业院校：中央美术学院",
    "dbz1_title": "九骏图",
    "dbz1_page": "http://liuboshu.artron.net/works_detail_BRT000000009079",
    "dbz1_pic": "http://img1.artron.net/artist/A0003487/small_brt0004610001.jpg",
    "dbz2_title": "群马图",
    "dbz2_page": "http://liuboshu.artron.net/works_detail_BRT000000009080",
    "dbz2_pic": "http://img1.artron.net/artist/A0003487/small_brt0004610002.jpg",
    "dbz3_title": "马",
    "dbz3_page": "http://liuboshu.artron.net/works_detail_BRT000000009081",
    "dbz3_pic": "http://img1.artron.net/artist/A0003487/small_brt0004610003.jpg"
}