{
    "name": "吕不问",
    "artist_pic": "imgs/loading.gif",
    "artist_info1": "籍贯地区：北京市",
    "artist_info2": "所属类别：国画",
    "artist_info3": "毕业院校：其他学校",
    "dbz1_title": "禪宗六代祖師像",
    "dbz1_page": "http://artist.artron.net/yishujia0264949/2-89700.html",
    "dbz1_pic": "http://img10.artimg.net/newart/2015/0213/1423842212_941543.jpg.small.jpg",
    "dbz2_title": "達摩觀山圖",
    "dbz2_page": "http://artist.artron.net/yishujia0264949/2-89699.html",
    "dbz2_pic": "http://img10.artimg.net/newart/2015/0213/1423839347_758881.jpg.small.jpg",
    "dbz3_title": "觀山",
    "dbz3_page": "http://artist.artron.net/yishujia0264949/2-89698.html",
    "dbz3_pic": "http://img10.artimg.net/newart/2015/0213/1423839345_600608.jpg.small.jpg"
}