{
    "name": "丁一林",
    "artist_pic": "imgs/loading.gif",
    "artist_info1": "籍贯地区：",
    "artist_info2": "所属类别：油画",
    "artist_info3": "毕业院校：中央美术学院",
    "dbz1_title": "人体习作10",
    "dbz1_page": "http://dingyilin.artron.net/works_detail_brt000739000001",
    "dbz1_pic": "http://img4.artron.net/artist/A0007390/small_brt000739000001.jpg",
    "dbz2_title": "人体习作9",
    "dbz2_page": "http://dingyilin.artron.net/works_detail_brt000739000008",
    "dbz2_pic": "http://img4.artron.net/artist/A0007390/small_brt000739000008.jpg",
    "dbz3_title": "人体习作10",
    "dbz3_page": "http://dingyilin.artron.net/works_detail_brt000739000010",
    "dbz3_pic": "http://img4.artron.net/artist/A0007390/small_brt000739000010.jpg"
}