{
    "name": "余澎",
    "artist_pic": "imgs/loading.gif",
    "artist_info1": "籍贯地区：湖南省",
    "artist_info2": "所属类别：雕塑",
    "artist_info3": "毕业院校：中央美术学院",
    "dbz1_title": "深圳·深圳",
    "dbz1_page": "http://artist.artron.net/yishujia0266269/2-95563.html",
    "dbz1_pic": "http://img10.artimg.net/newart/2015/0325/1427252141_623608.jpg.small.jpg",
    "dbz2_title": "呼啸",
    "dbz2_page": "http://artist.artron.net/yishujia0266269/2-102338.html",
    "dbz2_pic": "http://img10.artimg.net/newart/2015/0421/1429606735_679456.jpg.small.jpg",
    "dbz3_title": "带你们飞",
    "dbz3_page": "http://artist.artron.net/yishujia0266269/2-102337.html",
    "dbz3_pic": "http://img10.artimg.net/newart/2015/0421/1429605364_645407.jpg.small.jpg"
}