{
    "name": "余接彬",
    "artist_pic": "imgs/loading.gif",
    "artist_info1": "籍贯地区：江西省",
    "artist_info2": "所属类别：油画",
    "artist_info3": "毕业院校：中国艺术研究院中国油...",
    "dbz1_title": "《红·绿》局部",
    "dbz1_page": "http://artist.artron.net/yishujia0266195/2-111355.html",
    "dbz1_pic": "http://img10.artimg.net/newart/2015/0525/1432566234_601475.jpg.small.jpg",
    "dbz2_title": "《红·绿》局部",
    "dbz2_page": "http://artist.artron.net/yishujia0266195/2-111354.html",
    "dbz2_pic": "http://img10.artimg.net/newart/2015/0525/1432566223_122791.jpg.small.jpg",
    "dbz3_title": "《红·绿》局部",
    "dbz3_page": "http://artist.artron.net/yishujia0266195/2-111353.html",
    "dbz3_pic": "http://img10.artimg.net/newart/2015/0525/1432566215_456694.jpg.small.jpg"
}