{
    "name": "东方（岽方）",
    "artist_pic": "imgs/loading.gif",
    "artist_info1": "籍贯地区：青海",
    "artist_info2": "所属类别：油画",
    "artist_info3": "毕业院校：解放军艺术学院",
    "dbz1_title": "No.1",
    "dbz1_page": "http://dongfang.artron.net/main.php?pFlag=exhibi_2&aid=A0261846&cate=17853&wrkid=brt026184600139#showPicTop",
    "dbz1_pic": "http://img1.artron.net/artist/A0261846/small_brt026184600139.jpg",
    "dbz2_title": "No.2",
    "dbz2_page": "http://dongfang.artron.net/main.php?pFlag=exhibi_2&aid=A0261846&cate=17853&wrkid=brt026184600140#showPicTop",
    "dbz2_pic": "http://img1.artron.net/artist/A0261846/small_brt026184600140.jpg",
    "dbz3_title": "No.3",
    "dbz3_page": "http://dongfang.artron.net/main.php?pFlag=exhibi_2&aid=A0261846&cate=17853&wrkid=brt026184600141#showPicTop",
    "dbz3_pic": "http://img1.artron.net/artist/A0261846/small_brt026184600141.jpg"
}