{
    "name": "何馥君",
    "artist_pic": "imgs/loading.gif",
    "artist_info1": "籍贯地区：广东省",
    "artist_info2": "所属类别：国画",
    "artist_info3": "毕业院校：广州美术学院",
    "dbz1_title": "《抱猫的女人》",
    "dbz1_page": "http://artist.artron.net/yishujia0265803/2-108231.html",
    "dbz1_pic": "http://img10.artimg.net/newart/2015/0513/1431482795_109119.jpg.small.jpg",
    "dbz2_title": "《瞳》",
    "dbz2_page": "http://artist.artron.net/yishujia0265803/2-108222.html",
    "dbz2_pic": "http://img10.artimg.net/newart/2015/0513/1431481714_859469.jpg.small.jpg",
    "dbz3_title": "《送我的花》",
    "dbz3_page": "http://artist.artron.net/yishujia0265803/2-108221.html",
    "dbz3_pic": "http://img10.artimg.net/newart/2015/0513/1431481688_696710.jpg.small.jpg"
}