{
    "name": "叶鹏飞",
    "artist_pic": "imgs/loading.gif",
    "artist_info1": "籍贯地区：江苏常州",
    "artist_info2": "所属类别：书法",
    "artist_info3": "毕业院校：其它学校",
    "dbz1_title": "作品欣赏",
    "dbz1_page": "http://artist.artron.net/yishujia0264017/2-82921.html",
    "dbz1_pic": "http://img10.artimg.net/newart/2015/0116/1421414758_716688.jpg.small.jpg",
    "dbz2_title": "行书自作诗136cmX33cm",
    "dbz2_page": "http://artist.artron.net/yishujia0264017/2-82919.html",
    "dbz2_pic": "http://img10.artimg.net/newart/2015/0116/1421413871_646300.jpg.small.jpg",
    "dbz3_title": "行书自作诗《次诗友韵六章》179cmX48cm",
    "dbz3_page": "http://artist.artron.net/yishujia0264017/2-82920.html",
    "dbz3_pic": "http://img10.artimg.net/newart/2015/0116/1421413871_580632.jpg.small.jpg"
}