{
    "name": "刘建",
    "artist_pic": "imgs/loading.gif",
    "artist_info1": "籍贯地区：安徽",
    "artist_info2": "所属类别：国画",
    "artist_info3": "毕业院校：其他学校",
    "dbz1_title": "黑白风骨 1  Vigor of Black and White 1",
    "dbz1_page": "http://liujianart.artron.net/works_detail_brt025937800001",
    "dbz1_pic": "http://img1.artron.net/artist/A0259378/small_brt025937800001.jpg",
    "dbz2_title": "黑白风骨 2  Vigor of Black and White 2",
    "dbz2_page": "http://liujianart.artron.net/works_detail_brt025937800002",
    "dbz2_pic": "http://img1.artron.net/artist/A0259378/small_brt025937800002.jpg",
    "dbz3_title": "皖南纪事  History Record of Wannan",
    "dbz3_page": "http://liujianart.artron.net/works_detail_brt025937800003",
    "dbz3_pic": "http://img1.artron.net/artist/A0259378/small_brt025937800003.jpg"
}