{
    "name": "刘力国",
    "artist_pic": "imgs/loading.gif",
    "artist_info1": "籍贯地区：",
    "artist_info2": "所属类别：当代艺术",
    "artist_info3": "毕业院校：中国戏剧学院美术系",
    "dbz1_title": "榜样系列作品001",
    "dbz1_page": "http://liuliguo.artron.net/works_detail_brt000684200001",
    "dbz1_pic": "http://img4.artron.net/artist/A0006842/small_brt000684200001.jpg",
    "dbz2_title": "榜样系列作品002",
    "dbz2_page": "http://liuliguo.artron.net/works_detail_brt000684200020",
    "dbz2_pic": "http://img4.artron.net/artist/A0006842/small_brt000684200020.jpg",
    "dbz3_title": "榜样系列作品003",
    "dbz3_page": "http://liuliguo.artron.net/works_detail_brt000684200021",
    "dbz3_pic": "http://img4.artron.net/artist/A0006842/small_brt000684200021.jpg"
}