{
    "name": "伍建平",
    "artist_pic": "imgs/loading.gif",
    "artist_info1": "籍贯地区：湖南省",
    "artist_info2": "所属类别：水粉水彩",
    "artist_info3": "毕业院校：湖南师大美术学院",
    "dbz1_title": "停舶",
    "dbz1_page": "http://artist.artron.net/yishujia0266641/2-121212.html",
    "dbz1_pic": "http://img10.artimg.net/newart/2015/0629/1435579614_640463.jpg.small.jpg",
    "dbz2_title": "牵挂",
    "dbz2_page": "http://artist.artron.net/yishujia0266641/2-121211.html",
    "dbz2_pic": "http://img10.artimg.net/newart/2015/0629/1435579609_958581.jpg.small.jpg",
    "dbz3_title": "起潮",
    "dbz3_page": "http://artist.artron.net/yishujia0266641/2-121210.html",
    "dbz3_pic": "http://img10.artimg.net/newart/2015/0629/1435579604_798196.jpg.small.jpg"
}