{
    "name": "刘秀鸣",
    "artist_pic": "imgs/loading.gif",
    "artist_info1": "籍贯地区：河北省",
    "artist_info2": "所属类别：油画",
    "artist_info3": "毕业院校：其他学校",
    "dbz1_title": "不和谐的和谐音",
    "dbz1_page": "http://liuxiuming.artron.net/works_detail_brt23383900001",
    "dbz1_pic": "http://img3.artron.net/artist/A0233839/small_brt23383900001.jpg",
    "dbz2_title": "莫扎特曲—逃离后宫的联想",
    "dbz2_page": "http://liuxiuming.artron.net/works_detail_brt23383900002",
    "dbz2_pic": "http://img3.artron.net/artist/A0233839/small_brt23383900002.jpg",
    "dbz3_title": "腾飞的龙",
    "dbz3_page": "http://liuxiuming.artron.net/works_detail_brt23383900003",
    "dbz3_pic": "http://img3.artron.net/artist/A0233839/small_brt23383900003.jpg"
}