{
    "name": "储楚",
    "artist_pic": "imgs/loading.gif",
    "artist_info1": "籍贯地区：",
    "artist_info2": "所属类别：摄影",
    "artist_info3": "毕业院校：中国美术学院",
    "dbz1_title": "物非物-城市01",
    "dbz1_page": "http://chuchu.artron.net/exhibi_p_2.php?wrkid=brt026036800001&aid=A0260368&workSortPass=62",
    "dbz1_pic": "http://img4.artron.net/artist/A0260368/small_brt026036800001.jpg",
    "dbz2_title": "物非物-城市02",
    "dbz2_page": "http://chuchu.artron.net/exhibi_p_2.php?wrkid=brt026036800002&aid=A0260368&workSortPass=62",
    "dbz2_pic": "http://img4.artron.net/artist/A0260368/small_brt026036800002.jpg",
    "dbz3_title": "物非物-城市03",
    "dbz3_page": "http://chuchu.artron.net/exhibi_p_2.php?wrkid=brt026036800003&aid=A0260368&workSortPass=62",
    "dbz3_pic": "http://img4.artron.net/artist/A0260368/small_brt026036800003.jpg"
}