{
    "name": "冯巍",
    "artist_pic": "imgs/loading.gif",
    "artist_info1": "籍贯地区：",
    "artist_info2": "所属类别：油画",
    "artist_info3": "毕业院校：福建师范大学",
    "dbz1_title": "安泰河畔",
    "dbz1_page": "http://fengwei.artron.net/works_detail_brt025130700001",
    "dbz1_pic": "http://img4.artron.net/artist/A0251307/small_brt025130700001.jpg",
    "dbz2_title": "初春",
    "dbz2_page": "http://fengwei.artron.net/works_detail_brt025130700002",
    "dbz2_pic": "http://img4.artron.net/artist/A0251307/small_brt025130700002.jpg",
    "dbz3_title": "春暖花开",
    "dbz3_page": "http://fengwei.artron.net/works_detail_brt025130700003",
    "dbz3_pic": "http://img4.artron.net/artist/A0251307/small_brt025130700003.jpg"
}