{
    "name": "刘伟",
    "artist_pic": "imgs/loading.gif",
    "artist_info1": "籍贯地区：江西",
    "artist_info2": "所属类别：当代艺术",
    "artist_info3": "毕业院校：其他学校",
    "dbz1_title": "春风又绿（1）",
    "dbz1_page": "http://liuwei.artron.net/works_detail_brt025983200005",
    "dbz1_pic": "http://img3.artron.net/artist/A0259832/small_brt025983200005.jpg",
    "dbz2_title": "春风又绿（2）",
    "dbz2_page": "http://liuwei.artron.net/works_detail_brt025983200004",
    "dbz2_pic": "http://img3.artron.net/artist/A0259832/small_brt025983200004.jpg",
    "dbz3_title": "春江",
    "dbz3_page": "http://liuwei.artron.net/works_detail_brt025983200007",
    "dbz3_pic": "http://img3.artron.net/artist/A0259832/small_brt025983200007.jpg"
}