{
    "name": "刘瑗",
    "artist_pic": "imgs/loading.gif",
    "artist_info1": "籍贯地区：广东省",
    "artist_info2": "所属类别：国画",
    "artist_info3": "毕业院校：广州美术学院",
    "dbz1_title": "雨濛濛  ",
    "dbz1_page": "http://artist.artron.net/yishujia0265796/2-108002.html",
    "dbz1_pic": "http://img10.artimg.net/newart/2015/0512/1431416091_735344.jpg.small.jpg",
    "dbz2_title": "旸 ",
    "dbz2_page": "http://artist.artron.net/yishujia0265796/2-108001.html",
    "dbz2_pic": "http://img10.artimg.net/newart/2015/0512/1431416044_954484.jpg.small.jpg",
    "dbz3_title": "新霁 ",
    "dbz3_page": "http://artist.artron.net/yishujia0265796/2-108000.html",
    "dbz3_pic": "http://img10.artimg.net/newart/2015/0512/1431416004_578753.jpg.small.jpg"
}