{
    "name": "刘磊",
    "artist_pic": "imgs/loading.gif",
    "artist_info1": "籍贯地区：陕西省",
    "artist_info2": "所属类别：油画",
    "artist_info3": "毕业院校：西安美术学院",
    "dbz1_title": "空山系列——氤no",
    "dbz1_page": "http://artist.artron.net/yishujia0266033/2-64360.html",
    "dbz1_pic": "http://img10.artimg.net/newart/2014/1123/1416750079_595163.jpg.small.jpg",
    "dbz2_title": "暗香系列no.3",
    "dbz2_page": "http://artist.artron.net/yishujia0266033/2-63660.html",
    "dbz2_pic": "http://img10.artimg.net/newart/2014/1120/1416494878_183901.jpg.small.jpg",
    "dbz3_title": "暗香系列no.2",
    "dbz3_page": "http://artist.artron.net/yishujia0266033/2-63659.html",
    "dbz3_pic": "http://img10.artimg.net/newart/2014/1120/1416494867_566622.jpg.small.jpg"
}