{
    "name": "仇振霖",
    "artist_pic": "imgs/loading.gif",
    "artist_info1": "籍贯地区：",
    "artist_info2": "所属类别：其它",
    "artist_info3": "毕业院校：广州美术学院",
    "dbz1_title": "清韵",
    "dbz1_page": "http://qiuzhenlin.artron.net/main.php?pFlag=exhibi_2&aid=A0212484&cate=20186&wrkid=brt021248400294#showPicTop",
    "dbz1_pic": "http://img1.artron.net/artist/A0212484/small_brt021248400294.jpg",
    "dbz2_title": "迎秋",
    "dbz2_page": "http://qiuzhenlin.artron.net/main.php?pFlag=exhibi_2&aid=A0212484&cate=20186&wrkid=brt021248400295#showPicTop",
    "dbz2_pic": "http://img1.artron.net/artist/A0212484/small_brt021248400295.jpg",
    "dbz3_title": "出水丰神",
    "dbz3_page": "http://qiuzhenlin.artron.net/main.php?pFlag=exhibi_2&aid=A0212484&cate=20186&wrkid=brt021248400296#showPicTop",
    "dbz3_pic": "http://img1.artron.net/artist/A0212484/small_brt021248400296.jpg"
}