{
    "name": "刘洪杰",
    "artist_pic": "imgs/loading.gif",
    "artist_info1": "籍贯地区：",
    "artist_info2": "所属类别：国画",
    "artist_info3": "毕业院校：其他学校",
    "dbz1_title": "万寿图",
    "dbz1_page": "http://liuhongjie.artron.net/works_detail_brt026249200001",
    "dbz1_pic": "http://img1.artron.net/artist/A0262492/small_brt026249200001.jpg",
    "dbz2_title": "硕果辉煌",
    "dbz2_page": "http://liuhongjie.artron.net/works_detail_brt026249200020",
    "dbz2_pic": "http://img3.artron.net/artist/A0262492/small_brt026249200020.jpg",
    "dbz3_title": "秋香",
    "dbz3_page": "http://liuhongjie.artron.net/works_detail_brt026249200030",
    "dbz3_pic": "http://img5.artron.net/artist/A0262492/small_brt026249200030.jpg"
}