{
    "name": "传红",
    "artist_pic": "imgs/loading.gif",
    "artist_info1": "籍贯地区：浙江",
    "artist_info2": "所属类别：油画",
    "artist_info3": "毕业院校：南京大学",
    "dbz1_title": "《一合相NO.1》",
    "dbz1_page": "http://chuanhong.artron.net/works_detail_brt026274800043",
    "dbz1_pic": "http://img3.artron.net/artist/A0262748/small_brt026274800043.jpg",
    "dbz2_title": "《清迈的土地》",
    "dbz2_page": "http://chuanhong.artron.net/works_detail_brt026274800002",
    "dbz2_pic": "http://img5.artron.net/artist/A0262748/small_brt026274800002.jpg",
    "dbz3_title": "《泰国的海》",
    "dbz3_page": "http://chuanhong.artron.net/works_detail_brt026274800003",
    "dbz3_pic": "http://img5.artron.net/artist/A0262748/small_brt026274800003.jpg"
}