{
    "name": "刘永杰",
    "artist_pic": "imgs/loading.gif",
    "artist_info1": "籍贯地区：陕西",
    "artist_info2": "所属类别：国画,长安画派",
    "artist_info3": "毕业院校：西安美术学院",
    "dbz1_title": "草原日暮",
    "dbz1_page": "http://liuyongjie.artron.net/works_detail_brt000377400001",
    "dbz1_pic": "http://img2.artron.net/artist/A0003774/small_brt000377400001.jpg",
    "dbz2_title": "傣乡少女",
    "dbz2_page": "http://liuyongjie.artron.net/works_detail_brt000377400002",
    "dbz2_pic": "http://img2.artron.net/artist/A0003774/small_brt000377400002.jpg",
    "dbz3_title": "冬日",
    "dbz3_page": "http://liuyongjie.artron.net/works_detail_brt000377400003",
    "dbz3_pic": "http://img2.artron.net/artist/A0003774/small_brt000377400003.jpg"
}