{
    "name": "AnnaSalenko",
    "artist_pic": "imgs/loading.gif",
    "artist_info1": "籍贯地区：俄罗斯",
    "artist_info2": "所属类别：油画",
    "artist_info3": "毕业院校：其他学校",
    "dbz1_title": "IMG_5018",
    "dbz1_page": "http://artist.artron.net/yishujia0264945/2-34485.html",
    "dbz1_pic": "http://img10.artimg.net/newart/2014/0819/1408438865_181640.jpg.small.jpg",
    "dbz2_title": "IMG_4663",
    "dbz2_page": "http://artist.artron.net/yishujia0264945/2-34484.html",
    "dbz2_pic": "http://img10.artimg.net/newart/2014/0819/1408438863_988150.jpg.small.jpg",
    "dbz3_title": "IMG_3677",
    "dbz3_page": "http://artist.artron.net/yishujia0264945/2-34483.html",
    "dbz3_pic": "http://img10.artimg.net/newart/2014/0819/1408438861_626486.jpg.small.jpg"
}