{
    "name": "余宏达",
    "artist_pic": "imgs/loading.gif",
    "artist_info1": "籍贯地区：",
    "artist_info2": "所属类别：国画",
    "artist_info3": "毕业院校：中国美院",
    "dbz1_title": "祥云之一",
    "dbz1_page": "http://yuhongda.artron.net/works_detail_brt026252000001",
    "dbz1_pic": "http://img2.artron.net/artist/A0262520/small_brt026252000001.jpg",
    "dbz2_title": "一代宗师 万世楷模",
    "dbz2_page": "http://yuhongda.artron.net/works_detail_brt026252000002",
    "dbz2_pic": "http://img2.artron.net/artist/A0262520/small_brt026252000002.jpg",
    "dbz3_title": "妆",
    "dbz3_page": "http://yuhongda.artron.net/works_detail_brt026252000003",
    "dbz3_pic": "http://img2.artron.net/artist/A0262520/small_brt026252000003.jpg"
}