{
    "name": "一山",
    "artist_pic": "imgs/loading.gif",
    "artist_info1": "籍贯地区：四川省",
    "artist_info2": "所属类别：国画",
    "artist_info3": "毕业院校：中央美术学院",
    "dbz1_title": "W•005悟",
    "dbz1_page": "http://artist.artron.net/yishujia0265850/2-72332.html",
    "dbz1_pic": "http://img10.artimg.net/newart/2014/1218/1418880780_405571.jpg.small.jpg",
    "dbz2_title": "W•006爱（组合）",
    "dbz2_page": "http://artist.artron.net/yishujia0265850/2-72331.html",
    "dbz2_pic": "http://img10.artimg.net/newart/2014/1218/1418880707_155219.jpg.small.jpg",
    "dbz3_title": "W•008飘",
    "dbz3_page": "http://artist.artron.net/yishujia0265850/2-72330.html",
    "dbz3_pic": "http://img10.artimg.net/newart/2014/1218/1418880621_184534.jpg.small.jpg"
}