{
    "name": "刘斯奋",
    "artist_pic": "imgs/loading.gif",
    "artist_info1": "籍贯地区：广东",
    "artist_info2": "所属类别：国画",
    "artist_info3": "毕业院校：中山大学",
    "dbz1_title": "草坪",
    "dbz1_page": "http://liusifen.artron.net/works_detail_brt000746600001",
    "dbz1_pic": "http://img1.artron.net/artist/A0007466/small_brt000746600001.jpg",
    "dbz2_title": "馋猫",
    "dbz2_page": "http://liusifen.artron.net/works_detail_brt000746600002",
    "dbz2_pic": "http://img1.artron.net/artist/A0007466/small_brt000746600002.jpg",
    "dbz3_title": "车站流行色",
    "dbz3_page": "http://liusifen.artron.net/works_detail_brt000746600003",
    "dbz3_pic": "http://img1.artron.net/artist/A0007466/small_brt000746600003.jpg"
}