{
    "name": "于新健",
    "artist_pic": "imgs/loading.gif",
    "artist_info1": "籍贯地区：江苏",
    "artist_info2": "所属类别：国画",
    "artist_info3": "毕业院校：徐州师范大学",
    "dbz1_title": "册页写生作品 (1)",
    "dbz1_page": "http://yuxinjian.artron.net/works_detail_brt026131800001",
    "dbz1_pic": "http://img3.artron.net/artist/A0261318/small_brt026131800001.jpg",
    "dbz2_title": "册页写生作品 (2)",
    "dbz2_page": "http://yuxinjian.artron.net/works_detail_brt026131800002",
    "dbz2_pic": "http://img3.artron.net/artist/A0261318/small_brt026131800002.jpg",
    "dbz3_title": "册页写生作品 (4)",
    "dbz3_page": "http://yuxinjian.artron.net/works_detail_brt026131800004",
    "dbz3_pic": "http://img3.artron.net/artist/A0261318/small_brt026131800004.jpg"
}