{
    "name": "向正祥",
    "artist_pic": "imgs/loading.gif",
    "artist_info1": "籍贯地区：湖南省保靖县",
    "artist_info2": "所属类别：油画",
    "artist_info3": "毕业院校：清华美院",
    "dbz1_title": "荷系列之一",
    "dbz1_page": "http://xiangzhengxiang.artron.net/works_detail_brt026325800001",
    "dbz1_pic": "http://img3.artron.net/artist/A0263258/small_brt026325800001.jpg",
    "dbz2_title": "荷系列之二",
    "dbz2_page": "http://xiangzhengxiang.artron.net/works_detail_brt026325800002",
    "dbz2_pic": "http://img3.artron.net/artist/A0263258/small_brt026325800002.jpg",
    "dbz3_title": "荷系列之三",
    "dbz3_page": "http://xiangzhengxiang.artron.net/works_detail_brt026325800003",
    "dbz3_pic": "http://img3.artron.net/artist/A0263258/small_brt026325800003.jpg"
}