{
    "name": "刘凯焰",
    "artist_pic": "imgs/loading.gif",
    "artist_info1": "籍贯地区：广东省",
    "artist_info2": "所属类别：国画",
    "artist_info3": "毕业院校：广州业余美术大学",
    "dbz1_title": "玉堂春暖",
    "dbz1_page": "http://artist.artron.net/yishujia0266598/2-119916.html",
    "dbz1_pic": "http://img10.artimg.net/newart/2015/0623/1435043559_355308.jpg.small.jpg",
    "dbz2_title": "紫气东来",
    "dbz2_page": "http://artist.artron.net/yishujia0266598/2-119915.html",
    "dbz2_pic": "http://img10.artimg.net/newart/2015/0623/1435043455_725595.jpg.small.jpg",
    "dbz3_title": "银红锦绣 ",
    "dbz3_page": "http://artist.artron.net/yishujia0266598/2-119914.html",
    "dbz3_pic": "http://img10.artimg.net/newart/2015/0623/1435043371_106411.jpg.small.jpg"
}