{
    "name": "刘鹏",
    "artist_pic": "imgs/loading.gif",
    "artist_info1": "籍贯地区：江西",
    "artist_info2": "所属类别：工艺美术家",
    "artist_info3": "毕业院校：中央美术学院",
    "dbz1_title": "扬帆",
    "dbz1_page": "http://artist.artron.net/yishujia0262603/2-84707.html",
    "dbz1_pic": "http://img10.artimg.net/newart/2015/0122/1421894292_618733.jpg.small.jpg",
    "dbz2_title": "仙人骑鱼",
    "dbz2_page": "http://artist.artron.net/yishujia0262603/2-84706.html",
    "dbz2_pic": "http://img10.artimg.net/newart/2015/0122/1421894289_824860.jpg.small.jpg",
    "dbz3_title": "小憇",
    "dbz3_page": "http://artist.artron.net/yishujia0262603/2-84705.html",
    "dbz3_pic": "http://img10.artimg.net/newart/2015/0122/1421894287_112764.jpg.small.jpg"
}