{
    "name": "刘福芳",
    "artist_pic": "imgs/loading.gif",
    "artist_info1": "籍贯地区：山东",
    "artist_info2": "所属类别：其它,国画",
    "artist_info3": "毕业院校：其他学校",
    "dbz1_title": "拜月记",
    "dbz1_page": "http://liufufang.artron.net/works_detail_brt000352700001",
    "dbz1_pic": "http://img5.artron.net/artist/A0003527/small_brt000352700001.jpg",
    "dbz2_title": "宝玉却尘缘",
    "dbz2_page": "http://liufufang.artron.net/works_detail_brt000352700002",
    "dbz2_pic": "http://img5.artron.net/artist/A0003527/small_brt000352700002.jpg",
    "dbz3_title": "滴水观音",
    "dbz3_page": "http://liufufang.artron.net/works_detail_brt000352700003",
    "dbz3_pic": "http://img5.artron.net/artist/A0003527/small_brt000352700003.jpg"
}