{
    "name": "刘文星",
    "artist_pic": "imgs/loading.gif",
    "artist_info1": "籍贯地区：",
    "artist_info2": "所属类别：其它,油画",
    "artist_info3": "毕业院校：其他学校",
    "dbz1_title": "秦时明月汉时关",
    "dbz1_page": "http://liuwenxing.artron.net/main.php?pFlag=exhibi_2&aid=A0003709&cate=2858&wrkid=brt000370900070#showPicTop",
    "dbz1_pic": "http://img1.artron.net/artist/A0003709/small_brt000370900070.jpg",
    "dbz2_title": "沙岭斜阳",
    "dbz2_page": "http://liuwenxing.artron.net/main.php?pFlag=exhibi_2&aid=A0003709&cate=2858&wrkid=brt000370900072#showPicTop",
    "dbz2_pic": "http://img1.artron.net/artist/A0003709/small_brt000370900072.jpg",
    "dbz3_title": "寻梦司马台",
    "dbz3_page": "http://liuwenxing.artron.net/main.php?pFlag=exhibi_2&aid=A0003709&cate=2858&wrkid=brt000370900078#showPicTop",
    "dbz3_pic": "http://img1.artron.net/artist/A0003709/small_brt000370900078.jpg"
}