{
    "name": "刘宝俊",
    "artist_pic": "imgs/loading.gif",
    "artist_info1": "籍贯地区：江苏省",
    "artist_info2": "所属类别：油画",
    "artist_info3": "毕业院校：上海戏剧学院",
    "dbz1_title": "夕照四渡河",
    "dbz1_page": "http://liubaojun.artron.net/works_detail_brt025996200001",
    "dbz1_pic": "http://img4.artron.net/artist/A0259962/small_brt025996200001.jpg",
    "dbz2_title": "牧归",
    "dbz2_page": "http://liubaojun.artron.net/works_detail_brt025996200003",
    "dbz2_pic": "http://img4.artron.net/artist/A0259962/small_brt025996200003.jpg",
    "dbz3_title": "村口的小桥",
    "dbz3_page": "http://liubaojun.artron.net/works_detail_brt025996200004",
    "dbz3_pic": "http://img4.artron.net/artist/A0259962/small_brt025996200004.jpg"
}