{
    "name": "何伯群",
    "artist_pic": "imgs/loading.gif",
    "artist_info1": "籍贯地区：陕西",
    "artist_info2": "所属类别：书法",
    "artist_info3": "毕业院校：其他学校",
    "dbz1_title": "《李白忆旧游·寄谯郡元参军》诗1",
    "dbz1_page": "http://heboqun.artron.net/works_detail_brt026127100001",
    "dbz1_pic": "http://img2.artron.net/artist/A0261271/small_brt026127100001.jpg",
    "dbz2_title": "《李白忆旧游·寄谯郡元参军》诗2",
    "dbz2_page": "http://heboqun.artron.net/works_detail_brt026127100002",
    "dbz2_pic": "http://img2.artron.net/artist/A0261271/small_brt026127100002.jpg",
    "dbz3_title": "《李白忆旧游·寄谯郡元参军》诗3",
    "dbz3_page": "http://heboqun.artron.net/works_detail_brt026127100003",
    "dbz3_pic": "http://img2.artron.net/artist/A0261271/small_brt026127100003.jpg"
}