{
    "name": "刘永涛",
    "artist_pic": "imgs/loading.gif",
    "artist_info1": "籍贯地区：",
    "artist_info2": "所属类别：国画,油画",
    "artist_info3": "毕业院校：其他学校",
    "dbz1_title": "能够感觉到的风景--海事记忆NO.27",
    "dbz1_page": "http://liuyongtao.artron.net/works_detail_brt025853500001",
    "dbz1_pic": "http://img1.artron.net/artist/A0258535/small_brt025853500001.jpg",
    "dbz2_title": "能够感觉到的风景--海事记忆NO.26",
    "dbz2_page": "http://liuyongtao.artron.net/works_detail_brt025853500002",
    "dbz2_pic": "http://img1.artron.net/artist/A0258535/small_brt025853500002.jpg",
    "dbz3_title": "能够感觉到的风景--海事记忆NO.25",
    "dbz3_page": "http://liuyongtao.artron.net/works_detail_brt025853500003",
    "dbz3_pic": "http://img1.artron.net/artist/A0258535/small_brt025853500003.jpg"
}