{
    "name": "叶丽美",
    "artist_pic": "imgs/loading.gif",
    "artist_info1": "籍贯地区：广东省",
    "artist_info2": "所属类别：国画",
    "artist_info3": "毕业院校：中国艺术研究院",
    "dbz1_title": "叶丽美 秋歌 2012年 50 45CM",
    "dbz1_page": "http://artist.artron.net/yishujia0263727/2-22752.html",
    "dbz1_pic": "http://img10.artimg.net/newart/2014/0717/1405573430_588722.jpg.small.jpg",
    "dbz2_title": "叶丽美 新松图 2013年  ",
    "dbz2_page": "http://artist.artron.net/yishujia0263727/2-22753.html",
    "dbz2_pic": "http://img10.artimg.net/newart/2014/0717/1405573431_902419.jpg.small.jpg",
    "dbz3_title": "叶丽美 《南昆新竹》2013年 69 69CM",
    "dbz3_page": "http://artist.artron.net/yishujia0263727/2-22748.html",
    "dbz3_pic": "http://img10.artimg.net/newart/2014/0717/1405573427_594771.jpg.small.jpg"
}