{
    "name": "卢德龙",
    "artist_pic": "imgs/loading.gif",
    "artist_info1": "籍贯地区：四川万县",
    "artist_info2": "所属类别：国画",
    "artist_info3": "毕业院校：西南大学美术学院",
    "dbz1_title": "知足知不足 68cm×138cm（标价八万）",
    "dbz1_page": "http://artist.artron.net/yishujia0210004/2-25339.html",
    "dbz1_pic": "http://img10.artimg.net/newart/2014/0724/1406174149_502773.jpg.small.jpg",
    "dbz2_title": "天人合一 道法自然68cm×68cm（标价四万）",
    "dbz2_page": "http://artist.artron.net/yishujia0210004/2-25338.html",
    "dbz2_pic": "http://img10.artimg.net/newart/2014/0724/1406174139_889464.jpg.small.jpg",
    "dbz3_title": "天人合一 道法自然68cm×47cm（标价三万）",
    "dbz3_page": "http://artist.artron.net/yishujia0210004/2-25337.html",
    "dbz3_pic": "http://img10.artimg.net/newart/2014/0724/1406174132_906632.jpg.small.jpg"
}