{
    "name": "刘俐蕴",
    "artist_pic": "imgs/loading.gif",
    "artist_info1": "籍贯地区：",
    "artist_info2": "所属类别：当代艺术",
    "artist_info3": "毕业院校：中央美术学院",
    "dbz1_title": "唤醒",
    "dbz1_page": "http://liuliyun.artron.net/works_detail_brt026598500001",
    "dbz1_pic": "http://img5.artron.net/artist/A0265985/small_brt026598500001.jpg",
    "dbz2_title": "《联结》001",
    "dbz2_page": "http://liuliyun.artron.net/works_detail_brt026598500002",
    "dbz2_pic": "http://img5.artron.net/artist/A0265985/small_brt026598500002.jpg",
    "dbz3_title": "《联结》002",
    "dbz3_page": "http://liuliyun.artron.net/works_detail_brt026598500003",
    "dbz3_pic": "http://img5.artron.net/artist/A0265985/small_brt026598500003.jpg"
}