{
    "name": "叶绿野",
    "artist_pic": "imgs/loading.gif",
    "artist_info1": "籍贯地区：广东省龙川县",
    "artist_info2": "所属类别：国画",
    "artist_info3": "毕业院校：其他学校",
    "dbz1_title": "相思河畔",
    "dbz1_page": "http://yelvye.artron.net/works_detail_brt020430800001",
    "dbz1_pic": "http://img1.artron.net/artist/A0204308/small_brt020430800001.jpg",
    "dbz2_title": "岭南之春",
    "dbz2_page": "http://yelvye.artron.net/works_detail_brt020430800002",
    "dbz2_pic": "http://img1.artron.net/artist/A0204308/small_brt020430800002.jpg",
    "dbz3_title": "月映幽香",
    "dbz3_page": "http://yelvye.artron.net/works_detail_brt020430800003",
    "dbz3_pic": "http://img1.artron.net/artist/A0204308/small_brt020430800003.jpg"
}