{
    "name": "党禺",
    "artist_pic": "imgs/loading.gif",
    "artist_info1": "籍贯地区：",
    "artist_info2": "所属类别：其它",
    "artist_info3": "毕业院校：天津大学王学仲艺术研...",
    "dbz1_title": "厚德载物",
    "dbz1_page": "http://dangyu.artron.net/works_detail_brt020481100258",
    "dbz1_pic": "http://img4.artron.net/artist/A0204811/small_brt020481100258.jpg",
    "dbz2_title": "鉴史明今",
    "dbz2_page": "http://dangyu.artron.net/works_detail_brt020481100259",
    "dbz2_pic": "http://img4.artron.net/artist/A0204811/small_brt020481100259.jpg",
    "dbz3_title": "思怀在云阙，泊素收中林",
    "dbz3_page": "http://dangyu.artron.net/works_detail_brt020481100260",
    "dbz3_pic": "http://img4.artron.net/artist/A0204811/small_brt020481100260.jpg"
}