{
    "name": "乐穹",
    "artist_pic": "imgs/loading.gif",
    "artist_info1": "籍贯地区：江西",
    "artist_info2": "所属类别：当代艺术",
    "artist_info3": "毕业院校：不详",
    "dbz1_title": "接福迎祥",
    "dbz1_page": "http://leqiong.artron.net/works_detail_brt025908000001",
    "dbz1_pic": "http://img4.artron.net/artist/A0259080/small_brt025908000001.jpg",
    "dbz2_title": "静以舞动",
    "dbz2_page": "http://leqiong.artron.net/works_detail_brt025908000002",
    "dbz2_pic": "http://img4.artron.net/artist/A0259080/small_brt025908000002.jpg",
    "dbz3_title": "春到江南",
    "dbz3_page": "http://leqiong.artron.net/works_detail_brt025908000004",
    "dbz3_pic": "http://img4.artron.net/artist/A0259080/small_brt025908000004.jpg"
}