{
    "name": "俞中保",
    "artist_pic": "imgs/loading.gif",
    "artist_info1": "籍贯地区：上海",
    "artist_info2": "所属类别：油画",
    "artist_info3": "毕业院校：华东师范大学",
    "dbz1_title": "泉源",
    "dbz1_page": "http://yuzhongbao.artron.net/works_detail_brt020299300130",
    "dbz1_pic": "http://img5.artron.net/artist/A0202993/small_brt020299300130.jpg",
    "dbz2_title": "融",
    "dbz2_page": "http://yuzhongbao.artron.net/works_detail_brt020299300131",
    "dbz2_pic": "http://img1.artron.net/artist/A0202993/small_brt020299300131.jpg",
    "dbz3_title": "薪",
    "dbz3_page": "http://yuzhongbao.artron.net/works_detail_brt020299300132",
    "dbz3_pic": "http://img1.artron.net/artist/A0202993/small_brt020299300132.jpg"
}