{
    "name": "兰子",
    "artist_pic": "imgs/loading.gif",
    "artist_info1": "籍贯地区：",
    "artist_info2": "所属类别：油画",
    "artist_info3": "毕业院校：中央美术学院",
    "dbz1_title": "油画系列作品001",
    "dbz1_page": "http://lanzi.artron.net/works_detail_brt026212500001",
    "dbz1_pic": "http://img2.artron.net/artist/A0262125/small_brt026212500001.jpg",
    "dbz2_title": "油画系列作品002",
    "dbz2_page": "http://lanzi.artron.net/works_detail_brt026212500002",
    "dbz2_pic": "http://img2.artron.net/artist/A0262125/small_brt026212500002.jpg",
    "dbz3_title": "油画系列作品003",
    "dbz3_page": "http://lanzi.artron.net/works_detail_brt026212500003",
    "dbz3_pic": "http://img2.artron.net/artist/A0262125/small_brt026212500003.jpg"
}