{
    "name": "何昌林",
    "artist_pic": "imgs/loading.gif",
    "artist_info1": "籍贯地区：",
    "artist_info2": "所属类别：国画",
    "artist_info3": "毕业院校：四川美术学院",
    "dbz1_title": "沧浪之水",
    "dbz1_page": "http://hechanglin.artron.net/works_detail_brt000816600044",
    "dbz1_pic": "http://img5.artron.net/artist/A0008166/small_brt000816600044.jpg",
    "dbz2_title": "蜀水家园",
    "dbz2_page": "http://hechanglin.artron.net/works_detail_brt000816600002",
    "dbz2_pic": "http://img2.artron.net/artist/A0008166/small_brt000816600002.jpg",
    "dbz3_title": "红树吉羊",
    "dbz3_page": "http://hechanglin.artron.net/works_detail_brt000816600045",
    "dbz3_pic": "http://img5.artron.net/artist/A0008166/small_brt000816600045.jpg"
}