{
    "name": "关耀久",
    "artist_pic": "imgs/loading.gif",
    "artist_info1": "籍贯地区：黑龙江",
    "artist_info2": "所属类别：国画",
    "artist_info3": "毕业院校：书画函大",
    "dbz1_title": "七夕相会137cm-69cm",
    "dbz1_page": "http://artist.artron.net/yishujia0264080/2-24396.html",
    "dbz1_pic": "http://img10.artimg.net/newart/2014/0721/1405928158_854082.jpg.small.jpg",
    "dbz2_title": "彩云之南10米*2.6米",
    "dbz2_page": "http://artist.artron.net/yishujia0264080/2-24395.html",
    "dbz2_pic": "http://img10.artimg.net/newart/2014/0721/1405927953_697780.jpg.small.jpg",
    "dbz3_title": "紫云飘香翠尾长179cm-96cm",
    "dbz3_page": "http://artist.artron.net/yishujia0264080/2-24391.html",
    "dbz3_pic": "http://img10.artimg.net/newart/2014/0721/1405924564_901337.jpg.small.jpg"
}