{
    "name": "余进",
    "artist_pic": "imgs/loading.gif",
    "artist_info1": "籍贯地区：安徽",
    "artist_info2": "所属类别：其它",
    "artist_info3": "毕业院校：清华大学美术学院",
    "dbz1_title": "《高士觅香图》",
    "dbz1_page": "http://yujin.artron.net/main.php?pFlag=exhibi_2&aid=A0211614&cate=20919&wrkid=brt021161400001#showPicTop",
    "dbz1_pic": "http://img5.artron.net/artist/A0211614/small_brt021161400001.jpg",
    "dbz2_title": "《高士赏美图》",
    "dbz2_page": "http://yujin.artron.net/main.php?pFlag=exhibi_2&aid=A0211614&cate=20919&wrkid=brt021161400002#showPicTop",
    "dbz2_pic": "http://img5.artron.net/artist/A0211614/small_brt021161400002.jpg",
    "dbz3_title": "《高士双云图》",
    "dbz3_page": "http://yujin.artron.net/main.php?pFlag=exhibi_2&aid=A0211614&cate=20919&wrkid=brt021161400003#showPicTop",
    "dbz3_pic": "http://img5.artron.net/artist/A0211614/small_brt021161400003.jpg"
}