{
    "name": "侯拙吾",
    "artist_pic": "imgs/loading.gif",
    "artist_info1": "籍贯地区：陕西省",
    "artist_info2": "所属类别：国画",
    "artist_info3": "毕业院校：西安美术学院",
    "dbz1_title": "作品001",
    "dbz1_page": "http://houzhuowu.artron.net/works_detail_brt026362500001",
    "dbz1_pic": "http://img3.artron.net/artist/A0263625/small_brt026362500001.jpg",
    "dbz2_title": "作品002",
    "dbz2_page": "http://houzhuowu.artron.net/works_detail_brt026362500002",
    "dbz2_pic": "http://img3.artron.net/artist/A0263625/small_brt026362500002.jpg",
    "dbz3_title": "作品003",
    "dbz3_page": "http://houzhuowu.artron.net/works_detail_brt026362500003",
    "dbz3_pic": "http://img3.artron.net/artist/A0263625/small_brt026362500003.jpg"
}