{
    "name": "任思鸿",
    "artist_pic": "imgs/loading.gif",
    "artist_info1": "籍贯地区：湖北武汉",
    "artist_info2": "所属类别：油画,雕塑",
    "artist_info3": "毕业院校：河北师范学院",
    "dbz1_title": "八角帽系列001",
    "dbz1_page": "http://rensihong.artron.net/works_detail_brt026408100001",
    "dbz1_pic": "http://img5.artron.net/artist/A0264081/small_brt026408100001.jpg",
    "dbz2_title": "八角帽系列002",
    "dbz2_page": "http://rensihong.artron.net/works_detail_brt026408100002",
    "dbz2_pic": "http://img5.artron.net/artist/A0264081/small_brt026408100002.jpg",
    "dbz3_title": "八角帽系列003",
    "dbz3_page": "http://rensihong.artron.net/works_detail_brt026408100003",
    "dbz3_pic": "http://img5.artron.net/artist/A0264081/small_brt026408100003.jpg"
}