{
    "name": "刘国松",
    "artist_pic": "imgs/loading.gif",
    "artist_info1": "籍贯地区：山东",
    "artist_info2": "所属类别：国画",
    "artist_info3": "毕业院校：其它学校",
    "dbz1_title": "太阳图",
    "dbz1_page": "http://liuguosong.artron.net/works_detail_brt013597000174",
    "dbz1_pic": "http://img5.artron.net/artist/A0135970/small_brt013597000174.jpg",
    "dbz2_title": "月球漫步",
    "dbz2_page": "http://liuguosong.artron.net/works_detail_brt013597000175",
    "dbz2_pic": "http://img5.artron.net/artist/A0135970/small_brt013597000175.jpg",
    "dbz3_title": "中秋节(E)",
    "dbz3_page": "http://liuguosong.artron.net/works_detail_brt013597000176",
    "dbz3_pic": "http://img5.artron.net/artist/A0135970/small_brt013597000176.jpg"
}