{
    "name": "包林",
    "artist_pic": "imgs/loading.gif",
    "artist_info1": "籍贯地区：",
    "artist_info2": "所属类别：其它,油画",
    "artist_info3": "毕业院校：中央工艺美术学院",
    "dbz1_title": "鱼烹",
    "dbz1_page": "http://baolin.artron.net/works_detail_brt023744600104",
    "dbz1_pic": "http://img1.artron.net/artist/A0237446/small_brt023744600104.jpg",
    "dbz2_title": "煤气罐",
    "dbz2_page": "http://baolin.artron.net/works_detail_brt023744600105",
    "dbz2_pic": "http://img1.artron.net/artist/A0237446/small_brt023744600105.jpg",
    "dbz3_title": "壶",
    "dbz3_page": "http://baolin.artron.net/works_detail_brt023744600106",
    "dbz3_pic": "http://img1.artron.net/artist/A0237446/small_brt023744600106.jpg"
}