{
    "name": "余慧",
    "artist_pic": "imgs/loading.gif",
    "artist_info1": "籍贯地区：湖北省",
    "artist_info2": "所属类别：油画",
    "artist_info3": "毕业院校：湖北美术学院",
    "dbz1_title": "净土之一局部2",
    "dbz1_page": "http://artist.artron.net/yishujia0266104/2-74447.html",
    "dbz1_pic": "http://img10.artimg.net/newart/2014/1224/1419407656_958603.jpg.small.jpg",
    "dbz2_title": "净土之一局部",
    "dbz2_page": "http://artist.artron.net/yishujia0266104/2-74446.html",
    "dbz2_pic": "http://img10.artimg.net/newart/2014/1224/1419407632_611897.jpg.small.jpg",
    "dbz3_title": "净土之一",
    "dbz3_page": "http://artist.artron.net/yishujia0266104/2-74445.html",
    "dbz3_pic": "http://img10.artimg.net/newart/2014/1224/1419407606_461908.jpg.small.jpg"
}