{
    "name": "刘永明",
    "artist_pic": "imgs/loading.gif",
    "artist_info1": "籍贯地区：",
    "artist_info2": "所属类别：国画",
    "artist_info3": "毕业院校：清华大学美术学院",
    "dbz1_title": "萬山紅遍",
    "dbz1_page": "http://liuyongming.artron.net/works_detail_brt013596400001",
    "dbz1_pic": "http://img4.artron.net/artist/A0135964/small_brt013596400001.jpg",
    "dbz2_title": "卡布里島",
    "dbz2_page": "http://liuyongming.artron.net/works_detail_brt013596400002",
    "dbz2_pic": "http://img4.artron.net/artist/A0135964/small_brt013596400002.jpg",
    "dbz3_title": "西嶽華山",
    "dbz3_page": "http://liuyongming.artron.net/works_detail_brt013596400003",
    "dbz3_pic": "http://img4.artron.net/artist/A0135964/small_brt013596400003.jpg"
}