{
    "name": "何君宏",
    "artist_pic": "imgs/loading.gif",
    "artist_info1": "籍贯地区：武汉",
    "artist_info2": "所属类别：油画",
    "artist_info3": "毕业院校：中央美术学院",
    "dbz1_title": "古代服饰系列之一",
    "dbz1_page": "http://hejunhong.artron.net/works_detail_brt026416700001",
    "dbz1_pic": "http://img4.artron.net/artist/A0264167/small_brt026416700001.jpg",
    "dbz2_title": "节日",
    "dbz2_page": "http://hejunhong.artron.net/works_detail_brt026416700002",
    "dbz2_pic": "http://img4.artron.net/artist/A0264167/small_brt026416700002.jpg",
    "dbz3_title": "泼水节",
    "dbz3_page": "http://hejunhong.artron.net/works_detail_brt026416700003",
    "dbz3_pic": "http://img4.artron.net/artist/A0264167/small_brt026416700003.jpg"
}