{
    "name": "刘文谌",
    "artist_pic": "imgs/loading.gif",
    "artist_info1": "籍贯地区：湖北汉阳",
    "artist_info2": "所属类别：其它",
    "artist_info3": "毕业院校：湖北美术学院",
    "dbz1_title": "白羊",
    "dbz1_page": "http://liuwenchen.artron.net/works_detail_brt000370100143",
    "dbz1_pic": "http://img5.artron.net/artist/A0003701/small_brt000370100143.jpg",
    "dbz2_title": "春风",
    "dbz2_page": "http://liuwenchen.artron.net/works_detail_brt000370100144",
    "dbz2_pic": "http://img5.artron.net/artist/A0003701/small_brt000370100144.jpg",
    "dbz3_title": "村屋",
    "dbz3_page": "http://liuwenchen.artron.net/works_detail_brt000370100145",
    "dbz3_pic": "http://img5.artron.net/artist/A0003701/small_brt000370100145.jpg"
}