{
    "name": "卜绍基",
    "artist_pic": "imgs/loading.gif",
    "artist_info1": "籍贯地区：广州",
    "artist_info2": "所属类别：国画",
    "artist_info3": "毕业院校：其他学校",
    "dbz1_title": "不辞长作岭南翁",
    "dbz1_page": "http://bushaoji.artron.net/main.php?pFlag=exhibi_2&aid=A0252079&cate=19236&wrkid=brt025207900233#showPicTop",
    "dbz1_pic": "http://img3.artron.net/artist/A0252079/small_brt025207900233.jpg",
    "dbz2_title": "澄红一道月分明",
    "dbz2_page": "http://bushaoji.artron.net/main.php?pFlag=exhibi_2&aid=A0252079&cate=19236&wrkid=brt025207900234#showPicTop",
    "dbz2_pic": "http://img3.artron.net/artist/A0252079/small_brt025207900234.jpg",
    "dbz3_title": "春晓无人我独来",
    "dbz3_page": "http://bushaoji.artron.net/main.php?pFlag=exhibi_2&aid=A0252079&cate=19236&wrkid=brt025207900235#showPicTop",
    "dbz3_pic": "http://img3.artron.net/artist/A0252079/small_brt025207900235.jpg"
}