{
    "name": "刘丹",
    "artist_pic": "imgs/loading.gif",
    "artist_info1": "籍贯地区：陕西",
    "artist_info2": "所属类别：国画",
    "artist_info3": "毕业院校：西安美术学院",
    "dbz1_title": "云雾山间",
    "dbz1_page": "http://liud.artron.net/works_detail_brt000350800001",
    "dbz1_pic": "http://img3.artron.net/artist/A0003508/small_brt000350800001.jpg",
    "dbz2_title": "家园",
    "dbz2_page": "http://liud.artron.net/works_detail_brt000350800002",
    "dbz2_pic": "http://img3.artron.net/artist/A0003508/small_brt000350800002.jpg",
    "dbz3_title": "下板寺村",
    "dbz3_page": "http://liud.artron.net/works_detail_brt000350800003",
    "dbz3_pic": "http://img3.artron.net/artist/A0003508/small_brt000350800003.jpg"
}