{
    "name": "卫国珍",
    "artist_pic": "imgs/loading.gif",
    "artist_info1": "籍贯地区：山西临汾",
    "artist_info2": "所属类别：国画",
    "artist_info3": "毕业院校：中央美术学院",
    "dbz1_title": "一路同行",
    "dbz1_page": "http://artist.artron.net/yishujia0262558/2-904.html",
    "dbz1_pic": "http://img10.artimg.net/newart/2014/0104/1388844100_754277.jpg.small.jpg",
    "dbz2_title": "赛马",
    "dbz2_page": "http://artist.artron.net/yishujia0262558/2-903.html",
    "dbz2_pic": "http://img10.artimg.net/newart/2014/0104/1388843883_882950.jpg.small.jpg",
    "dbz3_title": "和谐",
    "dbz3_page": "http://artist.artron.net/yishujia0262558/2-902.html",
    "dbz3_pic": "http://img10.artimg.net/newart/2014/0104/1388843750_608719.jpg.small.jpg"
}