{
    "name": "何曦",
    "artist_pic": "imgs/loading.gif",
    "artist_info1": "籍贯地区：北京",
    "artist_info2": "所属类别：国画",
    "artist_info3": "毕业院校：上海工艺美术学校",
    "dbz1_title": "海洋世界（一）",
    "dbz1_page": "http://hexi.artron.net/works_detail_brt013760600163",
    "dbz1_pic": "http://img5.artron.net/artist/A0137606/small_brt013760600163.jpg",
    "dbz2_title": "海洋世界（二）",
    "dbz2_page": "http://hexi.artron.net/works_detail_brt013760600164",
    "dbz2_pic": "http://img5.artron.net/artist/A0137606/small_brt013760600164.jpg",
    "dbz3_title": "海洋世界之十",
    "dbz3_page": "http://hexi.artron.net/works_detail_brt013760600165",
    "dbz3_pic": "http://img5.artron.net/artist/A0137606/small_brt013760600165.jpg"
}