{
    "name": "任梦璋",
    "artist_pic": "imgs/loading.gif",
    "artist_info1": "籍贯地区：河北",
    "artist_info2": "所属类别：油画",
    "artist_info3": "毕业院校：中央美术学院",
    "dbz1_title": "云岗第二十窟主佛头像",
    "dbz1_page": "http://renmengzhang.artron.net/works_detail_brt000463900525",
    "dbz1_pic": "http://img2.artron.net/artist/A0004639/small_brt000463900525.jpg",
    "dbz2_title": "云岗第十二窟-音乐窟",
    "dbz2_page": "http://renmengzhang.artron.net/works_detail_brt000463900526",
    "dbz2_pic": "http://img2.artron.net/artist/A0004639/small_brt000463900526.jpg",
    "dbz3_title": "山鸡之一",
    "dbz3_page": "http://renmengzhang.artron.net/works_detail_brt000463900527",
    "dbz3_pic": "http://img5.artron.net/artist/A0004639/small_brt000463900527.jpg"
}