{
    "name": "冯骥才",
    "artist_pic": "imgs/loading.gif",
    "artist_info1": "籍贯地区：浙江宁波",
    "artist_info2": "所属类别：机构及行业协会,书法,国...",
    "artist_info3": "毕业院校：其他学校",
    "dbz1_title": "水墨诗文",
    "dbz1_page": "http://fengjicai.artron.net/works_detail_BRT000000025151",
    "dbz1_pic": "http://img1.artron.net/artist/A0007479/small_brt0006750043.jpg",
    "dbz2_title": "唤春",
    "dbz2_page": "http://fengjicai.artron.net/works_detail_BRT000000022567",
    "dbz2_pic": "http://img1.artron.net/artist/A0007479/small_brt0006750001.jpg",
    "dbz3_title": "晨曦",
    "dbz3_page": "http://fengjicai.artron.net/works_detail_BRT000000022568",
    "dbz3_pic": "http://img1.artron.net/artist/A0007479/small_brt0006750002.jpg"
}