{
    "name": "刘藕生",
    "artist_pic": "imgs/loading.gif",
    "artist_info1": "籍贯地区：佛山",
    "artist_info2": "所属类别：工艺美术家",
    "artist_info3": "毕业院校：其他学校",
    "dbz1_title": "笑佛显神通",
    "dbz1_page": "http://artist.artron.net/yishujia0223126/2-91825.html",
    "dbz1_pic": "http://img10.artimg.net/newart/2015/0305/1425539533_928908.jpg.small.jpg",
    "dbz2_title": "年年有余",
    "dbz2_page": "http://artist.artron.net/yishujia0223126/2-91824.html",
    "dbz2_pic": "http://img10.artimg.net/newart/2015/0305/1425539514_528866.jpg.small.jpg",
    "dbz3_title": "任伯年",
    "dbz3_page": "http://artist.artron.net/yishujia0223126/2-91823.html",
    "dbz3_pic": "http://img10.artimg.net/newart/2015/0305/1425539508_410488.jpg.small.jpg"
}