{
    "name": "冯长收",
    "artist_pic": "imgs/loading.gif",
    "artist_info1": "籍贯地区：山东省",
    "artist_info2": "所属类别：国画",
    "artist_info3": "毕业院校：清华大学美术学院",
    "dbz1_title": "一花独秀天地春",
    "dbz1_page": "http://artist.artron.net/yishujia0266025/2-69036.html",
    "dbz1_pic": "http://img10.artimg.net/newart/2014/1209/1418060281_516651.jpg.small.jpg",
    "dbz2_title": "清气满乾坤",
    "dbz2_page": "http://artist.artron.net/yishujia0266025/2-69035.html",
    "dbz2_pic": "http://img10.artimg.net/newart/2014/1209/1418060152_993912.jpg.small.jpg",
    "dbz3_title": "清气满乾坤",
    "dbz3_page": "http://artist.artron.net/yishujia0266025/2-69034.html",
    "dbz3_pic": "http://img10.artimg.net/newart/2014/1209/1418060016_231190.jpg.small.jpg"
}