{
    "name": "俞晓夫",
    "artist_pic": "imgs/loading.gif",
    "artist_info1": "籍贯地区：江苏",
    "artist_info2": "所属类别：油画",
    "artist_info3": "毕业院校：上海戏剧学院",
    "dbz1_title": "戴头巾的女人 ",
    "dbz1_page": "http://yuxiaofu.artron.net/works_detail_brt000025000271",
    "dbz1_pic": "http://img1.artron.net/artist/A0000250/small_brt000025000271.jpg",
    "dbz2_title": "静物",
    "dbz2_page": "http://yuxiaofu.artron.net/works_detail_BRT000000017926",
    "dbz2_pic": "http://img1.artron.net/artist/A0000250/small_brt0006180001.jpg",
    "dbz3_title": "同出一个灰色的空间（双联画之右）",
    "dbz3_page": "http://yuxiaofu.artron.net/works_detail_BRT000000017927",
    "dbz3_pic": "http://img1.artron.net/artist/A0000250/small_brt0006180002.jpg"
}