{
    "name": "任大庆",
    "artist_pic": "imgs/loading.gif",
    "artist_info1": "籍贯地区：江苏省南京市",
    "artist_info2": "所属类别：国画",
    "artist_info3": "毕业院校：南京艺术学院",
    "dbz1_title": "四月",
    "dbz1_page": "http://artist.artron.net/yishujia0262535/2-1565.html",
    "dbz1_pic": "http://img10.artimg.net/newart/2014/0210/1392024257_118633.jpg.small.jpg",
    "dbz2_title": "主雅客来勤",
    "dbz2_page": "http://artist.artron.net/yishujia0262535/2-1564.html",
    "dbz2_pic": "http://img10.artimg.net/newart/2014/0210/1392024184_860288.jpg.small.jpg",
    "dbz3_title": "悠然之乐",
    "dbz3_page": "http://artist.artron.net/yishujia0262535/2-1563.html",
    "dbz3_pic": "http://img10.artimg.net/newart/2014/0210/1392024103_990722.jpg.small.jpg"
}