{
    "name": "任赛",
    "artist_pic": "imgs/loading.gif",
    "artist_info1": "籍贯地区：",
    "artist_info2": "所属类别：国画",
    "artist_info3": "毕业院校：其它学校",
    "dbz1_title": "烟霞此地多之胜景",
    "dbz1_page": "http://rensai.artron.net/works_detail_brt026641900001",
    "dbz1_pic": "http://img3.artron.net/artist/A0266419/small_brt026641900001.jpg",
    "dbz2_title": "春江水暖鸭先知",
    "dbz2_page": "http://rensai.artron.net/works_detail_brt026641900002",
    "dbz2_pic": "http://img3.artron.net/artist/A0266419/small_brt026641900002.jpg",
    "dbz3_title": "当时浣花桥",
    "dbz3_page": "http://rensai.artron.net/works_detail_brt026641900004",
    "dbz3_pic": "http://img3.artron.net/artist/A0266419/small_brt026641900004.jpg"
}