{
    "name": "刘宝平",
    "artist_pic": "imgs/loading.gif",
    "artist_info1": "籍贯地区：湖南",
    "artist_info2": "所属类别：国画",
    "artist_info3": "毕业院校：内蒙古师范学院",
    "dbz1_title": "大漠情深",
    "dbz1_page": "http://liubaoping.artron.net/works_detail_brt000347900003",
    "dbz1_pic": "http://img3.artron.net/artist/A0003479/small_brt000347900003.jpg",
    "dbz2_title": "作品001",
    "dbz2_page": "http://liubaoping.artron.net/works_detail_brt000347900006",
    "dbz2_pic": "http://img3.artron.net/artist/A0003479/small_brt000347900006.jpg",
    "dbz3_title": "童趣",
    "dbz3_page": "http://liubaoping.artron.net/works_detail_brt000347900007",
    "dbz3_pic": "http://img3.artron.net/artist/A0003479/small_brt000347900007.jpg"
}