{
    "name": "侯荣",
    "artist_pic": "imgs/loading.gif",
    "artist_info1": "籍贯地区：四川绵竹",
    "artist_info2": "所属类别：其它",
    "artist_info3": "毕业院校：四川美术学院",
    "dbz1_title": "鱼",
    "dbz1_page": "http://artist.artron.net/yishujia0001564/2-29543.html",
    "dbz1_pic": "http://img10.artimg.net/newart/2014/0806/1407292169_702636.JPG.small.jpg",
    "dbz2_title": "小鸟图",
    "dbz2_page": "http://artist.artron.net/yishujia0001564/2-29542.html",
    "dbz2_pic": "http://img10.artimg.net/newart/2014/0806/1407292151_742256.JPG.small.jpg",
    "dbz3_title": "家",
    "dbz3_page": "http://artist.artron.net/yishujia0001564/2-29539.html",
    "dbz3_pic": "http://img10.artimg.net/newart/2014/0806/1407291642_436357.JPG.small.jpg"
}