{
    "name": "刘墉（当代）",
    "artist_pic": "imgs/loading.gif",
    "artist_info1": "籍贯地区：北京",
    "artist_info2": "所属类别：国画",
    "artist_info3": "毕业院校：台湾师范大学",
    "dbz1_title": "泉声咽危石",
    "dbz1_page": "http://lyart.artron.net/works_detail_brt026613100001",
    "dbz1_pic": "http://img2.artron.net/artist/A0266131/small_brt026613100001.jpg",
    "dbz2_title": "书卷江山",
    "dbz2_page": "http://lyart.artron.net/works_detail_brt026613100002",
    "dbz2_pic": "http://img2.artron.net/artist/A0266131/small_brt026613100002.jpg",
    "dbz3_title": "金碧山水001",
    "dbz3_page": "http://lyart.artron.net/works_detail_brt026613100003",
    "dbz3_pic": "http://img2.artron.net/artist/A0266131/small_brt026613100003.jpg"
}