{
    "name": "刘溯",
    "artist_pic": "imgs/loading.gif",
    "artist_info1": "籍贯地区：",
    "artist_info2": "所属类别：油画",
    "artist_info3": "毕业院校：首都师范大学",
    "dbz1_title": "中国红",
    "dbz1_page": "http://liusu.artron.net/works_detail_brt021562600108",
    "dbz1_pic": "http://img1.artron.net/artist/A0215626/small_brt021562600108.jpg",
    "dbz2_title": "绣球花开",
    "dbz2_page": "http://liusu.artron.net/works_detail_brt021562600002",
    "dbz2_pic": "http://img1.artron.net/artist/A0215626/small_brt021562600002.jpg",
    "dbz3_title": "唯美至上--水月",
    "dbz3_page": "http://liusu.artron.net/works_detail_brt021562600003",
    "dbz3_pic": "http://img1.artron.net/artist/A0215626/small_brt021562600003.jpg"
}