{
    "name": "叶瑞琨",
    "artist_pic": "imgs/loading.gif",
    "artist_info1": "籍贯地区：",
    "artist_info2": "所属类别：其它",
    "artist_info3": "毕业院校：其他学校",
    "dbz1_title": "曼殊诗意",
    "dbz1_page": "http://yeruikun.artron.net/works_detail_brt020209100001",
    "dbz1_pic": "http://img1.artron.net/artist/A0202091/small_brt020209100001.jpg",
    "dbz2_title": "西风吹下红雨来",
    "dbz2_page": "http://yeruikun.artron.net/works_detail_brt020209100002",
    "dbz2_pic": "http://img1.artron.net/artist/A0202091/small_brt020209100002.jpg",
    "dbz3_title": "蜀山深幽册页之一",
    "dbz3_page": "http://yeruikun.artron.net/works_detail_brt020209100054",
    "dbz3_pic": "http://img4.artron.net/artist/A0202091/small_brt020209100054.jpg"
}