{
    "name": "何劲松",
    "artist_pic": "imgs/loading.gif",
    "artist_info1": "籍贯地区：",
    "artist_info2": "所属类别：国画,书法",
    "artist_info3": "毕业院校：北京大学",
    "dbz1_title": "作品001",
    "dbz1_page": "http://hejinsong.artron.net/works_detail_brt026051100001",
    "dbz1_pic": "http://img2.artron.net/artist/A0260511/small_brt026051100001.jpg",
    "dbz2_title": "作品002",
    "dbz2_page": "http://hejinsong.artron.net/works_detail_brt026051100002",
    "dbz2_pic": "http://img2.artron.net/artist/A0260511/small_brt026051100002.jpg",
    "dbz3_title": "作品003",
    "dbz3_page": "http://hejinsong.artron.net/works_detail_brt026051100003",
    "dbz3_pic": "http://img2.artron.net/artist/A0260511/small_brt026051100003.jpg"
}