{
    "name": "刘宝纯",
    "artist_pic": "imgs/loading.gif",
    "artist_info1": "籍贯地区：山东",
    "artist_info2": "所属类别：国画",
    "artist_info3": "毕业院校：其他学校",
    "dbz1_title": "红透山谷",
    "dbz1_page": "http://liubaochun.artron.net/works_detail_brt000347700015",
    "dbz1_pic": "http://img3.artron.net/artist/A0003477/small_brt000347700015.jpg",
    "dbz2_title": "墨竹（一）",
    "dbz2_page": "http://liubaochun.artron.net/works_detail_BRT000000013174",
    "dbz2_pic": "http://img1.artron.net/artist/A0003477/small_brt0004330009.jpg",
    "dbz3_title": "紫气东来旭日升",
    "dbz3_page": "http://liubaochun.artron.net/works_detail_brt000347700028",
    "dbz3_pic": "http://img3.artron.net/artist/A0003477/small_brt000347700028.jpg"
}