{
    "name": "北海",
    "artist_pic": "imgs/loading.gif",
    "artist_info1": "籍贯地区：北京市",
    "artist_info2": "所属类别：国画",
    "artist_info3": "毕业院校：中央美术学院",
    "dbz1_title": "祥云瑞气",
    "dbz1_page": "http://artist.artron.net/yishujia0266035/2-97577.html",
    "dbz1_pic": "http://img10.artimg.net/newart/2015/0404/1428151896_211783.jpg.small.jpg",
    "dbz2_title": "北海作品",
    "dbz2_page": "http://artist.artron.net/yishujia0266035/2-66660.html",
    "dbz2_pic": "http://img10.artimg.net/newart/2014/1202/1417526333_258307.jpg.small.jpg",
    "dbz3_title": "北海作品",
    "dbz3_page": "http://artist.artron.net/yishujia0266035/2-66658.html",
    "dbz3_pic": "http://img10.artimg.net/newart/2014/1202/1417526332_476843.jpg.small.jpg"
}