{
    "name": "丁彬",
    "artist_pic": "imgs/loading.gif",
    "artist_info1": "籍贯地区：北京",
    "artist_info2": "所属类别：当代艺术",
    "artist_info3": "毕业院校：中央美术学院",
    "dbz1_title": "地图系列四号-中国",
    "dbz1_page": "http://dingbin.artron.net/works_detail_brt026291300001",
    "dbz1_pic": "http://img1.artron.net/artist/A0262913/small_brt026291300001.jpg",
    "dbz2_title": "地图系列五号-中国",
    "dbz2_page": "http://dingbin.artron.net/works_detail_brt026291300038",
    "dbz2_pic": "http://img2.artron.net/artist/A0262913/small_brt026291300038.jpg",
    "dbz3_title": "地图系列八号-中国",
    "dbz3_page": "http://dingbin.artron.net/works_detail_brt026291300037",
    "dbz3_pic": "http://img2.artron.net/artist/A0262913/small_brt026291300037.jpg"
}