{
    "name": "叶毓中",
    "artist_pic": "imgs/loading.gif",
    "artist_info1": "籍贯地区：四川德阳",
    "artist_info2": "所属类别：国画",
    "artist_info3": "毕业院校：四川美术学院",
    "dbz1_title": "作品001",
    "dbz1_page": "http://yeyuzhong.artron.net/works_detail_brt013599500001",
    "dbz1_pic": "http://img1.artron.net/artist/A0135995/small_brt013599500001.jpg",
    "dbz2_title": "作品002",
    "dbz2_page": "http://yeyuzhong.artron.net/works_detail_brt013599500002",
    "dbz2_pic": "http://img1.artron.net/artist/A0135995/small_brt013599500002.jpg",
    "dbz3_title": "作品003",
    "dbz3_page": "http://yeyuzhong.artron.net/works_detail_brt013599500003",
    "dbz3_pic": "http://img1.artron.net/artist/A0135995/small_brt013599500003.jpg"
}