{
    "name": "何永兴",
    "artist_pic": "imgs/loading.gif",
    "artist_info1": "籍贯地区：",
    "artist_info2": "所属类别：油画",
    "artist_info3": "毕业院校：中央美术学院",
    "dbz1_title": "城市风景",
    "dbz1_page": "http://heyongxing.artron.net/works_detail_brt026195600002",
    "dbz1_pic": "http://img5.artron.net/artist/A0261956/small_brt026195600002.jpg",
    "dbz2_title": "灰色城市",
    "dbz2_page": "http://heyongxing.artron.net/works_detail_brt026195600003",
    "dbz2_pic": "http://img5.artron.net/artist/A0261956/small_brt026195600003.jpg",
    "dbz3_title": "有空调的风景",
    "dbz3_page": "http://heyongxing.artron.net/works_detail_brt026195600004",
    "dbz3_pic": "http://img5.artron.net/artist/A0261956/small_brt026195600004.jpg"
}