{
    "name": "刘恚君",
    "artist_pic": "imgs/loading.gif",
    "artist_info1": "籍贯地区：",
    "artist_info2": "所属类别：油画",
    "artist_info3": "毕业院校：河北工艺美校",
    "dbz1_title": "梦游江南",
    "dbz1_page": "http://liuhuijun.artron.net/works_detail_brt026058401270",
    "dbz1_pic": "http://img2.artron.net/artist/A0260584/small_brt026058401270.jpg",
    "dbz2_title": "搁浅的小舟",
    "dbz2_page": "http://liuhuijun.artron.net/works_detail_brt026058401265",
    "dbz2_pic": "http://img4.artron.net/artist/A0260584/small_brt026058401265.jpg",
    "dbz3_title": "月色朦胧",
    "dbz3_page": "http://liuhuijun.artron.net/works_detail_brt026058401267",
    "dbz3_pic": "http://img2.artron.net/artist/A0260584/small_brt026058401267.jpg"
}