{
    "name": "刘朝晖",
    "artist_pic": "imgs/loading.gif",
    "artist_info1": "籍贯地区：",
    "artist_info2": "所属类别：摄影",
    "artist_info3": "毕业院校：其它学校",
    "dbz1_title": "山西民间庙会之“背棍”表演的乡民",
    "dbz1_page": "http://liuzhaohui.artron.net/main.php?pFlag=exhibi_2&aid=A0266635&cate=21530&wrkid=brt026663500001#showPicTop",
    "dbz1_pic": "http://img5.artron.net/artist/A0266635/small_brt026663500001.jpg",
    "dbz2_title": "山西民间庙会之表演中的盔甲社火",
    "dbz2_page": "http://liuzhaohui.artron.net/main.php?pFlag=exhibi_2&aid=A0266635&cate=21530&wrkid=brt026663500002#showPicTop",
    "dbz2_pic": "http://img5.artron.net/artist/A0266635/small_brt026663500002.jpg",
    "dbz3_title": "山西民间庙会之表演竹马的妇女",
    "dbz3_page": "http://liuzhaohui.artron.net/main.php?pFlag=exhibi_2&aid=A0266635&cate=21530&wrkid=brt026663500003#showPicTop",
    "dbz3_pic": "http://img5.artron.net/artist/A0266635/small_brt026663500003.jpg"
}