{
    "name": "何洵瑶",
    "artist_pic": "imgs/loading.gif",
    "artist_info1": "籍贯地区：",
    "artist_info2": "所属类别：国画",
    "artist_info3": "毕业院校：其他学校",
    "dbz1_title": "紫荆",
    "dbz1_page": "http://hexunyao.artron.net/main.php?pFlag=exhibi_2&aid=A0259575&cate=18657&wrkid=brt025957500074#showPicTop",
    "dbz1_pic": "http://img2.artron.net/artist/A0259575/small_brt025957500074.jpg",
    "dbz2_title": "紅棉",
    "dbz2_page": "http://hexunyao.artron.net/main.php?pFlag=exhibi_2&aid=A0259575&cate=18657&wrkid=brt025957500075#showPicTop",
    "dbz2_pic": "http://img2.artron.net/artist/A0259575/small_brt025957500075.jpg",
    "dbz3_title": "洋紫荊",
    "dbz3_page": "http://hexunyao.artron.net/main.php?pFlag=exhibi_2&aid=A0259575&cate=18657&wrkid=brt025957500076#showPicTop",
    "dbz3_pic": "http://img2.artron.net/artist/A0259575/small_brt025957500076.jpg"
}