{
    "name": "刘梦醒",
    "artist_pic": "imgs/loading.gif",
    "artist_info1": "籍贯地区：江苏省",
    "artist_info2": "所属类别：油画",
    "artist_info3": "毕业院校：上海师范大学",
    "dbz1_title": "From A4 paper to object-No.2",
    "dbz1_page": "http://artist.artron.net/yishujia0266480/2-112926.html",
    "dbz1_pic": "http://img10.artimg.net/newart/2015/0531/1433002884_851434.jpg.small.jpg",
    "dbz2_title": "From A4 paper to object-No.3",
    "dbz2_page": "http://artist.artron.net/yishujia0266480/2-112920.html",
    "dbz2_pic": "http://img10.artimg.net/newart/2015/0531/1433002808_528881.jpg.small.jpg",
    "dbz3_title": "From A4 paper to object-No.1",
    "dbz3_page": "http://artist.artron.net/yishujia0266480/2-112917.html",
    "dbz3_pic": "http://img10.artimg.net/newart/2015/0531/1433002704_407933.jpg.small.jpg"
}