{
    "name": "刘大鸣",
    "artist_pic": "imgs/loading.gif",
    "artist_info1": "籍贯地区：江苏邳州",
    "artist_info2": "所属类别：国画",
    "artist_info3": "毕业院校：其他学校",
    "dbz1_title": "都市变奏曲之融和",
    "dbz1_page": "http://ldm.artron.net/works_detail_brt026179000001",
    "dbz1_pic": "http://img4.artron.net/artist/A0261790/small_brt026179000001.jpg",
    "dbz2_title": "都市变奏曲之海上明珠",
    "dbz2_page": "http://ldm.artron.net/works_detail_brt026179000002",
    "dbz2_pic": "http://img4.artron.net/artist/A0261790/small_brt026179000002.jpg",
    "dbz3_title": "都市变奏曲之现代中国",
    "dbz3_page": "http://ldm.artron.net/works_detail_brt026179000003",
    "dbz3_pic": "http://img4.artron.net/artist/A0261790/small_brt026179000003.jpg"
}