{
    "name": "叶泉",
    "artist_pic": "imgs/loading.gif",
    "artist_info1": "籍贯地区：广东",
    "artist_info2": "所属类别：其它",
    "artist_info3": "毕业院校：广州美术学院",
    "dbz1_title": "海芋 ",
    "dbz1_page": "http://artist.artron.net/yishujia0211515/2-74229.html",
    "dbz1_pic": "http://img10.artimg.net/newart/2014/1223/1419348715_707557.JPG.small.jpg",
    "dbz2_title": "灿若举霞 ",
    "dbz2_page": "http://artist.artron.net/yishujia0211515/2-74228.html",
    "dbz2_pic": "http://img10.artimg.net/newart/2014/1223/1419348665_669521.jpg.small.jpg",
    "dbz3_title": "白猿夜月 ",
    "dbz3_page": "http://artist.artron.net/yishujia0211515/2-74227.html",
    "dbz3_pic": "http://img10.artimg.net/newart/2014/1223/1419348584_491086.JPG.small.jpg"
}