{
    "name": "刘曦林",
    "artist_pic": "imgs/loading.gif",
    "artist_info1": "籍贯地区：",
    "artist_info2": "所属类别：机构及行业协会,国画",
    "artist_info3": "毕业院校：中央美术学院",
    "dbz1_title": "风景作品001",
    "dbz1_page": "http://liuxilin.artron.net/works_detail_brt000714600001",
    "dbz1_pic": "http://img4.artron.net/artist/A0007146/small_brt000714600001.jpg",
    "dbz2_title": "风景作品002",
    "dbz2_page": "http://liuxilin.artron.net/works_detail_brt000714600002",
    "dbz2_pic": "http://img4.artron.net/artist/A0007146/small_brt000714600002.jpg",
    "dbz3_title": "风景作品003",
    "dbz3_page": "http://liuxilin.artron.net/works_detail_brt000714600003",
    "dbz3_pic": "http://img4.artron.net/artist/A0007146/small_brt000714600003.jpg"
}