{
    "name": "刘彦",
    "artist_pic": "imgs/loading.gif",
    "artist_info1": "籍贯地区：",
    "artist_info2": "所属类别：油画",
    "artist_info3": "毕业院校：吉林大学",
    "dbz1_title": "琥珀中国",
    "dbz1_page": "http://liuyanly.artron.net/works_detail_brt026134400127",
    "dbz1_pic": "http://img5.artron.net/artist/A0261344/small_brt026134400127.jpg",
    "dbz2_title": "哈尔滨动力区某街道",
    "dbz2_page": "http://liuyanly.artron.net/works_detail_brt026134400001",
    "dbz2_pic": "http://img5.artron.net/artist/A0261344/small_brt026134400001.jpg",
    "dbz3_title": "哈尔滨中医学院风景",
    "dbz3_page": "http://liuyanly.artron.net/works_detail_brt026134400002",
    "dbz3_pic": "http://img5.artron.net/artist/A0261344/small_brt026134400002.jpg"
}