{
    "name": "刘天呈",
    "artist_pic": "imgs/loading.gif",
    "artist_info1": "籍贯地区：",
    "artist_info2": "所属类别：油画",
    "artist_info3": "毕业院校：中国美院",
    "dbz1_title": "风景作品01",
    "dbz1_page": "http://liutiancheng.artron.net/works_detail_brt000670700001",
    "dbz1_pic": "http://img1.artron.net/artist/A0006707/small_brt000670700001.jpg",
    "dbz2_title": "风景作品02",
    "dbz2_page": "http://liutiancheng.artron.net/works_detail_brt000670700002",
    "dbz2_pic": "http://img1.artron.net/artist/A0006707/small_brt000670700002.jpg",
    "dbz3_title": "风景作品03",
    "dbz3_page": "http://liutiancheng.artron.net/works_detail_brt000670700003",
    "dbz3_pic": "http://img1.artron.net/artist/A0006707/small_brt000670700003.jpg"
}