{
    "name": "刘鹏凯",
    "artist_pic": "imgs/loading.gif",
    "artist_info1": "籍贯地区：河北省",
    "artist_info2": "所属类别：其它,国画",
    "artist_info3": "毕业院校：清华大学美术学院",
    "dbz1_title": "飞瀑",
    "dbz1_page": "http://artist.artron.net/yishujia0266087/2-70685.html",
    "dbz1_pic": "http://img10.artimg.net/newart/2014/1214/1418568106_397358.jpeg.small.jpg",
    "dbz2_title": "彩墨山水",
    "dbz2_page": "http://artist.artron.net/yishujia0266087/2-70684.html",
    "dbz2_pic": "http://img10.artimg.net/newart/2014/1214/1418568038_185678.jpeg.small.jpg",
    "dbz3_title": "幽谷清韵",
    "dbz3_page": "http://artist.artron.net/yishujia0266087/2-70683.html",
    "dbz3_pic": "http://img10.artimg.net/newart/2014/1214/1418567942_214610.jpeg.small.jpg"
}