{
    "name": "刘健（书法）",
    "artist_pic": "imgs/loading.gif",
    "artist_info1": "籍贯地区：山东",
    "artist_info2": "所属类别：书法",
    "artist_info3": "毕业院校：其他学校",
    "dbz1_title": "草书·朝露暮云联",
    "dbz1_page": "http://liujian.artron.net/works_detail_brt020985600001",
    "dbz1_pic": "http://img1.artron.net/artist/A0209856/small_brt020985600001.jpg",
    "dbz2_title": "草书·高怀和气联",
    "dbz2_page": "http://liujian.artron.net/works_detail_brt020985600002",
    "dbz2_pic": "http://img1.artron.net/artist/A0209856/small_brt020985600002.jpg",
    "dbz3_title": "草书·宋人绝句",
    "dbz3_page": "http://liujian.artron.net/works_detail_brt020985600003",
    "dbz3_pic": "http://img1.artron.net/artist/A0209856/small_brt020985600003.jpg"
}