{
    "name": "何森",
    "artist_pic": "imgs/loading.gif",
    "artist_info1": "籍贯地区：",
    "artist_info2": "所属类别：油画",
    "artist_info3": "毕业院校：四川美术学院",
    "dbz1_title": "残缺世纪的注解之二^_^<br>shattered world2",
    "dbz1_page": "http://hesen.artron.net/works_detail_brt000682400001",
    "dbz1_pic": "http://img5.artron.net/artist/A0006824/small_brt000682400001.jpg",
    "dbz2_title": "残缺世纪的注解之一^_^<br>shattered world1",
    "dbz2_page": "http://hesen.artron.net/works_detail_brt000682400002",
    "dbz2_pic": "http://img5.artron.net/artist/A0006824/small_brt000682400002.jpg",
    "dbz3_title": "静物和人^_^<br>figure and still life",
    "dbz3_page": "http://hesen.artron.net/works_detail_brt000682400003",
    "dbz3_pic": "http://img5.artron.net/artist/A0006824/small_brt000682400003.jpg"
}