{
    "name": "东方涂钦",
    "artist_pic": "imgs/loading.gif",
    "artist_info1": "籍贯地区：",
    "artist_info2": "所属类别：油画,当代艺术",
    "artist_info3": "毕业院校：山东大学",
    "dbz1_title": "瓷之一",
    "dbz1_page": "http://dongfangtuqin.artron.net/works_detail_brt026078900001",
    "dbz1_pic": "http://img3.artron.net/artist/A0260789/small_brt026078900001.jpg",
    "dbz2_title": "瓷之二",
    "dbz2_page": "http://dongfangtuqin.artron.net/works_detail_brt026078900002",
    "dbz2_pic": "http://img3.artron.net/artist/A0260789/small_brt026078900002.jpg",
    "dbz3_title": "瓷之三",
    "dbz3_page": "http://dongfangtuqin.artron.net/works_detail_brt026078900003",
    "dbz3_pic": "http://img3.artron.net/artist/A0260789/small_brt026078900003.jpg"
}