{
    "name": "刘颖悟",
    "artist_pic": "imgs/loading.gif",
    "artist_info1": "籍贯地区：",
    "artist_info2": "所属类别：油画",
    "artist_info3": "毕业院校：江西师范大学美术学院",
    "dbz1_title": "《八一镇郊外》",
    "dbz1_page": "http://liuyingwu.artron.net/works_detail_brt021644000001",
    "dbz1_pic": "http://img3.artron.net/artist/A0216440/small_brt021644000001.jpg",
    "dbz2_title": "《白云下的山脉》",
    "dbz2_page": "http://liuyingwu.artron.net/works_detail_brt021644000002",
    "dbz2_pic": "http://img3.artron.net/artist/A0216440/small_brt021644000002.jpg",
    "dbz3_title": "《风景》（1）",
    "dbz3_page": "http://liuyingwu.artron.net/works_detail_brt021644000003",
    "dbz3_pic": "http://img3.artron.net/artist/A0216440/small_brt021644000003.jpg"
}