{
    "name": "丁龙发",
    "artist_pic": "imgs/loading.gif",
    "artist_info1": "籍贯地区：湖北省",
    "artist_info2": "所属类别：油画",
    "artist_info3": "毕业院校：华中师范大学",
    "dbz1_title": "武汉黄陂李上湾写生",
    "dbz1_page": "http://artist.artron.net/yishujia0265851/2-64272.html",
    "dbz1_pic": "http://img10.artimg.net/newart/2014/1215/1418623139_724835.jpg.small.jpg",
    "dbz2_title": "西递写生",
    "dbz2_page": "http://artist.artron.net/yishujia0265851/2-60314.html",
    "dbz2_pic": "http://img10.artimg.net/newart/2014/1214/1418538744_152315.jpg.small.jpg",
    "dbz3_title": "宏村写生",
    "dbz3_page": "http://artist.artron.net/yishujia0265851/2-60313.html",
    "dbz3_pic": "http://img10.artimg.net/newart/2014/1214/1418538819_658007.jpg.small.jpg"
}