{
    "name": "化建国",
    "artist_pic": "imgs/loading.gif",
    "artist_info1": "籍贯地区：河南开封",
    "artist_info2": "所属类别：国画",
    "artist_info3": "毕业院校：其它学校",
    "dbz1_title": "矿工札记",
    "dbz1_page": "http://huajianguo.artron.net/works_detail_brt025959900001",
    "dbz1_pic": "http://img4.artron.net/artist/A0259599/small_brt025959900001.jpg",
    "dbz2_title": "矿工札记",
    "dbz2_page": "http://huajianguo.artron.net/works_detail_brt025959900002",
    "dbz2_pic": "http://img4.artron.net/artist/A0259599/small_brt025959900002.jpg",
    "dbz3_title": "矿工札记",
    "dbz3_page": "http://huajianguo.artron.net/works_detail_brt025959900003",
    "dbz3_pic": "http://img4.artron.net/artist/A0259599/small_brt025959900003.jpg"
}