{
    "name": "匡仲英",
    "artist_pic": "imgs/loading.gif",
    "artist_info1": "籍贯地区：湖南长沙",
    "artist_info2": "所属类别：书法,国画",
    "artist_info3": "毕业院校：其他学校",
    "dbz1_title": "写生荷花",
    "dbz1_page": "http://artist.artron.net/yishujia0136036/2-77753.html",
    "dbz1_pic": "http://img10.artimg.net/newart/2015/0105/1420444538_712344.jpg.small.jpg",
    "dbz2_title": "写生琼花",
    "dbz2_page": "http://artist.artron.net/yishujia0136036/2-77752.html",
    "dbz2_pic": "http://img10.artimg.net/newart/2015/0105/1420444425_265735.jpg.small.jpg",
    "dbz3_title": "山寺晓岚",
    "dbz3_page": "http://artist.artron.net/yishujia0136036/2-77751.html",
    "dbz3_pic": "http://img10.artimg.net/newart/2015/0105/1420444167_504482.jpg.small.jpg"
}