{
    "name": "傅泽南",
    "artist_pic": "imgs/loading.gif",
    "artist_info1": "籍贯地区：江苏南京",
    "artist_info2": "所属类别：油画",
    "artist_info3": "毕业院校：苏州大学艺术学院",
    "dbz1_title": "绰约",
    "dbz1_page": "http://fuzenan.artron.net/works_detail_brt026660800001",
    "dbz1_pic": "http://img2.artron.net/artist/A0266608/small_brt026660800001.jpg",
    "dbz2_title": "弹起我的土琵琶",
    "dbz2_page": "http://fuzenan.artron.net/works_detail_brt026660800002",
    "dbz2_pic": "http://img2.artron.net/artist/A0266608/small_brt026660800002.jpg",
    "dbz3_title": "混元1号",
    "dbz3_page": "http://fuzenan.artron.net/works_detail_brt026660800003",
    "dbz3_pic": "http://img2.artron.net/artist/A0266608/small_brt026660800003.jpg"
}