{
    "name": "卢沉",
    "artist_pic": "imgs/loading.gif",
    "artist_info1": "籍贯地区：江苏",
    "artist_info2": "所属类别：国画",
    "artist_info3": "毕业院校：中央美术学院",
    "dbz1_title": "东坡中秋词",
    "dbz1_page": "http://luchen.artron.net/works_detail_brt000387500001",
    "dbz1_pic": "http://img3.artron.net/artist/A0003875/small_brt000387500001.jpg",
    "dbz2_title": "书法",
    "dbz2_page": "http://luchen.artron.net/works_detail_brt000387500002",
    "dbz2_pic": "http://img3.artron.net/artist/A0003875/small_brt000387500002.jpg",
    "dbz3_title": "风雨近重阳",
    "dbz3_page": "http://luchen.artron.net/works_detail_brt000387500003",
    "dbz3_pic": "http://img3.artron.net/artist/A0003875/small_brt000387500003.jpg"
}