{
    "name": "刘业全",
    "artist_pic": "imgs/loading.gif",
    "artist_info1": "籍贯地区：",
    "artist_info2": "所属类别：国画",
    "artist_info3": "毕业院校：其他学校",
    "dbz1_title": "2014-08-16 095830",
    "dbz1_page": "http://artist.artron.net/yishujia0261958/2-35672.html",
    "dbz1_pic": "http://img10.artimg.net/newart/2014/0822/1408713109_524315.jpg.small.jpg",
    "dbz2_title": "2014-08-16 094611",
    "dbz2_page": "http://artist.artron.net/yishujia0261958/2-35671.html",
    "dbz2_pic": "http://img10.artimg.net/newart/2014/0822/1408713098_812825.jpg.small.jpg",
    "dbz3_title": "硕果图",
    "dbz3_page": "http://artist.artron.net/yishujia0261958/2-23939.html",
    "dbz3_pic": "http://img10.artimg.net/newart/2014/0719/1405750474_768236.jpg.small.jpg"
}