{
    "name": "伍思潮",
    "artist_pic": "imgs/loading.gif",
    "artist_info1": "籍贯地区：广东省",
    "artist_info2": "所属类别：书法",
    "artist_info3": "毕业院校：广州美术学院",
    "dbz1_title": "自求多福",
    "dbz1_page": "http://artist.artron.net/yishujia0266566/2-119222.html",
    "dbz1_pic": "http://img10.artimg.net/newart/2015/0618/1434631192_148769.jpg.small.jpg",
    "dbz2_title": "稚子宜教养 春花重栽培",
    "dbz2_page": "http://artist.artron.net/yishujia0266566/2-119221.html",
    "dbz2_pic": "http://img10.artimg.net/newart/2015/0618/1434631186_530441.jpg.small.jpg",
    "dbz3_title": "望美人兮",
    "dbz3_page": "http://artist.artron.net/yishujia0266566/2-119220.html",
    "dbz3_pic": "http://img10.artimg.net/newart/2015/0618/1434631184_957810.jpg.small.jpg"
}