{
    "name": "傅瑶",
    "artist_pic": "imgs/loading.gif",
    "artist_info1": "籍贯地区：内蒙古包头市",
    "artist_info2": "所属类别：油画",
    "artist_info3": "毕业院校：苏州大学美术学院",
    "dbz1_title": "斑马的抉择",
    "dbz1_page": "http://artist.artron.net/yishujia0262512/2-28466.html",
    "dbz1_pic": "http://img10.artimg.net/newart/2014/0801/1406897070_694142.jpg.small.jpg",
    "dbz2_title": "富贵闲人之桃花剑 ",
    "dbz2_page": "http://artist.artron.net/yishujia0262512/2-17840.html",
    "dbz2_pic": "http://img10.artimg.net/newart/2014/0703/1404371055_283828.jpg.small.jpg",
    "dbz3_title": "天马行，无牵挂 ",
    "dbz3_page": "http://artist.artron.net/yishujia0262512/2-17839.html",
    "dbz3_pic": "http://img10.artimg.net/newart/2014/0703/1404370626_820623.jpg.small.jpg"
}