{
    "name": "克里沃诺斯·亚历山大·谢尔盖耶维奇",
    "artist_pic": "imgs/loading.gif",
    "artist_info1": "籍贯地区：",
    "artist_info2": "所属类别：油画",
    "artist_info3": "毕业院校：列宁格勒瓦连京•亚历...",
    "dbz1_title": "红牛",
    "dbz1_page": "http://krivonos_a_s.artron.net/works_detail_brt026254700001",
    "dbz1_pic": "http://img3.artron.net/artist/A0262547/small_brt026254700001.jpg",
    "dbz2_title": "孤独",
    "dbz2_page": "http://krivonos_a_s.artron.net/works_detail_brt026254700002",
    "dbz2_pic": "http://img3.artron.net/artist/A0262547/small_brt026254700002.jpg",
    "dbz3_title": "弥诺陶罗斯的青春",
    "dbz3_page": "http://krivonos_a_s.artron.net/works_detail_brt026254700003",
    "dbz3_pic": "http://img3.artron.net/artist/A0262547/small_brt026254700003.jpg"
}