{
    "name": "刘佑局",
    "artist_pic": "imgs/loading.gif",
    "artist_info1": "籍贯地区：",
    "artist_info2": "所属类别：国画",
    "artist_info3": "毕业院校：其它学校",
    "dbz1_title": "牵线",
    "dbz1_page": "http://liuyouju.artron.net/works_detail_brt026511400001",
    "dbz1_pic": "http://img4.artron.net/artist/A0265114/small_brt026511400001.jpg",
    "dbz2_title": "洁白的山岚",
    "dbz2_page": "http://liuyouju.artron.net/works_detail_brt026511400002",
    "dbz2_pic": "http://img4.artron.net/artist/A0265114/small_brt026511400002.jpg",
    "dbz3_title": "绿韵",
    "dbz3_page": "http://liuyouju.artron.net/works_detail_brt026511400003",
    "dbz3_pic": "http://img4.artron.net/artist/A0265114/small_brt026511400003.jpg"
}