{
    "name": "南溪",
    "artist_pic": "imgs/loading.gif",
    "artist_info1": "籍贯地区：",
    "artist_info2": "所属类别：当代艺术",
    "artist_info3": "毕业院校：解放军艺术学院",
    "dbz1_title": "多彩的符号",
    "dbz1_page": "http://nanxi.artron.net/works_detail_brt000613000054",
    "dbz1_pic": "http://img1.artron.net/artist/A0006130/small_brt000613000054.jpg",
    "dbz2_title": "符号A",
    "dbz2_page": "http://nanxi.artron.net/works_detail_brt000613000055",
    "dbz2_pic": "http://img1.artron.net/artist/A0006130/small_brt000613000055.jpg",
    "dbz3_title": "红色的符号",
    "dbz3_page": "http://nanxi.artron.net/works_detail_brt000613000056",
    "dbz3_pic": "http://img1.artron.net/artist/A0006130/small_brt000613000056.jpg"
}