{
    "name": "冯倩",
    "artist_pic": "imgs/loading.gif",
    "artist_info1": "籍贯地区：山西省寿阳县",
    "artist_info2": "所属类别：其它",
    "artist_info3": "毕业院校：其他学校",
    "dbz1_title": "浓芳",
    "dbz1_page": "http://fengqian.artron.net/works_detail_brt021497000077",
    "dbz1_pic": "http://img4.artron.net/artist/A0214970/small_brt021497000077.jpg",
    "dbz2_title": "紫气东来",
    "dbz2_page": "http://fengqian.artron.net/works_detail_brt021497000078",
    "dbz2_pic": "http://img4.artron.net/artist/A0214970/small_brt021497000078.jpg",
    "dbz3_title": "清气满乾坤",
    "dbz3_page": "http://fengqian.artron.net/works_detail_brt021497000001",
    "dbz3_pic": "http://img1.artron.net/artist/A0214970/small_brt021497000001.jpg"
}