{
    "name": "senya",
    "artist_pic": "imgs/loading.gif",
    "artist_info1": "籍贯地区：四川省",
    "artist_info2": "所属类别：油画",
    "artist_info3": "毕业院校：其他学校",
    "dbz1_title": "万物生系列三",
    "dbz1_page": "http://artist.artron.net/yishujia0266235/2-100666.html",
    "dbz1_pic": "http://img10.artimg.net/newart/2015/0415/1429084311_926818.jpg.small.jpg",
    "dbz2_title": "万物生系列二",
    "dbz2_page": "http://artist.artron.net/yishujia0266235/2-98671.html",
    "dbz2_pic": "http://img10.artimg.net/newart/2015/0409/1428572881_425037.jpg.small.jpg",
    "dbz3_title": "万物生系列一",
    "dbz3_page": "http://artist.artron.net/yishujia0266235/2-98394.html",
    "dbz3_pic": "http://img10.artimg.net/newart/2015/0407/1428405329_312206.jpg.small.jpg"
}