{
    "name": "刘文进",
    "artist_pic": "imgs/loading.gif",
    "artist_info1": "籍贯地区：",
    "artist_info2": "所属类别：油画",
    "artist_info3": "毕业院校：鲁迅美术学院",
    "dbz1_title": "曹雪芹在西山",
    "dbz1_page": "http://liuwenjin.artron.net/works_detail_BRT000000007203",
    "dbz1_pic": "http://img1.artron.net/artist/A0005017/small_brt0003700001.jpg",
    "dbz2_title": "侧面女子",
    "dbz2_page": "http://liuwenjin.artron.net/works_detail_BRT000000007205",
    "dbz2_pic": "http://img1.artron.net/artist/A0005017/small_brt0003700002.jpg",
    "dbz3_title": "晨光",
    "dbz3_page": "http://liuwenjin.artron.net/works_detail_BRT000000007208",
    "dbz3_pic": "http://img1.artron.net/artist/A0005017/small_brt0003700003.jpg"
}