{
    "name": "严阵",
    "artist_pic": "imgs/loading.gif",
    "artist_info1": "籍贯地区：山东",
    "artist_info2": "所属类别：国画,油画",
    "artist_info3": "毕业院校：其他学校",
    "dbz1_title": "谁打碎了我的月亮",
    "dbz1_page": "http://yanzhen.artron.net/works_detail_brt000743400001",
    "dbz1_pic": "http://img5.artron.net/artist/A0007434/small_brt000743400001.jpg",
    "dbz2_title": "海誓",
    "dbz2_page": "http://yanzhen.artron.net/works_detail_brt000743400002",
    "dbz2_pic": "http://img5.artron.net/artist/A0007434/small_brt000743400002.jpg",
    "dbz3_title": "上海之夜（一）",
    "dbz3_page": "http://yanzhen.artron.net/works_detail_brt000743400003",
    "dbz3_pic": "http://img5.artron.net/artist/A0007434/small_brt000743400003.jpg"
}