{
    "name": "刘仁仙",
    "artist_pic": "imgs/loading.gif",
    "artist_info1": "籍贯地区：四川省",
    "artist_info2": "所属类别：油画",
    "artist_info3": "毕业院校：云南大学",
    "dbz1_title": "戴沙巾的女孩2",
    "dbz1_page": "http://artist.artron.net/yishujia0266571/2-116165.html",
    "dbz1_pic": "http://img10.artimg.net/newart/2015/0610/1433903362_398374.jpg.small.jpg",
    "dbz2_title": "戴沙巾的女孩1",
    "dbz2_page": "http://artist.artron.net/yishujia0266571/2-116164.html",
    "dbz2_pic": "http://img10.artimg.net/newart/2015/0610/1433903318_535505.jpg.small.jpg",
    "dbz3_title": "院子里的藤蔓植物",
    "dbz3_page": "http://artist.artron.net/yishujia0266571/2-116162.html",
    "dbz3_pic": "http://img10.artimg.net/newart/2015/0610/1433903265_168800.jpg.small.jpg"
}