{
    "name": "司徒乃钟",
    "artist_pic": "imgs/loading.gif",
    "artist_info1": "籍贯地区：广东",
    "artist_info2": "所属类别：国画",
    "artist_info3": "毕业院校：其他学校",
    "dbz1_title": "春回",
    "dbz1_page": "http://nigelszeto.artron.net/works_detail_brt026220000001",
    "dbz1_pic": "http://img4.artron.net/artist/A0262200/small_brt026220000001.jpg",
    "dbz2_title": "大足归来系列之(一)灭妖",
    "dbz2_page": "http://nigelszeto.artron.net/works_detail_brt026220000002",
    "dbz2_pic": "http://img4.artron.net/artist/A0262200/small_brt026220000002.jpg",
    "dbz3_title": "孤帆",
    "dbz3_page": "http://nigelszeto.artron.net/works_detail_brt026220000003",
    "dbz3_pic": "http://img4.artron.net/artist/A0262200/small_brt026220000003.jpg"
}