{
    "name": "刘柳",
    "artist_pic": "imgs/loading.gif",
    "artist_info1": "籍贯地区：湖南省郴州市",
    "artist_info2": "所属类别：油画",
    "artist_info3": "毕业院校：其它学校",
    "dbz1_title": "女人体",
    "dbz1_page": "http://artist.artron.net/yishujia0262522/2-615.html",
    "dbz1_pic": "http://img10.artimg.net/newart/2013/1219/1387417486_552550.jpg.small.jpg",
    "dbz2_title": "群舞",
    "dbz2_page": "http://artist.artron.net/yishujia0262522/2-614.html",
    "dbz2_pic": "http://img10.artimg.net/newart/2013/1219/1387417393_233751.jpg.small.jpg",
    "dbz3_title": "半身像",
    "dbz3_page": "http://artist.artron.net/yishujia0262522/2-611.html",
    "dbz3_pic": "http://img10.artimg.net/newart/2013/1218/1387353567_268613.jpg.small.jpg"
}