{
    "name": "于帆",
    "artist_pic": "imgs/loading.gif",
    "artist_info1": "籍贯地区：重庆",
    "artist_info2": "所属类别：油画",
    "artist_info3": "毕业院校：上海市教育学院",
    "dbz1_title": "命运的交响—奴隶",
    "dbz1_page": "http://yufan.artron.net/works_detail_brt025933800001",
    "dbz1_pic": "http://img1.artron.net/artist/A0259338/small_brt025933800001.jpg",
    "dbz2_title": "命运的交响—贪婪",
    "dbz2_page": "http://yufan.artron.net/works_detail_brt025933800002",
    "dbz2_pic": "http://img1.artron.net/artist/A0259338/small_brt025933800002.jpg",
    "dbz3_title": "命运的交响—黄金梦",
    "dbz3_page": "http://yufan.artron.net/works_detail_brt025933800003",
    "dbz3_pic": "http://img1.artron.net/artist/A0259338/small_brt025933800003.jpg"
}