{
    "name": "叶寅",
    "artist_pic": "imgs/loading.gif",
    "artist_info1": "籍贯地区：陕西省",
    "artist_info2": "所属类别：油画",
    "artist_info3": "毕业院校：其他学校",
    "dbz1_title": "逆光",
    "dbz1_page": "http://artist.artron.net/yishujia0266295/2-97070.html",
    "dbz1_pic": "http://img10.artimg.net/newart/2015/0401/1427889996_816713.jpg.small.jpg",
    "dbz2_title": "约定    40cm×60cm",
    "dbz2_page": "http://artist.artron.net/yishujia0266295/2-96505.html",
    "dbz2_pic": "http://img10.artimg.net/newart/2015/0330/1427681937_148202.jpg.small.jpg",
    "dbz3_title": "余晖         40cm×60cm",
    "dbz3_page": "http://artist.artron.net/yishujia0266295/2-96503.html",
    "dbz3_pic": "http://img10.artimg.net/newart/2015/0330/1427681909_267737.jpg.small.jpg"
}