{
    "name": "何癸锐",
    "artist_pic": "imgs/loading.gif",
    "artist_info1": "籍贯地区：",
    "artist_info2": "所属类别：油画",
    "artist_info3": "毕业院校：广州美术学院",
    "dbz1_title": "心迹系列之烙印4",
    "dbz1_page": "http://heguirui.artron.net/works_detail_brt026086700029",
    "dbz1_pic": "http://img4.artron.net/artist/A0260867/small_brt026086700029.jpg",
    "dbz2_title": "心迹系列之烙印5",
    "dbz2_page": "http://heguirui.artron.net/works_detail_brt026086700030",
    "dbz2_pic": "http://img4.artron.net/artist/A0260867/small_brt026086700030.jpg",
    "dbz3_title": "心迹系列之烙印6",
    "dbz3_page": "http://heguirui.artron.net/works_detail_brt026086700031",
    "dbz3_pic": "http://img4.artron.net/artist/A0260867/small_brt026086700031.jpg"
}