{
    "name": "古冰",
    "artist_pic": "imgs/loading.gif",
    "artist_info1": "籍贯地区：",
    "artist_info2": "所属类别：油画",
    "artist_info3": "毕业院校：西北民族大学",
    "dbz1_title": "天界^_^Edge of Heaven",
    "dbz1_page": "http://gubing.artron.net/works_detail_brt026126500001",
    "dbz1_pic": "http://img1.artron.net/artist/A0261265/small_brt026126500001.jpg",
    "dbz2_title": "诗意高原^_^Poetic Plateau",
    "dbz2_page": "http://gubing.artron.net/works_detail_brt026126500002",
    "dbz2_pic": "http://img1.artron.net/artist/A0261265/small_brt026126500002.jpg",
    "dbz3_title": "哺乳^_^Breasting Feeding",
    "dbz3_page": "http://gubing.artron.net/works_detail_brt026126500003",
    "dbz3_pic": "http://img1.artron.net/artist/A0261265/small_brt026126500003.jpg"
}