{
    "name": "刘仁刚",
    "artist_pic": "imgs/loading.gif",
    "artist_info1": "籍贯地区：辽宁省",
    "artist_info2": "所属类别：书法",
    "artist_info3": "毕业院校：其他学校",
    "dbz1_title": "书法艺术台历（封面）",
    "dbz1_page": "http://liurengang.artron.net/works_detail_brt025971400001",
    "dbz1_pic": "http://img1.artron.net/artist/A0259714/small_brt025971400001.jpg",
    "dbz2_title": "书法艺术台历（一月）",
    "dbz2_page": "http://liurengang.artron.net/works_detail_brt025971400002",
    "dbz2_pic": "http://img1.artron.net/artist/A0259714/small_brt025971400002.jpg",
    "dbz3_title": "书法艺术台历（二月）",
    "dbz3_page": "http://liurengang.artron.net/works_detail_brt025971400003",
    "dbz3_pic": "http://img1.artron.net/artist/A0259714/small_brt025971400003.jpg"
}