{
    "name": "冯朝辉",
    "artist_pic": "imgs/loading.gif",
    "artist_info1": "籍贯地区：辽宁",
    "artist_info2": "所属类别：国画",
    "artist_info3": "毕业院校：其它学校",
    "dbz1_title": "松雀之一",
    "dbz1_page": "http://fengzhaohui.artron.net/works_detail_brt026622500001",
    "dbz1_pic": "http://img4.artron.net/artist/A0266225/small_brt026622500001.jpg",
    "dbz2_title": "松雀之二",
    "dbz2_page": "http://fengzhaohui.artron.net/works_detail_brt026622500002",
    "dbz2_pic": "http://img4.artron.net/artist/A0266225/small_brt026622500002.jpg",
    "dbz3_title": "松雀之三",
    "dbz3_page": "http://fengzhaohui.artron.net/works_detail_brt026622500003",
    "dbz3_pic": "http://img4.artron.net/artist/A0266225/small_brt026622500003.jpg"
}