{
    "name": "何宁（北京）",
    "artist_pic": "imgs/loading.gif",
    "artist_info1": "籍贯地区：",
    "artist_info2": "所属类别：油画",
    "artist_info3": "毕业院校：奥地利维也纳美术学院...",
    "dbz1_title": "北京港澳台文化交流处会客厅内墙壁画设计草图之一",
    "dbz1_page": "http://hening.artron.net/works_detail_brt026201600001",
    "dbz1_pic": "http://img5.artron.net/artist/A0262016/small_brt026201600001.jpg",
    "dbz2_title": "北京港澳台文化交流处会客厅内墙壁画设计草图之二",
    "dbz2_page": "http://hening.artron.net/works_detail_brt026201600002",
    "dbz2_pic": "http://img5.artron.net/artist/A0262016/small_brt026201600002.jpg",
    "dbz3_title": "中国古代四大发明（1）",
    "dbz3_page": "http://hening.artron.net/works_detail_brt026201600003",
    "dbz3_pic": "http://img5.artron.net/artist/A0262016/small_brt026201600003.jpg"
}