{
    "name": "刘若望",
    "artist_pic": "imgs/loading.gif",
    "artist_info1": "籍贯地区：",
    "artist_info2": "所属类别：雕塑",
    "artist_info3": "毕业院校：其他学校",
    "dbz1_title": "人民系列一.A",
    "dbz1_page": "http://liuruowang.artron.net/works_detail_brt000743700001",
    "dbz1_pic": "http://img3.artron.net/artist/A0007437/small_brt000743700001.jpg",
    "dbz2_title": "油画作品001",
    "dbz2_page": "http://liuruowang.artron.net/works_detail_brt000743701255",
    "dbz2_pic": "http://img3.artron.net/artist/A0007437/small_brt000743701255.jpg",
    "dbz3_title": "人民系列一.B",
    "dbz3_page": "http://liuruowang.artron.net/works_detail_brt000743700002",
    "dbz3_pic": "http://img3.artron.net/artist/A0007437/small_brt000743700002.jpg"
}