{
    "name": "刘知白",
    "artist_pic": "imgs/loading.gif",
    "artist_info1": "籍贯地区：",
    "artist_info2": "所属类别：国画",
    "artist_info3": "毕业院校：其他学校",
    "dbz1_title": "作品037",
    "dbz1_page": "http://liuzhibai.artron.net/works_detail_brt025956300236",
    "dbz1_pic": "http://img1.artron.net/artist/A0259563/small_brt025956300236.jpg",
    "dbz2_title": "作品038",
    "dbz2_page": "http://liuzhibai.artron.net/works_detail_brt025956300237",
    "dbz2_pic": "http://img1.artron.net/artist/A0259563/small_brt025956300237.jpg",
    "dbz3_title": "春山晓云",
    "dbz3_page": "http://liuzhibai.artron.net/works_detail_brt025956300016",
    "dbz3_pic": "http://img1.artron.net/artist/A0259563/small_brt025956300016.jpg"
}