{
    "name": "刘永刚",
    "artist_pic": "imgs/loading.gif",
    "artist_info1": "籍贯地区：",
    "artist_info2": "所属类别：当代艺术",
    "artist_info3": "毕业院校：中央美术学院",
    "dbz1_title": "对视重生之一",
    "dbz1_page": "http://liuyonggang.artron.net/works_detail_brt000785000307",
    "dbz1_pic": "http://img1.artron.net/artist/A0007850/small_brt000785000307.jpg",
    "dbz2_title": "对视重生之二",
    "dbz2_page": "http://liuyonggang.artron.net/works_detail_brt000785000308",
    "dbz2_pic": "http://img1.artron.net/artist/A0007850/small_brt000785000308.jpg",
    "dbz3_title": "对视重生之三",
    "dbz3_page": "http://liuyonggang.artron.net/works_detail_brt000785000309",
    "dbz3_pic": "http://img1.artron.net/artist/A0007850/small_brt000785000309.jpg"
}