{
    "name": "傅继英",
    "artist_pic": "imgs/loading.gif",
    "artist_info1": "籍贯地区：",
    "artist_info2": "所属类别：国画",
    "artist_info3": "毕业院校：其他学校",
    "dbz1_title": "工笔花卉001",
    "dbz1_page": "http://fujiying.artron.net/works_detail_brt026112100001",
    "dbz1_pic": "http://img1.artron.net/artist/A0261121/small_brt026112100001.jpg",
    "dbz2_title": "工笔花卉002",
    "dbz2_page": "http://fujiying.artron.net/works_detail_brt026112100002",
    "dbz2_pic": "http://img1.artron.net/artist/A0261121/small_brt026112100002.jpg",
    "dbz3_title": "工笔花卉003",
    "dbz3_page": "http://fujiying.artron.net/works_detail_brt026112100003",
    "dbz3_pic": "http://img1.artron.net/artist/A0261121/small_brt026112100003.jpg"
}