{
    "name": "何光",
    "artist_pic": "imgs/loading.gif",
    "artist_info1": "籍贯地区：广  西",
    "artist_info2": "所属类别：油画",
    "artist_info3": "毕业院校：中央美术学院",
    "dbz1_title": "谭海寿老师",
    "dbz1_page": "http://artist.artron.net/yishujia0266539/2-116579.html",
    "dbz1_pic": "http://img10.artimg.net/newart/2015/0611/1433956129_655578.jpg.small.jpg",
    "dbz2_title": "王晓宁老师",
    "dbz2_page": "http://artist.artron.net/yishujia0266539/2-116578.html",
    "dbz2_pic": "http://img10.artimg.net/newart/2015/0611/1433955922_363366.jpg.small.jpg",
    "dbz3_title": "恰同学少年NO.3",
    "dbz3_page": "http://artist.artron.net/yishujia0266539/2-116563.html",
    "dbz3_pic": "http://img10.artimg.net/newart/2015/0611/1433953855_886930.jpg.small.jpg"
}