{
    "name": "乔宜男",
    "artist_pic": "imgs/loading.gif",
    "artist_info1": "籍贯地区：",
    "artist_info2": "所属类别：国画",
    "artist_info3": "毕业院校：其他学校",
    "dbz1_title": "失落的韵致",
    "dbz1_page": "http://qiaoyinan.artron.net/works_detail_brt026084600068",
    "dbz1_pic": "http://img4.artron.net/artist/A0260846/small_brt026084600068.jpg",
    "dbz2_title": "荷韵一",
    "dbz2_page": "http://qiaoyinan.artron.net/works_detail_brt026084600069",
    "dbz2_pic": "http://img4.artron.net/artist/A0260846/small_brt026084600069.jpg",
    "dbz3_title": "秋思",
    "dbz3_page": "http://qiaoyinan.artron.net/works_detail_brt026084600070",
    "dbz3_pic": "http://img4.artron.net/artist/A0260846/small_brt026084600070.jpg"
}