{
    "name": "刘兆廷",
    "artist_pic": "imgs/loading.gif",
    "artist_info1": "籍贯地区：辽宁省",
    "artist_info2": "所属类别：国画",
    "artist_info3": "毕业院校：其他学校",
    "dbz1_title": "作品 (101)",
    "dbz1_page": "http://artist.artron.net/yishujia0266304/2-98452.html",
    "dbz1_pic": "http://img10.artimg.net/newart/2015/0408/1428435430_929661.JPG.small.jpg",
    "dbz2_title": "报春图",
    "dbz2_page": "http://artist.artron.net/yishujia0266304/2-98142.html",
    "dbz2_pic": "http://img10.artimg.net/newart/2015/0407/1428373928_655717.JPG.small.jpg",
    "dbz3_title": "太公垂钓图",
    "dbz3_page": "http://artist.artron.net/yishujia0266304/2-97740.html",
    "dbz3_pic": "http://img10.artimg.net/newart/2015/0405/1428202432_964767.JPG.small.jpg"
}