{
    "name": "刘福友",
    "artist_pic": "imgs/loading.gif",
    "artist_info1": "籍贯地区：湖北省",
    "artist_info2": "所属类别：书法",
    "artist_info3": "毕业院校：中国书法大学",
    "dbz1_title": "兰亭序",
    "dbz1_page": "http://artist.artron.net/yishujia0264920/2-35663.html",
    "dbz1_pic": "http://img10.artimg.net/newart/2014/0822/1408703992_179750.jpg.small.jpg",
    "dbz2_title": "金刚经",
    "dbz2_page": "http://artist.artron.net/yishujia0264920/2-40760.html",
    "dbz2_pic": "http://img10.artimg.net/newart/2014/0905/1409881223_256626.jpg.small.jpg",
    "dbz3_title": "老子道德经",
    "dbz3_page": "http://artist.artron.net/yishujia0264920/2-40761.html",
    "dbz3_pic": "http://img10.artimg.net/newart/2014/0905/1409881227_123942.jpg.small.jpg"
}