{
    "name": "乔十光",
    "artist_pic": "imgs/loading.gif",
    "artist_info1": "籍贯地区：",
    "artist_info2": "所属类别：其它",
    "artist_info3": "毕业院校：其他学校",
    "dbz1_title": "红白梅",
    "dbz1_page": "http://qiaoshiguang.artron.net/works_detail_brt000703400001",
    "dbz1_pic": "http://img5.artron.net/artist/A0007034/small_brt000703400001.jpg",
    "dbz2_title": "太湖梅",
    "dbz2_page": "http://qiaoshiguang.artron.net/works_detail_brt000703400002",
    "dbz2_pic": "http://img5.artron.net/artist/A0007034/small_brt000703400002.jpg",
    "dbz3_title": "漆画作品003",
    "dbz3_page": "http://qiaoshiguang.artron.net/works_detail_brt000703400003",
    "dbz3_pic": "http://img5.artron.net/artist/A0007034/small_brt000703400003.jpg"
}