{
    "name": "刘志超",
    "artist_pic": "imgs/loading.gif",
    "artist_info1": "籍贯地区：",
    "artist_info2": "所属类别：摄影",
    "artist_info3": "毕业院校：其它学校",
    "dbz1_title": "南极景观 之一 001",
    "dbz1_page": "http://liuzhichao.artron.net/main.php?pFlag=exhibi_2&aid=A0266314&cate=20295&wrkid=brt026631400001#showPicTop",
    "dbz1_pic": "http://img4.artron.net/artist/A0266314/small_brt026631400001.jpg",
    "dbz2_title": "南极景观 之一 002",
    "dbz2_page": "http://liuzhichao.artron.net/main.php?pFlag=exhibi_2&aid=A0266314&cate=20295&wrkid=brt026631400002#showPicTop",
    "dbz2_pic": "http://img4.artron.net/artist/A0266314/small_brt026631400002.jpg",
    "dbz3_title": "南极景观 之一 003",
    "dbz3_page": "http://liuzhichao.artron.net/main.php?pFlag=exhibi_2&aid=A0266314&cate=20295&wrkid=brt026631400003#showPicTop",
    "dbz3_pic": "http://img4.artron.net/artist/A0266314/small_brt026631400003.jpg"
}