{
    "name": "刘春娥",
    "artist_pic": "imgs/loading.gif",
    "artist_info1": "籍贯地区：",
    "artist_info2": "所属类别：摄影",
    "artist_info3": "毕业院校：太原理工大学",
    "dbz1_title": "城中村001",
    "dbz1_page": "http://liuchune.artron.net/main.php?pFlag=exhibi_2&aid=A0265840&cate=18777&wrkid=brt026584000001#showPicTop",
    "dbz1_pic": "http://img4.artron.net/artist/A0265840/small_brt026584000001.jpg",
    "dbz2_title": "城中村002",
    "dbz2_page": "http://liuchune.artron.net/main.php?pFlag=exhibi_2&aid=A0265840&cate=18777&wrkid=brt026584000002#showPicTop",
    "dbz2_pic": "http://img4.artron.net/artist/A0265840/small_brt026584000002.jpg",
    "dbz3_title": "城中村003",
    "dbz3_page": "http://liuchune.artron.net/main.php?pFlag=exhibi_2&aid=A0265840&cate=18777&wrkid=brt026584000003#showPicTop",
    "dbz3_pic": "http://img4.artron.net/artist/A0265840/small_brt026584000003.jpg"
}