{
    "name": "励国仪（古仪）",
    "artist_pic": "imgs/loading.gif",
    "artist_info1": "籍贯地区：",
    "artist_info2": "所属类别：国画",
    "artist_info3": "毕业院校：其他学校",
    "dbz1_title": "怀旧系列  故里^_^Nostalgia: Hometown",
    "dbz1_page": "http://liguoyi.artron.net/works_detail_brt025868900001",
    "dbz1_pic": "http://img1.artron.net/artist/A0258689/small_brt025868900001.jpg",
    "dbz2_title": "怀旧系列  清音^_^Nostalgia: Sound of Music",
    "dbz2_page": "http://liguoyi.artron.net/works_detail_brt025868900002",
    "dbz2_pic": "http://img1.artron.net/artist/A0258689/small_brt025868900002.jpg",
    "dbz3_title": "怀旧系列  绣球^_^Nostalgia: Hydrangea Blossoms",
    "dbz3_page": "http://liguoyi.artron.net/works_detail_brt025868900003",
    "dbz3_pic": "http://img1.artron.net/artist/A0258689/small_brt025868900003.jpg"
}