{
    "name": "何枫",
    "artist_pic": "imgs/loading.gif",
    "artist_info1": "籍贯地区：广东省",
    "artist_info2": "所属类别：国画",
    "artist_info3": "毕业院校：广州美术学院",
    "dbz1_title": "成长的年代",
    "dbz1_page": "http://hefeng.artron.net/works_detail_brt013864200001",
    "dbz1_pic": "http://img2.artron.net/artist/A0138642/small_brt013864200001.jpg",
    "dbz2_title": "笛声远去",
    "dbz2_page": "http://hefeng.artron.net/works_detail_brt013864200002",
    "dbz2_pic": "http://img2.artron.net/artist/A0138642/small_brt013864200002.jpg",
    "dbz3_title": "儿戏图",
    "dbz3_page": "http://hefeng.artron.net/works_detail_brt013864200003",
    "dbz3_pic": "http://img2.artron.net/artist/A0138642/small_brt013864200003.jpg"
}