{
    "name": "于凡",
    "artist_pic": "imgs/loading.gif",
    "artist_info1": "籍贯地区：山东",
    "artist_info2": "所属类别：雕塑",
    "artist_info3": "毕业院校：中央美术学院",
    "dbz1_title": "侧风之一",
    "dbz1_page": "http://yufanart.artron.net/works_detail_brt013517100128",
    "dbz1_pic": "http://img2.artron.net/artist/A0135171/small_brt013517100128.jpg",
    "dbz2_title": "侧风之一局部",
    "dbz2_page": "http://yufanart.artron.net/works_detail_brt013517100129",
    "dbz2_pic": "http://img2.artron.net/artist/A0135171/small_brt013517100129.jpg",
    "dbz3_title": "侧风之二",
    "dbz3_page": "http://yufanart.artron.net/works_detail_brt013517100130",
    "dbz3_pic": "http://img2.artron.net/artist/A0135171/small_brt013517100130.jpg"
}