{
    "name": "初中海",
    "artist_pic": "imgs/loading.gif",
    "artist_info1": "籍贯地区：山东省",
    "artist_info2": "所属类别：国画",
    "artist_info3": "毕业院校：山西管理学院",
    "dbz1_title": "日光穿林翠",
    "dbz1_page": "http://artist.artron.net/yishujia0263235/2-29585.html",
    "dbz1_pic": "http://img10.artimg.net/newart/2014/0806/1407292781_950936.JPG.small.jpg",
    "dbz2_title": "月弄秋水",
    "dbz2_page": "http://artist.artron.net/yishujia0263235/2-29584.html",
    "dbz2_pic": "http://img10.artimg.net/newart/2014/0806/1407292773_245030.JPG.small.jpg",
    "dbz3_title": "云去空山青之二",
    "dbz3_page": "http://artist.artron.net/yishujia0263235/2-29583.html",
    "dbz3_pic": "http://img10.artimg.net/newart/2014/0806/1407292765_938417.JPG.small.jpg"
}