{
    "name": "刘文哲",
    "artist_pic": "imgs/loading.gif",
    "artist_info1": "籍贯地区：",
    "artist_info2": "所属类别：国画",
    "artist_info3": "毕业院校：中央美术学院",
    "dbz1_title": "青卞隐居图",
    "dbz1_page": "http://liuwenzhe.artron.net/works_detail_brt026258700001",
    "dbz1_pic": "http://img3.artron.net/artist/A0262587/small_brt026258700001.jpg",
    "dbz2_title": "佛國僊境",
    "dbz2_page": "http://liuwenzhe.artron.net/works_detail_brt026258700002",
    "dbz2_pic": "http://img3.artron.net/artist/A0262587/small_brt026258700002.jpg",
    "dbz3_title": "山中一夜雨",
    "dbz3_page": "http://liuwenzhe.artron.net/works_detail_brt026258700003",
    "dbz3_pic": "http://img3.artron.net/artist/A0262587/small_brt026258700003.jpg"
}