{
    "name": "刘灿铭",
    "artist_pic": "imgs/loading.gif",
    "artist_info1": "籍贯地区：江苏",
    "artist_info2": "所属类别：书法",
    "artist_info3": "毕业院校：南京航空学院",
    "dbz1_title": "般若波罗蜜多心经",
    "dbz1_page": "http://liucanming.artron.net/works_detail_brt026221900110",
    "dbz1_pic": "http://img3.artron.net/artist/A0262219/small_brt026221900110.jpg",
    "dbz2_title": "般若波罗蜜多心经",
    "dbz2_page": "http://liucanming.artron.net/works_detail_brt026221900111",
    "dbz2_pic": "http://img3.artron.net/artist/A0262219/small_brt026221900111.jpg",
    "dbz3_title": "般若波罗蜜多心经",
    "dbz3_page": "http://liucanming.artron.net/works_detail_brt026221900112",
    "dbz3_pic": "http://img3.artron.net/artist/A0262219/small_brt026221900112.jpg"
}