{
    "name": "区础坚",
    "artist_pic": "imgs/loading.gif",
    "artist_info1": "籍贯地区：",
    "artist_info2": "所属类别：油画",
    "artist_info3": "毕业院校：广州美术学院",
    "dbz1_title": "古韵",
    "dbz1_page": "http://ouchujian.artron.net/works_detail_brt020429200004",
    "dbz1_pic": "http://img1.artron.net/artist/A0204292/small_brt020429200004.jpg",
    "dbz2_title": "花",
    "dbz2_page": "http://ouchujian.artron.net/works_detail_brt020429200005",
    "dbz2_pic": "http://img1.artron.net/artist/A0204292/small_brt020429200005.jpg",
    "dbz3_title": "黄色",
    "dbz3_page": "http://ouchujian.artron.net/works_detail_brt020429200006",
    "dbz3_pic": "http://img1.artron.net/artist/A0204292/small_brt020429200006.jpg"
}