{
    "name": "区桂婵",
    "artist_pic": "imgs/loading.gif",
    "artist_info1": "籍贯地区：广东省",
    "artist_info2": "所属类别：工艺美术家",
    "artist_info3": "毕业院校：广州美术学院",
    "dbz1_title": "洋洋吉祥",
    "dbz1_page": "http://artist.artron.net/yishujia0265979/2-91831.html",
    "dbz1_pic": "http://img10.artimg.net/newart/2015/0305/1425542773_331760.jpg.small.jpg",
    "dbz2_title": "鸳鸯",
    "dbz2_page": "http://artist.artron.net/yishujia0265979/2-91830.html",
    "dbz2_pic": "http://img10.artimg.net/newart/2015/0305/1425542661_370484.jpg.small.jpg",
    "dbz3_title": "福禄寿全",
    "dbz3_page": "http://artist.artron.net/yishujia0265979/2-91829.html",
    "dbz3_pic": "http://img10.artimg.net/newart/2015/0305/1425542660_502960.png.small.jpg"
}