{
    "name": "刘中",
    "artist_pic": "imgs/loading.gif",
    "artist_info1": "籍贯地区：",
    "artist_info2": "所属类别：国画",
    "artist_info3": "毕业院校：其他学校",
    "dbz1_title": "牛",
    "dbz1_page": "http://liuzhong.artron.net/works_detail_BRT000000000361",
    "dbz1_pic": "http://img1.artron.net/artist/A0000019/small_brt0001150015.jpg",
    "dbz2_title": "忠",
    "dbz2_page": "http://liuzhong.artron.net/works_detail_brt000001900341",
    "dbz2_pic": "http://img3.artron.net/artist/A0000019/small_brt000001900341.jpg",
    "dbz3_title": "暮",
    "dbz3_page": "http://liuzhong.artron.net/works_detail_brt000001900282",
    "dbz3_pic": "http://img5.artron.net/artist/A0000019/small_brt000001900282.jpg"
}