{
    "name": "侯传芳",
    "artist_pic": "imgs/loading.gif",
    "artist_info1": "籍贯地区：浙江",
    "artist_info2": "所属类别：国画",
    "artist_info3": "毕业院校：其他学校",
    "dbz1_title": "作品001",
    "dbz1_page": "http://houchuanfang.artron.net/works_detail_brt026169000001",
    "dbz1_pic": "http://img2.artron.net/artist/A0261690/small_brt026169000001.jpg",
    "dbz2_title": "作品002",
    "dbz2_page": "http://houchuanfang.artron.net/works_detail_brt026169000002",
    "dbz2_pic": "http://img2.artron.net/artist/A0261690/small_brt026169000002.jpg",
    "dbz3_title": "作品003",
    "dbz3_page": "http://houchuanfang.artron.net/works_detail_brt026169000003",
    "dbz3_pic": "http://img3.artron.net/artist/A0261690/small_brt026169000003.jpg"
}