{
    "name": "卢甫圣",
    "artist_pic": "imgs/loading.gif",
    "artist_info1": "籍贯地区：浙江",
    "artist_info2": "所属类别：国画",
    "artist_info3": "毕业院校：中国美院",
    "dbz1_title": "赤霞城",
    "dbz1_page": "http://lufusheng.artron.net/works_detail_brt026231200001",
    "dbz1_pic": "http://img2.artron.net/artist/A0262312/small_brt026231200001.jpg",
    "dbz2_title": "何有何亡",
    "dbz2_page": "http://lufusheng.artron.net/works_detail_brt026231200002",
    "dbz2_pic": "http://img2.artron.net/artist/A0262312/small_brt026231200002.jpg",
    "dbz3_title": "奔虹",
    "dbz3_page": "http://lufusheng.artron.net/works_detail_brt026231200003",
    "dbz3_pic": "http://img2.artron.net/artist/A0262312/small_brt026231200003.jpg"
}