{
    "name": "余明",
    "artist_pic": "imgs/loading.gif",
    "artist_info1": "籍贯地区：四川省",
    "artist_info2": "所属类别：油画",
    "artist_info3": "毕业院校：四川美术学院",
    "dbz1_title": "极限风景•抑或陷落",
    "dbz1_page": "http://artist.artron.net/yishujia0266248/2-93047.html",
    "dbz1_pic": "http://img10.artimg.net/newart/2015/0311/1426057972_948513.jpg.small.jpg",
    "dbz2_title": "极限风景·绝境",
    "dbz2_page": "http://artist.artron.net/yishujia0266248/2-93046.html",
    "dbz2_pic": "http://img10.artimg.net/newart/2015/0311/1426057957_348115.jpg.small.jpg",
    "dbz3_title": "极限风景·天地之间",
    "dbz3_page": "http://artist.artron.net/yishujia0266248/2-93045.html",
    "dbz3_pic": "http://img10.artimg.net/newart/2015/0311/1426057953_382258.jpg.small.jpg"
}