{
    "name": "关则驹",
    "artist_pic": "imgs/loading.gif",
    "artist_info1": "籍贯地区：广东阳江",
    "artist_info2": "所属类别：油画",
    "artist_info3": "毕业院校：广州美术学院",
    "dbz1_title": "暗香",
    "dbz1_page": "http://guanzeju.artron.net/works_detail_brt000123000001",
    "dbz1_pic": "http://img1.artron.net/artist/A0001230/small_brt000123000001.jpg",
    "dbz2_title": "梦萦春江",
    "dbz2_page": "http://guanzeju.artron.net/works_detail_brt000123000002",
    "dbz2_pic": "http://img1.artron.net/artist/A0001230/small_brt000123000002.jpg",
    "dbz3_title": "远古的啼声（1）",
    "dbz3_page": "http://guanzeju.artron.net/works_detail_brt000123000003",
    "dbz3_pic": "http://img1.artron.net/artist/A0001230/small_brt000123000003.jpg"
}