{
    "name": "兮扬",
    "artist_pic": "imgs/loading.gif",
    "artist_info1": "籍贯地区：山东省",
    "artist_info2": "所属类别：国画",
    "artist_info3": "毕业院校：中央美术学院",
    "dbz1_title": "崇武龙喉写生稿",
    "dbz1_page": "http://artist.artron.net/yishujia0266437/2-112540.html",
    "dbz1_pic": "http://img10.artimg.net/newart/2015/0529/1432879136_385481.jpg.small.jpg",
    "dbz2_title": "林溪水口写生稿",
    "dbz2_page": "http://artist.artron.net/yishujia0266437/2-112539.html",
    "dbz2_pic": "http://img10.artimg.net/newart/2015/0529/1432879059_416209.JPG.small.jpg",
    "dbz3_title": "崇武大祚后山写生稿",
    "dbz3_page": "http://artist.artron.net/yishujia0266437/2-112538.html",
    "dbz3_pic": "http://img10.artimg.net/newart/2015/0529/1432879041_638418.JPG.small.jpg"
}