{
    "name": "任重",
    "artist_pic": "imgs/loading.gif",
    "artist_info1": "籍贯地区：",
    "artist_info2": "所属类别：国画",
    "artist_info3": "毕业院校：其他学校",
    "dbz1_title": "纯是君子 绝无小人",
    "dbz1_page": "http://renzhong.artron.net/main.php?pFlag=exhibi_2&aid=A0000177&cate=633&wrkid=BRT000000023936#showPicTop",
    "dbz1_pic": "http://img1.artron.net/artist/A0000177/small_brt0007150001.jpg",
    "dbz2_title": "调琴图",
    "dbz2_page": "http://renzhong.artron.net/main.php?pFlag=exhibi_2&aid=A0000177&cate=633&wrkid=BRT000000023937#showPicTop",
    "dbz2_pic": "http://img1.artron.net/artist/A0000177/small_brt0007150002.jpg",
    "dbz3_title": "多心经小轴",
    "dbz3_page": "http://renzhong.artron.net/main.php?pFlag=exhibi_2&aid=A0000177&cate=633&wrkid=BRT000000023938#showPicTop",
    "dbz3_pic": "http://img1.artron.net/artist/A0000177/small_brt0007150003.jpg"
}