{
    "name": "南方",
    "artist_pic": "imgs/loading.gif",
    "artist_info1": "籍贯地区：北省邯郸市",
    "artist_info2": "所属类别：国画",
    "artist_info3": "毕业院校：河北师范大学",
    "dbz1_title": "阿弥陀佛",
    "dbz1_page": "http://nanfang.artron.net/works_detail_brt026255500001",
    "dbz1_pic": "http://img1.artron.net/artist/A0262555/small_brt026255500001.jpg",
    "dbz2_title": "地藏菩萨",
    "dbz2_page": "http://nanfang.artron.net/works_detail_brt026255500002",
    "dbz2_pic": "http://img1.artron.net/artist/A0262555/small_brt026255500002.jpg",
    "dbz3_title": "观自在",
    "dbz3_page": "http://nanfang.artron.net/works_detail_brt026255500003",
    "dbz3_pic": "http://img1.artron.net/artist/A0262555/small_brt026255500003.jpg"
}