{
    "name": "叶国丰",
    "artist_pic": "imgs/loading.gif",
    "artist_info1": "籍贯地区：浙江",
    "artist_info2": "所属类别：油画",
    "artist_info3": "毕业院校：中国美院",
    "dbz1_title": "彩之一",
    "dbz1_page": "http://yeguofeng.artron.net/works_detail_brt021152100010",
    "dbz1_pic": "http://img5.artron.net/artist/A0211521/small_brt021152100010.jpg",
    "dbz2_title": "彩之二",
    "dbz2_page": "http://yeguofeng.artron.net/works_detail_brt021152100005",
    "dbz2_pic": "http://img5.artron.net/artist/A0211521/small_brt021152100005.jpg",
    "dbz3_title": "彩之三",
    "dbz3_page": "http://yeguofeng.artron.net/works_detail_brt021152100001",
    "dbz3_pic": "http://img5.artron.net/artist/A0211521/small_brt021152100001.jpg"
}