{
    "name": "仇德树",
    "artist_pic": "imgs/loading.gif",
    "artist_info1": "籍贯地区：",
    "artist_info2": "所属类别：当代艺术,油画,国画",
    "artist_info3": "毕业院校：其他学校",
    "dbz1_title": "浦东机场国际到达 仇德树-裂变山水",
    "dbz1_page": "http://artist.artron.net/yishujia0137759/2-68014.html",
    "dbz1_pic": "http://img10.artimg.net/newart/2014/1205/1417758789_177101.jpg.small.jpg",
    "dbz2_title": "浦东机场国际到达 仇德树-裂变山水 ",
    "dbz2_page": "http://artist.artron.net/yishujia0137759/2-68013.html",
    "dbz2_pic": "http://img10.artimg.net/newart/2014/1205/1417758789_618327.jpg.small.jpg",
    "dbz3_title": "2014年-裂变-青山",
    "dbz3_page": "http://artist.artron.net/yishujia0137759/2-68012.html",
    "dbz3_pic": "http://img10.artimg.net/newart/2014/1214/1418537250_536132.jpg.small.jpg"
}