{
    "name": "傅抱石",
    "artist_pic": "imgs/loading.gif",
    "artist_info1": "籍贯地区：江西",
    "artist_info2": "所属类别：国画,新金陵画派",
    "artist_info3": "毕业院校：其他学校",
    "dbz1_title": "云山行处图 ",
    "dbz1_page": "http://fubaoshi.artron.net/works_detail_brt000026602412",
    "dbz1_pic": "http://img1.artron.net/artist/A0000266/small_brt000026602412.jpg",
    "dbz2_title": "湘君",
    "dbz2_page": "http://fubaoshi.artron.net/works_detail_BRT000000079404",
    "dbz2_pic": "http://img1.artron.net/artist/A0000266/small_CRT0000730002.jpg",
    "dbz3_title": "湘君",
    "dbz3_page": "http://fubaoshi.artron.net/works_detail_BRT000000079405",
    "dbz3_pic": "http://img1.artron.net/artist/A0000266/small_CRT0000730003.jpg"
}