{
    "name": "刘忝禹",
    "artist_pic": "imgs/loading.gif",
    "artist_info1": "籍贯地区：山东省菏泽市",
    "artist_info2": "所属类别：国画",
    "artist_info3": "毕业院校：天津美术学院",
    "dbz1_title": "站立者001",
    "dbz1_page": "http://liutianyu.artron.net/works_detail_brt026243800001",
    "dbz1_pic": "http://img1.artron.net/artist/A0262438/small_brt026243800001.jpg",
    "dbz2_title": "站立者002",
    "dbz2_page": "http://liutianyu.artron.net/works_detail_brt026243800002",
    "dbz2_pic": "http://img1.artron.net/artist/A0262438/small_brt026243800002.jpg",
    "dbz3_title": "站立者003",
    "dbz3_page": "http://liutianyu.artron.net/works_detail_brt026243800003",
    "dbz3_pic": "http://img1.artron.net/artist/A0262438/small_brt026243800003.jpg"
}