{
    "name": "刘英",
    "artist_pic": "imgs/loading.gif",
    "artist_info1": "籍贯地区：陕西西安",
    "artist_info2": "所属类别：国画,画廊",
    "artist_info3": "毕业院校：西安美术学院",
    "dbz1_title": "锦辉",
    "dbz1_page": "http://liuying.artron.net/works_detail_brt001018300001",
    "dbz1_pic": "http://img1.artron.net/artist/A0010183/small_brt001018300001.jpg",
    "dbz2_title": "双锦图",
    "dbz2_page": "http://liuying.artron.net/works_detail_brt001018300002",
    "dbz2_pic": "http://img1.artron.net/artist/A0010183/small_brt001018300002.jpg",
    "dbz3_title": "地涌金莲",
    "dbz3_page": "http://liuying.artron.net/works_detail_brt001018300003",
    "dbz3_pic": "http://img1.artron.net/artist/A0010183/small_brt001018300003.jpg"
}