{
    "name": "叶维",
    "artist_pic": "imgs/loading.gif",
    "artist_info1": "籍贯地区：江苏省",
    "artist_info2": "所属类别：国画",
    "artist_info3": "毕业院校：其他学校",
    "dbz1_title": "秋风乍起 ",
    "dbz1_page": "http://artist.artron.net/yishujia0265818/2-53085.html",
    "dbz1_pic": "http://img10.artimg.net/newart/2014/1021/1413878161_804789.jpg.small.jpg",
    "dbz2_title": "圣劳伦斯渡口（加拿大） ",
    "dbz2_page": "http://artist.artron.net/yishujia0265818/2-53086.html",
    "dbz2_pic": "http://img10.artimg.net/newart/2014/1021/1413878161_746097.jpg.small.jpg",
    "dbz3_title": "圣劳伦斯河渡口（加拿大） 37",
    "dbz3_page": "http://artist.artron.net/yishujia0265818/2-53087.html",
    "dbz3_pic": "http://img10.artimg.net/newart/2014/1021/1413878162_380297.jpg.small.jpg"
}