{
    "name": "叶向礼",
    "artist_pic": "imgs/loading.gif",
    "artist_info1": "籍贯地区：浙江省",
    "artist_info2": "所属类别：国画",
    "artist_info3": "毕业院校：浙江大学",
    "dbz1_title": "框16,97×65cm",
    "dbz1_page": "http://artist.artron.net/yishujia0266527/2-115880.html",
    "dbz1_pic": "http://img10.artimg.net/newart/2015/0609/1433828221_296622.JPG.small.jpg",
    "dbz2_title": "框15,65×98cm",
    "dbz2_page": "http://artist.artron.net/yishujia0266527/2-115879.html",
    "dbz2_pic": "http://img10.artimg.net/newart/2015/0609/1433828210_145947.JPG.small.jpg",
    "dbz3_title": "框14,107×97cm",
    "dbz3_page": "http://artist.artron.net/yishujia0266527/2-115878.html",
    "dbz3_pic": "http://img10.artimg.net/newart/2015/0609/1433828202_553536.JPG.small.jpg"
}