{
    "name": "叶永青",
    "artist_pic": "imgs/loading.gif",
    "artist_info1": "籍贯地区：云南",
    "artist_info2": "所属类别：当代艺术,其它,系统默认",
    "artist_info3": "毕业院校：四川美术学院",
    "dbz1_title": "牧羊村的姐妹们",
    "dbz1_page": "http://yeyongqing.artron.net/works_detail_BRT000000014728",
    "dbz1_pic": "http://img1.artron.net/artist/A0006297/small_brt0005810001.jpg",
    "dbz2_title": "冬日的记忆",
    "dbz2_page": "http://yeyongqing.artron.net/works_detail_BRT000000014729",
    "dbz2_pic": "http://img1.artron.net/artist/A0006297/small_brt0005810002.jpg",
    "dbz3_title": "糟糕的周末假期",
    "dbz3_page": "http://yeyongqing.artron.net/works_detail_BRT000000014730",
    "dbz3_pic": "http://img1.artron.net/artist/A0006297/small_brt0005810003.jpg"
}