{
    "name": "叶崇谋",
    "artist_pic": "imgs/loading.gif",
    "artist_info1": "籍贯地区：广东省",
    "artist_info2": "所属类别：国画",
    "artist_info3": "毕业院校：北京建设大学",
    "dbz1_title": "春山一夜雨",
    "dbz1_page": "http://artist.artron.net/yishujia0266284/2-96331.html",
    "dbz1_pic": "http://img10.artimg.net/newart/2015/0329/1427564826_767947.jpg.small.jpg",
    "dbz2_title": "淡云微雨花影动",
    "dbz2_page": "http://artist.artron.net/yishujia0266284/2-95901.html",
    "dbz2_pic": "http://img10.artimg.net/newart/2015/0326/1427331774_267019.JPG.small.jpg",
    "dbz3_title": "蛟龙漱玉液",
    "dbz3_page": "http://artist.artron.net/yishujia0266284/2-95661.html",
    "dbz3_pic": "http://img10.artimg.net/newart/2015/0325/1427272237_105056.jpg.small.jpg"
}