{
    "name": "刘玉山",
    "artist_pic": "imgs/loading.gif",
    "artist_info1": "籍贯地区：北京",
    "artist_info2": "所属类别：国画,油画",
    "artist_info3": "毕业院校：中央美术学院",
    "dbz1_title": "江南水乡之一",
    "dbz1_page": "http://liuyushan.artron.net/works_detail_brt000379200001",
    "dbz1_pic": "http://img3.artron.net/artist/A0003792/small_brt000379200001.jpg",
    "dbz2_title": "江南水乡之二",
    "dbz2_page": "http://liuyushan.artron.net/works_detail_brt000379200002",
    "dbz2_pic": "http://img3.artron.net/artist/A0003792/small_brt000379200002.jpg",
    "dbz3_title": "江南水乡之三",
    "dbz3_page": "http://liuyushan.artron.net/works_detail_brt000379200003",
    "dbz3_pic": "http://img3.artron.net/artist/A0003792/small_brt000379200003.jpg"
}