{
    "name": "刘文西",
    "artist_pic": "imgs/loading.gif",
    "artist_info1": "籍贯地区：",
    "artist_info2": "所属类别：国画,长安画派",
    "artist_info3": "毕业院校：其他学校",
    "dbz1_title": "盛荷书画一堂",
    "dbz1_page": "http://liuwenxi.artron.net/works_detail_BRT000000009068",
    "dbz1_pic": "http://img1.artron.net/artist/A0000170/small_brt0004600001.jpg",
    "dbz2_title": "老子造像",
    "dbz2_page": "http://liuwenxi.artron.net/works_detail_BRT000000009069",
    "dbz2_pic": "http://img1.artron.net/artist/A0000170/small_brt0004600002.jpg",
    "dbz3_title": "陕北娃娃",
    "dbz3_page": "http://liuwenxi.artron.net/works_detail_BRT000000009070",
    "dbz3_pic": "http://img1.artron.net/artist/A0000170/small_brt0004600003.jpg"
}