{
    "name": "刘影钊",
    "artist_pic": "imgs/loading.gif",
    "artist_info1": "籍贯地区：",
    "artist_info2": "所属类别：油画",
    "artist_info3": "毕业院校：鲁迅美术学院",
    "dbz1_title": "静物001",
    "dbz1_page": "http://liuyingzhao.artron.net/works_detail_brt013467700001",
    "dbz1_pic": "http://img2.artron.net/artist/A0134677/small_brt013467700001.jpg",
    "dbz2_title": "静物002",
    "dbz2_page": "http://liuyingzhao.artron.net/works_detail_brt013467700002",
    "dbz2_pic": "http://img2.artron.net/artist/A0134677/small_brt013467700002.jpg",
    "dbz3_title": "静物003",
    "dbz3_page": "http://liuyingzhao.artron.net/works_detail_brt013467700003",
    "dbz3_pic": "http://img2.artron.net/artist/A0134677/small_brt013467700003.jpg"
}