{
    "name": "卢晓峰",
    "artist_pic": "imgs/loading.gif",
    "artist_info1": "籍贯地区：山东",
    "artist_info2": "所属类别：国画",
    "artist_info3": "毕业院校：中央美术学院",
    "dbz1_title": "现代仕女001",
    "dbz1_page": "http://luxiaofeng.artron.net/works_detail_brt026175000001",
    "dbz1_pic": "http://img1.artron.net/artist/A0261750/small_brt026175000001.jpg",
    "dbz2_title": "现代仕女002",
    "dbz2_page": "http://luxiaofeng.artron.net/works_detail_brt026175000002",
    "dbz2_pic": "http://img1.artron.net/artist/A0261750/small_brt026175000002.jpg",
    "dbz3_title": "现代仕女003",
    "dbz3_page": "http://luxiaofeng.artron.net/works_detail_brt026175000003",
    "dbz3_pic": "http://img1.artron.net/artist/A0261750/small_brt026175000003.jpg"
}