{
    "name": "刘满仓",
    "artist_pic": "imgs/loading.gif",
    "artist_info1": "籍贯地区：",
    "artist_info2": "所属类别：摄影",
    "artist_info3": "毕业院校：其它学校",
    "dbz1_title": "御道口湿地",
    "dbz1_page": "http://liumancang.artron.net/main.php?pFlag=exhibi_2&aid=A0266348&cate=20421&wrkid=brt026634800001#showPicTop",
    "dbz1_pic": "http://img1.artron.net/artist/A0266348/small_brt026634800001.jpg",
    "dbz2_title": "晨光牧歌",
    "dbz2_page": "http://liumancang.artron.net/main.php?pFlag=exhibi_2&aid=A0266348&cate=20421&wrkid=brt026634800002#showPicTop",
    "dbz2_pic": "http://img1.artron.net/artist/A0266348/small_brt026634800002.jpg",
    "dbz3_title": "冬牧图",
    "dbz3_page": "http://liumancang.artron.net/main.php?pFlag=exhibi_2&aid=A0266348&cate=20421&wrkid=brt026634800003#showPicTop",
    "dbz3_pic": "http://img1.artron.net/artist/A0266348/small_brt026634800003.jpg"
}