{
    "name": "刘彦水",
    "artist_pic": "imgs/loading.gif",
    "artist_info1": "籍贯地区：河北",
    "artist_info2": "所属类别：国画",
    "artist_info3": "毕业院校：中央美术学院",
    "dbz1_title": "高秋图",
    "dbz1_page": "http://liuyanshui.artron.net/works_detail_brt026233600001",
    "dbz1_pic": "http://img5.artron.net/artist/A0262336/small_brt026233600001.jpg",
    "dbz2_title": "高秋图（局部1）",
    "dbz2_page": "http://liuyanshui.artron.net/works_detail_brt026233600002",
    "dbz2_pic": "http://img5.artron.net/artist/A0262336/small_brt026233600002.jpg",
    "dbz3_title": "高秋图（局部2）",
    "dbz3_page": "http://liuyanshui.artron.net/works_detail_brt026233600003",
    "dbz3_pic": "http://img5.artron.net/artist/A0262336/small_brt026233600003.jpg"
}