{
    "name": "刘怀山",
    "artist_pic": "imgs/loading.gif",
    "artist_info1": "籍贯地区：",
    "artist_info2": "所属类别：国画",
    "artist_info3": "毕业院校：其他学校",
    "dbz1_title": "玉簪霜姿惯清寒",
    "dbz1_page": "http://liuhuaishan.artron.net/works_detail_brt013596800001",
    "dbz1_pic": "http://img4.artron.net/artist/A0135968/small_brt013596800001.jpg",
    "dbz2_title": "罗汉调心图",
    "dbz2_page": "http://liuhuaishan.artron.net/works_detail_brt013596800002",
    "dbz2_pic": "http://img4.artron.net/artist/A0135968/small_brt013596800002.jpg",
    "dbz3_title": "红颜弃轩",
    "dbz3_page": "http://liuhuaishan.artron.net/works_detail_brt013596800003",
    "dbz3_pic": "http://img4.artron.net/artist/A0135968/small_brt013596800003.jpg"
}