{
    "name": "刘海勇",
    "artist_pic": "imgs/loading.gif",
    "artist_info1": "籍贯地区：浙江省",
    "artist_info2": "所属类别：国画",
    "artist_info3": "毕业院校：中央美术学院",
    "dbz1_title": "紫气东来180cmx48cm 纸本 2011",
    "dbz1_page": "http://artist.artron.net/yishujia0266347/2-101990.html",
    "dbz1_pic": "http://img10.artimg.net/newart/2015/0420/1429528838_669944.jpg.small.jpg",
    "dbz2_title": "秋酣 138cmx69cm 纸本  2014 ",
    "dbz2_page": "http://artist.artron.net/yishujia0266347/2-101989.html",
    "dbz2_pic": "http://img10.artimg.net/newart/2015/0420/1429528836_510806.jpg.small.jpg",
    "dbz3_title": "水墨写生二",
    "dbz3_page": "http://artist.artron.net/yishujia0266347/2-101988.html",
    "dbz3_pic": "http://img10.artimg.net/newart/2015/0420/1429527553_324644.jpg.small.jpg"
}