{
    "name": "史飞",
    "artist_pic": "imgs/loading.gif",
    "artist_info1": "籍贯地区：黑龙江",
    "artist_info2": "所属类别：油画",
    "artist_info3": "毕业院校：中央美术学院",
    "dbz1_title": "铁炉子",
    "dbz1_page": "http://artist.artron.net/yishujia0262959/2-8188.html",
    "dbz1_pic": "http://img10.artimg.net/newart/2014/0611/1402480687_953238.jpg.small.jpg",
    "dbz2_title": "桥洞",
    "dbz2_page": "http://artist.artron.net/yishujia0262959/2-5807.html",
    "dbz2_pic": "http://img10.artimg.net/newart/2014/0521/1400653161_852660.JPG.small.jpg",
    "dbz3_title": "齐齐哈尔冬季之五",
    "dbz3_page": "http://artist.artron.net/yishujia0262959/2-4819.html",
    "dbz3_pic": "http://img10.artimg.net/newart/2014/0504/1399175930_490219.jpg.small.jpg"
}