{
    "name": "傅春梅",
    "artist_pic": "imgs/loading.gif",
    "artist_info1": "籍贯地区：北京市",
    "artist_info2": "所属类别：国画",
    "artist_info3": "毕业院校：中央美术学院",
    "dbz1_title": "风季时节糸列",
    "dbz1_page": "http://artist.artron.net/yishujia0266567/2-121827.html",
    "dbz1_pic": "http://img10.artimg.net/newart/2015/0701/1435759822_358709.jpg.small.jpg",
    "dbz2_title": "花语系列",
    "dbz2_page": "http://artist.artron.net/yishujia0266567/2-121826.html",
    "dbz2_pic": "http://img10.artimg.net/newart/2015/0701/1435759684_389367.jpg.small.jpg",
    "dbz3_title": "风季时节",
    "dbz3_page": "http://artist.artron.net/yishujia0266567/2-120007.html",
    "dbz3_pic": "http://img10.artimg.net/newart/2015/0624/1435115934_326840.jpg.small.jpg"
}