{
    "name": "任继民",
    "artist_pic": "imgs/loading.gif",
    "artist_info1": "籍贯地区：辽宁",
    "artist_info2": "所属类别：国画",
    "artist_info3": "毕业院校：其他学校",
    "dbz1_title": "天上人间",
    "dbz1_page": "http://renjimin.artron.net/works_detail_brt0003660018",
    "dbz1_pic": "http://img5.artron.net/artist/A0004738/small_brt0003660018.jpg",
    "dbz2_title": "国粹飘香",
    "dbz2_page": "http://renjimin.artron.net/works_detail_brt0003660024",
    "dbz2_pic": "http://img5.artron.net/artist/A0004738/small_brt0003660024.jpg",
    "dbz3_title": "幽",
    "dbz3_page": "http://renjimin.artron.net/works_detail_brt0003660025",
    "dbz3_pic": "http://img5.artron.net/artist/A0004738/small_brt0003660025.jpg"
}