{
    "name": "冯岩",
    "artist_pic": "imgs/loading.gif",
    "artist_info1": "籍贯地区：山东滨州",
    "artist_info2": "所属类别：国画",
    "artist_info3": "毕业院校：其它学校",
    "dbz1_title": "作品欣赏",
    "dbz1_page": "http://artist.artron.net/yishujia0237704/2-62127.html",
    "dbz1_pic": "http://img10.artimg.net/newart/2014/1115/1416038087_875547.jpg.small.jpg",
    "dbz2_title": "作品欣赏",
    "dbz2_page": "http://artist.artron.net/yishujia0237704/2-62126.html",
    "dbz2_pic": "http://img10.artimg.net/newart/2014/1115/1416038080_913269.jpg.small.jpg",
    "dbz3_title": "作品欣赏",
    "dbz3_page": "http://artist.artron.net/yishujia0237704/2-62125.html",
    "dbz3_pic": "http://img10.artimg.net/newart/2014/1115/1416038072_495345.jpg.small.jpg"
}