{
    "name": "傅二石",
    "artist_pic": "imgs/loading.gif",
    "artist_info1": "籍贯地区：江西省",
    "artist_info2": "所属类别：国画",
    "artist_info3": "毕业院校：山东师范学院",
    "dbz1_title": "清江出峡",
    "dbz1_page": "http://fuershi.artron.net/works_detail_brt000107900124",
    "dbz1_pic": "http://img3.artron.net/artist/A0001079/small_brt000107900124.jpg",
    "dbz2_title": "阿尔泰风光",
    "dbz2_page": "http://fuershi.artron.net/works_detail_brt000107900001",
    "dbz2_pic": "http://img1.artron.net/artist/A0001079/small_brt000107900001.jpg",
    "dbz3_title": "快意雄风海上来",
    "dbz3_page": "http://fuershi.artron.net/works_detail_brt000107900125",
    "dbz3_pic": "http://img3.artron.net/artist/A0001079/small_brt000107900125.jpg"
}