{
    "name": "丁中一",
    "artist_pic": "imgs/loading.gif",
    "artist_info1": "籍贯地区：",
    "artist_info2": "所属类别：国画",
    "artist_info3": "毕业院校：中国美术学院",
    "dbz1_title": "古代人物001",
    "dbz1_page": "http://dingzhongyi.artron.net/works_detail_brt026496100001",
    "dbz1_pic": "http://img2.artron.net/artist/A0264961/small_brt026496100001.jpg",
    "dbz2_title": "古代人物001局部",
    "dbz2_page": "http://dingzhongyi.artron.net/works_detail_brt026496100106",
    "dbz2_pic": "http://img3.artron.net/artist/A0264961/small_brt026496100106.jpg",
    "dbz3_title": "古代人物001局部01",
    "dbz3_page": "http://dingzhongyi.artron.net/works_detail_brt026496100107",
    "dbz3_pic": "http://img3.artron.net/artist/A0264961/small_brt026496100107.jpg"
}