{
    "name": "刘建新",
    "artist_pic": "imgs/loading.gif",
    "artist_info1": "籍贯地区：山东省",
    "artist_info2": "所属类别：油画",
    "artist_info3": "毕业院校：青岛大学",
    "dbz1_title": "磐石系列-岁月",
    "dbz1_page": "http://artist.artron.net/yishujia0266188/2-83080.html",
    "dbz1_pic": "http://img10.artimg.net/newart/2015/0118/1421566513_290035.jpg.small.jpg",
    "dbz2_title": "磐石系列-生命之根1",
    "dbz2_page": "http://artist.artron.net/yishujia0266188/2-83079.html",
    "dbz2_pic": "http://img10.artimg.net/newart/2015/0118/1421566133_493619.jpg.small.jpg",
    "dbz3_title": "磐石",
    "dbz3_page": "http://artist.artron.net/yishujia0266188/2-83078.html",
    "dbz3_pic": "http://img10.artimg.net/newart/2015/0118/1421565896_942668.jpg.small.jpg"
}