{
    "name": "丁杰",
    "artist_pic": "imgs/loading.gif",
    "artist_info1": "籍贯地区：",
    "artist_info2": "所属类别：国画",
    "artist_info3": "毕业院校：南京师范大学",
    "dbz1_title": "云山侗寨图",
    "dbz1_page": "http://dingjie.artron.net/works_detail_brt013594600206",
    "dbz1_pic": "http://img1.artron.net/artist/A0135946/small_brt013594600206.jpg",
    "dbz2_title": "寒林雪景",
    "dbz2_page": "http://dingjie.artron.net/works_detail_brt013594600003",
    "dbz2_pic": "http://img1.artron.net/artist/A0135946/small_brt013594600003.jpg",
    "dbz3_title": "泰国古城",
    "dbz3_page": "http://dingjie.artron.net/works_detail_brt013594600005",
    "dbz3_pic": "http://img1.artron.net/artist/A0135946/small_brt013594600005.jpg"
}