{
    "name": "余蒙",
    "artist_pic": "imgs/loading.gif",
    "artist_info1": "籍贯地区：内蒙古",
    "artist_info2": "所属类别：油画",
    "artist_info3": "毕业院校：中央美术学院",
    "dbz1_title": "余蒙油画《静夜思》50X60cm布面油画2015年",
    "dbz1_page": "http://artist.artron.net/yishujia0266018/2-103936.html",
    "dbz1_pic": "http://img10.artimg.net/newart/2015/0428/1430211650_595440.JPG.small.jpg",
    "dbz2_title": "局部一余蒙油画《末日审判之妄想家》150X120cm布面油画2015年",
    "dbz2_page": "http://artist.artron.net/yishujia0266018/2-103935.html",
    "dbz2_pic": "http://img10.artimg.net/newart/2015/0428/1430210297_394512.JPG.small.jpg",
    "dbz3_title": "局部四余蒙油画《末日审判之妄想家》150X120cm布面油画2015年",
    "dbz3_page": "http://artist.artron.net/yishujia0266018/2-103934.html",
    "dbz3_pic": "http://img10.artimg.net/newart/2015/0428/1430210254_385353.JPG.small.jpg"
}