{
    "name": "万德禅人",
    "artist_pic": "imgs/loading.gif",
    "artist_info1": "籍贯地区：山西省",
    "artist_info2": "所属类别：国画",
    "artist_info3": "毕业院校：中国美院",
    "dbz1_title": "墨竹折扇2",
    "dbz1_page": "http://wandechanren.artron.net/works_detail_brt026216800306",
    "dbz1_pic": "http://img4.artron.net/artist/A0262168/small_brt026216800306.jpg",
    "dbz2_title": "墨竹折扇4",
    "dbz2_page": "http://wandechanren.artron.net/works_detail_brt026216800307",
    "dbz2_pic": "http://img4.artron.net/artist/A0262168/small_brt026216800307.jpg",
    "dbz3_title": "人物折扇2",
    "dbz3_page": "http://wandechanren.artron.net/works_detail_brt026216800308",
    "dbz3_pic": "http://img4.artron.net/artist/A0262168/small_brt026216800308.jpg"
}