{
    "name": "于非闇",
    "artist_pic": "imgs/loading.gif",
    "artist_info1": "籍贯地区：山东蓬莱",
    "artist_info2": "所属类别：国画",
    "artist_info3": "毕业院校：其他学校",
    "dbz1_title": "秋景山水",
    "dbz1_page": "http://yufeian.artron.net/works_detail_BRT000000072331",
    "dbz1_pic": "http://img1.artron.net/artist/A0007215/small_CRT0000650001.jpg",
    "dbz2_title": "秋景山水",
    "dbz2_page": "http://yufeian.artron.net/works_detail_brt000721500001",
    "dbz2_pic": "http://img1.artron.net/artist/A0007215/small_brt000721500001.jpg",
    "dbz3_title": "水仙",
    "dbz3_page": "http://yufeian.artron.net/works_detail_BRT000000072332",
    "dbz3_pic": "http://img1.artron.net/artist/A0007215/small_CRT0000650002.jpg"
}