{
    "name": "党中华",
    "artist_pic": "imgs/loading.gif",
    "artist_info1": "籍贯地区：辽宁省",
    "artist_info2": "所属类别：油画",
    "artist_info3": "毕业院校：大连大学美术学院",
    "dbz1_title": "党中华油画659_80x60.2015",
    "dbz1_page": "http://artist.artron.net/yishujia0262901/2-127031.html",
    "dbz1_pic": "http://img10.artimg.net/newart/2015/0719/1437280304_214202.jpg.small.jpg",
    "dbz2_title": "党中华油画602_170x160.2014",
    "dbz2_page": "http://artist.artron.net/yishujia0262901/2-127030.html",
    "dbz2_pic": "http://img10.artimg.net/newart/2015/0719/1437280217_289736.jpg.small.jpg",
    "dbz3_title": "党中华油画588_60x50.2014",
    "dbz3_page": "http://artist.artron.net/yishujia0262901/2-126437.html",
    "dbz3_pic": "http://img10.artimg.net/newart/2015/0716/1437041137_466678.jpg.small.jpg"
}