{
    "name": "叶芃",
    "artist_pic": "imgs/loading.gif",
    "artist_info1": "籍贯地区：浙江衢州",
    "artist_info2": "所属类别：国画",
    "artist_info3": "毕业院校：中央美术学院",
    "dbz1_title": "时空▪领域9 69cmx46cm 2014年",
    "dbz1_page": "http://artist.artron.net/yishujia0263583/2-74226.html",
    "dbz1_pic": "http://img10.artimg.net/newart/2014/1223/1419347663_549651.jpg.small.jpg",
    "dbz2_title": "时空▪领域7 69cmx46cm 2014年",
    "dbz2_page": "http://artist.artron.net/yishujia0263583/2-74225.html",
    "dbz2_pic": "http://img10.artimg.net/newart/2014/1223/1419347515_536264.jpg.small.jpg",
    "dbz3_title": "时空▪领域8 69cmx46cm 2014年",
    "dbz3_page": "http://artist.artron.net/yishujia0263583/2-74223.html",
    "dbz3_pic": "http://img10.artimg.net/newart/2014/1223/1419347364_386658.jpg.small.jpg"
}