{
    "name": "关坚",
    "artist_pic": "imgs/loading.gif",
    "artist_info1": "籍贯地区：广东省",
    "artist_info2": "所属类别：国画",
    "artist_info3": "毕业院校：广州美术学院",
    "dbz1_title": "《秋山寺影 》",
    "dbz1_page": "http://artist.artron.net/yishujia0265791/2-109249.html",
    "dbz1_pic": "http://img10.artimg.net/newart/2015/0515/1431679101_157525.jpg.small.jpg",
    "dbz2_title": "《禅林秋意》",
    "dbz2_page": "http://artist.artron.net/yishujia0265791/2-109248.html",
    "dbz2_pic": "http://img10.artimg.net/newart/2015/0515/1431679080_931314.jpg.small.jpg",
    "dbz3_title": "《甘肃张掖马蹄寺千佛洞写生》",
    "dbz3_page": "http://artist.artron.net/yishujia0265791/2-109247.html",
    "dbz3_pic": "http://img10.artimg.net/newart/2015/0515/1431679058_569025.jpg.small.jpg"
}