{
    "name": "叶玉昶",
    "artist_pic": "imgs/loading.gif",
    "artist_info1": "籍贯地区：安徽黟县",
    "artist_info2": "所属类别：国画",
    "artist_info3": "毕业院校：中国美术学院",
    "dbz1_title": "石后兰香",
    "dbz1_page": "http://yeyuchang.artron.net/works_detail_brt000089200001",
    "dbz1_pic": "http://img1.artron.net/artist/A0000892/small_brt000089200001.jpg",
    "dbz2_title": "白莲翠鸟",
    "dbz2_page": "http://yeyuchang.artron.net/works_detail_brt000089200002",
    "dbz2_pic": "http://img1.artron.net/artist/A0000892/small_brt000089200002.jpg",
    "dbz3_title": "金秋雅聚",
    "dbz3_page": "http://yeyuchang.artron.net/works_detail_brt000089200003",
    "dbz3_pic": "http://img1.artron.net/artist/A0000892/small_brt000089200003.jpg"
}