{
    "name": "刘元",
    "artist_pic": "imgs/loading.gif",
    "artist_info1": "籍贯地区：上海黄浦",
    "artist_info2": "所属类别：油画",
    "artist_info3": "毕业院校：上海大学美术学院",
    "dbz1_title": "大卫1",
    "dbz1_page": "http://liuyuan.artron.net/works_detail_brt026269200001",
    "dbz1_pic": "http://img5.artron.net/artist/A0262692/small_brt026269200001.jpg",
    "dbz2_title": "大卫（局部）1",
    "dbz2_page": "http://liuyuan.artron.net/works_detail_brt026269200002",
    "dbz2_pic": "http://img5.artron.net/artist/A0262692/small_brt026269200002.jpg",
    "dbz3_title": "大卫2",
    "dbz3_page": "http://liuyuan.artron.net/works_detail_brt026269200003",
    "dbz3_pic": "http://img5.artron.net/artist/A0262692/small_brt026269200003.jpg"
}