{
    "name": "吕厚民",
    "artist_pic": "imgs/loading.gif",
    "artist_info1": "籍贯地区：",
    "artist_info2": "所属类别：摄影",
    "artist_info3": "毕业院校：其他学校",
    "dbz1_title": "毛泽东在“洛阳号”舰艇上向群众挥手",
    "dbz1_page": "http://lvhoumin.artron.net/main.php?pFlag=exhibi_2&aid=A0000067&cate=68&wrkid=BRT000000001570#showPicTop",
    "dbz1_pic": "http://img1.artron.net/artist/A0000067/small_brt0000560003.jpg",
    "dbz2_title": "毛泽东在中央人民政府第八次会议上讨论国徽图案",
    "dbz2_page": "http://lvhoumin.artron.net/main.php?pFlag=exhibi_2&aid=A0000067&cate=68&wrkid=BRT000000001571#showPicTop",
    "dbz2_pic": "http://img1.artron.net/artist/A0000067/small_brt0000560001.jpg",
    "dbz3_title": "人民志愿军文艺工作者归国观光时拥抱毛泽东",
    "dbz3_page": "http://lvhoumin.artron.net/main.php?pFlag=exhibi_2&aid=A0000067&cate=68&wrkid=BRT000000001572#showPicTop",
    "dbz3_pic": "http://img1.artron.net/artist/A0000067/small_brt0000560004.jpg"
}