{
    "name": "卢新华",
    "artist_pic": "imgs/loading.gif",
    "artist_info1": "籍贯地区：陕西",
    "artist_info2": "所属类别：油画",
    "artist_info3": "毕业院校：其它学校",
    "dbz1_title": "老城暮色",
    "dbz1_page": "http://luxinhua.artron.net/works_detail_brt026273600001",
    "dbz1_pic": "http://img2.artron.net/artist/A0262736/small_brt026273600001.jpg",
    "dbz2_title": "西出阳关",
    "dbz2_page": "http://luxinhua.artron.net/works_detail_brt026273600002",
    "dbz2_pic": "http://img2.artron.net/artist/A0262736/small_brt026273600002.jpg",
    "dbz3_title": "融雪",
    "dbz3_page": "http://luxinhua.artron.net/works_detail_brt026273600003",
    "dbz3_pic": "http://img2.artron.net/artist/A0262736/small_brt026273600003.jpg"
}