{
    "name": "何多苓",
    "artist_pic": "imgs/loading.gif",
    "artist_info1": "籍贯地区：四川",
    "artist_info2": "所属类别：油画",
    "artist_info3": "毕业院校：四川美术学院",
    "dbz1_title": "躺女1",
    "dbz1_page": "http://heduoling.artron.net/works_detail_BRT000000065357",
    "dbz1_pic": "http://img1.artron.net/artist/A0000046/small_brt0000450268.jpg",
    "dbz2_title": "秦琴的肖像",
    "dbz2_page": "http://heduoling.artron.net/works_detail_BRT000000024181",
    "dbz2_pic": "http://img1.artron.net/artist/A0000046/small_brt0000450030.jpg",
    "dbz3_title": "躺着的女孩",
    "dbz3_page": "http://heduoling.artron.net/works_detail_BRT000000024182",
    "dbz3_pic": "http://img1.artron.net/artist/A0000046/small_brt0000450031.jpg"
}