{
    "name": "于俊海",
    "artist_pic": "imgs/loading.gif",
    "artist_info1": "籍贯地区：天津宝坻",
    "artist_info2": "所属类别：摄影",
    "artist_info3": "毕业院校：其它学校",
    "dbz1_title": "牛与车 获第三届中国摄影金像奖",
    "dbz1_page": "http://yujunhai.artron.net/main.php?pFlag=exhibi_2&aid=A0266227&cate=19855&wrkid=brt026622700001#showPicTop",
    "dbz1_pic": "http://img4.artron.net/artist/A0266227/small_brt026622700001.jpg",
    "dbz2_title": "牧归 获第三届中国摄影金像奖",
    "dbz2_page": "http://yujunhai.artron.net/main.php?pFlag=exhibi_2&aid=A0266227&cate=19855&wrkid=brt026622700002#showPicTop",
    "dbz2_pic": "http://img4.artron.net/artist/A0266227/small_brt026622700002.jpg",
    "dbz3_title": "大地畅想曲",
    "dbz3_page": "http://yujunhai.artron.net/main.php?pFlag=exhibi_2&aid=A0266227&cate=19855&wrkid=brt026622700003#showPicTop",
    "dbz3_pic": "http://img4.artron.net/artist/A0266227/small_brt026622700003.jpg"
}