{
    "name": "兰力斌",
    "artist_pic": "imgs/loading.gif",
    "artist_info1": "籍贯地区：",
    "artist_info2": "所属类别：油画",
    "artist_info3": "毕业院校：中央美院油画创作研修...",
    "dbz1_title": "村姑",
    "dbz1_page": "http://lanlibin.artron.net/works_detail_brt000739200077",
    "dbz1_pic": "http://img1.artron.net/artist/A0007392/small_brt000739200077.jpg",
    "dbz2_title": "回眸",
    "dbz2_page": "http://lanlibin.artron.net/works_detail_brt000739200078",
    "dbz2_pic": "http://img1.artron.net/artist/A0007392/small_brt000739200078.jpg",
    "dbz3_title": "阳光明媚",
    "dbz3_page": "http://lanlibin.artron.net/works_detail_brt000739200075",
    "dbz3_pic": "http://img1.artron.net/artist/A0007392/small_brt000739200075.jpg"
}