{
    "name": "冯长江",
    "artist_pic": "imgs/loading.gif",
    "artist_info1": "籍贯地区：山西省",
    "artist_info2": "所属类别：国画",
    "artist_info3": "毕业院校：其他学校",
    "dbz1_title": "红绸舞（学舞）<br>^_^Red Silk Ribbon Dance",
    "dbz1_page": "http://fengchangjiang.artron.net/works_detail_brt013593800001",
    "dbz1_pic": "http://img3.artron.net/artist/A0135938/small_brt013593800001.jpg",
    "dbz2_title": "白虹<br>^_^Ring Dance",
    "dbz2_page": "http://fengchangjiang.artron.net/works_detail_brt013593800005",
    "dbz2_pic": "http://img3.artron.net/artist/A0135938/small_brt013593800005.jpg",
    "dbz3_title": "冬洁<br>^_^Winter Purity",
    "dbz3_page": "http://fengchangjiang.artron.net/works_detail_brt013593800006",
    "dbz3_pic": "http://img3.artron.net/artist/A0135938/small_brt013593800006.jpg"
}