{
    "name": "刘波",
    "artist_pic": "imgs/loading.gif",
    "artist_info1": "籍贯地区：山西",
    "artist_info2": "所属类别：国画",
    "artist_info3": "毕业院校：南开大学",
    "dbz1_title": "晋贤高致组画",
    "dbz1_page": "http://liubo.artron.net/works_detail_brt000704800327",
    "dbz1_pic": "http://img5.artron.net/artist/A0007048/small_brt000704800327.jpg",
    "dbz2_title": "香远益清手卷",
    "dbz2_page": "http://liubo.artron.net/works_detail_brt000704800328",
    "dbz2_pic": "http://img5.artron.net/artist/A0007048/small_brt000704800328.jpg",
    "dbz3_title": "琴棋书画组画",
    "dbz3_page": "http://liubo.artron.net/works_detail_brt000704800329",
    "dbz3_pic": "http://img5.artron.net/artist/A0007048/small_brt000704800329.jpg"
}