{
    "name": "刘玮",
    "artist_pic": "imgs/loading.gif",
    "artist_info1": "籍贯地区：黑龙江",
    "artist_info2": "所属类别：油画",
    "artist_info3": "毕业院校：中央美术学院",
    "dbz1_title": "抽象系列001",
    "dbz1_page": "http://lw.artron.net/works_detail_brt026254100001",
    "dbz1_pic": "http://img1.artron.net/artist/A0262541/small_brt026254100001.jpg",
    "dbz2_title": "抽象系列002",
    "dbz2_page": "http://lw.artron.net/works_detail_brt026254100002",
    "dbz2_pic": "http://img1.artron.net/artist/A0262541/small_brt026254100002.jpg",
    "dbz3_title": "抽象系列003",
    "dbz3_page": "http://lw.artron.net/works_detail_brt026254100003",
    "dbz3_pic": "http://img1.artron.net/artist/A0262541/small_brt026254100003.jpg"
}