{
    "name": "何家英",
    "artist_pic": "imgs/loading.gif",
    "artist_info1": "籍贯地区：天津",
    "artist_info2": "所属类别：国画",
    "artist_info3": "毕业院校：天津美术学院",
    "dbz1_title": "春城无处不飞花",
    "dbz1_page": "http://hejiaying.artron.net/works_detail_BRT000000000163",
    "dbz1_pic": "http://img1.artron.net/artist/A0000005/small_brt0000050002.jpg",
    "dbz2_title": "夏日情怀之二",
    "dbz2_page": "http://hejiaying.artron.net/works_detail_BRT000000000160",
    "dbz2_pic": "http://img1.artron.net/artist/A0000005/small_brt0000050028.jpg",
    "dbz3_title": "凉风诱我对花眠",
    "dbz3_page": "http://hejiaying.artron.net/works_detail_BRT000000000165",
    "dbz3_pic": "http://img1.artron.net/artist/A0000005/small_brt0000050018.jpg"
}