{
    "name": "刘彦君",
    "artist_pic": "imgs/loading.gif",
    "artist_info1": "籍贯地区：陕西",
    "artist_info2": "所属类别：当代艺术,油画",
    "artist_info3": "毕业院校：四川美术学院",
    "dbz1_title": "玄武岩综合类001-1",
    "dbz1_page": "http://liuyanjun.artron.net/works_detail_brt026252400001",
    "dbz1_pic": "http://img4.artron.net/artist/A0262524/small_brt026252400001.jpg",
    "dbz2_title": "玄武岩综合类001-2",
    "dbz2_page": "http://liuyanjun.artron.net/works_detail_brt026252400002",
    "dbz2_pic": "http://img4.artron.net/artist/A0262524/small_brt026252400002.jpg",
    "dbz3_title": "玄武岩综合类002",
    "dbz3_page": "http://liuyanjun.artron.net/works_detail_brt026252400003",
    "dbz3_pic": "http://img4.artron.net/artist/A0262524/small_brt026252400003.jpg"
}