{
    "name": "刘旭（北京画院）",
    "artist_pic": "imgs/loading.gif",
    "artist_info1": "籍贯地区：",
    "artist_info2": "所属类别：国画",
    "artist_info3": "毕业院校：首都师范大学美术学院",
    "dbz1_title": "翠壑流泉",
    "dbz1_page": "http://liuxu.artron.net/works_detail_brt026259200001",
    "dbz1_pic": "http://img5.artron.net/artist/A0262592/small_brt026259200001.jpg",
    "dbz2_title": "翠壑松风",
    "dbz2_page": "http://liuxu.artron.net/works_detail_brt026259200002",
    "dbz2_pic": "http://img5.artron.net/artist/A0262592/small_brt026259200002.jpg",
    "dbz3_title": "动观流水静观山",
    "dbz3_page": "http://liuxu.artron.net/works_detail_brt026259200003",
    "dbz3_pic": "http://img5.artron.net/artist/A0262592/small_brt026259200003.jpg"
}