{
    "name": "刘少白",
    "artist_pic": "imgs/loading.gif",
    "artist_info1": "籍贯地区：山东",
    "artist_info2": "所属类别：国画",
    "artist_info3": "毕业院校：其他学校",
    "dbz1_title": "補天之余",
    "dbz1_page": "http://liushaobai.artron.net/works_detail_brt026126700001",
    "dbz1_pic": "http://img4.artron.net/artist/A0261267/small_brt026126700001.jpg",
    "dbz2_title": "苍岩寒翠",
    "dbz2_page": "http://liushaobai.artron.net/works_detail_brt026126700002",
    "dbz2_pic": "http://img4.artron.net/artist/A0261267/small_brt026126700002.jpg",
    "dbz3_title": "寒江独钓",
    "dbz3_page": "http://liushaobai.artron.net/works_detail_brt026126700003",
    "dbz3_pic": "http://img4.artron.net/artist/A0261267/small_brt026126700003.jpg"
}