{
    "name": "刘一原",
    "artist_pic": "imgs/loading.gif",
    "artist_info1": "籍贯地区：",
    "artist_info2": "所属类别：国画",
    "artist_info3": "毕业院校：湖北美术学院",
    "dbz1_title": "笔意山川",
    "dbz1_page": "http://liuyiyuan.artron.net/works_detail_brt000742800038",
    "dbz1_pic": "http://img5.artron.net/artist/A0007428/small_brt000742800038.jpg",
    "dbz2_title": "笔走风云",
    "dbz2_page": "http://liuyiyuan.artron.net/works_detail_brt000742800039",
    "dbz2_pic": "http://img3.artron.net/artist/A0007428/small_brt000742800039.jpg",
    "dbz3_title": "冬青",
    "dbz3_page": "http://liuyiyuan.artron.net/works_detail_brt000742800040",
    "dbz3_pic": "http://img1.artron.net/artist/A0007428/small_brt000742800040.jpg"
}