{
    "name": "余萍",
    "artist_pic": "imgs/loading.gif",
    "artist_info1": "籍贯地区：安徽",
    "artist_info2": "所属类别：油画",
    "artist_info3": "毕业院校：湖北美术学院",
    "dbz1_title": "《照镜子》之一",
    "dbz1_page": "http://yuping.artron.net/works_detail_brt026203200001",
    "dbz1_pic": "http://img5.artron.net/artist/A0262032/small_brt026203200001.jpg",
    "dbz2_title": "《照镜子》之二",
    "dbz2_page": "http://yuping.artron.net/works_detail_brt026203200002",
    "dbz2_pic": "http://img5.artron.net/artist/A0262032/small_brt026203200002.jpg",
    "dbz3_title": "窗外",
    "dbz3_page": "http://yuping.artron.net/works_detail_brt026203200038",
    "dbz3_pic": "http://img5.artron.net/artist/A0262032/small_brt026203200038.jpg"
}