{
    "name": "刘云",
    "artist_pic": "imgs/loading.gif",
    "artist_info1": "籍贯地区：湖南省",
    "artist_info2": "所属类别：国画",
    "artist_info3": "毕业院校：湖南师范大学艺术系",
    "dbz1_title": "绿水绕家园之一",
    "dbz1_page": "http://liuyun.artron.net/works_detail_brt000379600504",
    "dbz1_pic": "http://img2.artron.net/artist/A0003796/small_brt000379600504.jpg",
    "dbz2_title": "绿水绕家园之二",
    "dbz2_page": "http://liuyun.artron.net/works_detail_brt000379600505",
    "dbz2_pic": "http://img2.artron.net/artist/A0003796/small_brt000379600505.jpg",
    "dbz3_title": "绿水绕家园之三",
    "dbz3_page": "http://liuyun.artron.net/works_detail_brt000379600506",
    "dbz3_pic": "http://img2.artron.net/artist/A0003796/small_brt000379600506.jpg"
}