{
    "name": "丘挺",
    "artist_pic": "imgs/loading.gif",
    "artist_info1": "籍贯地区：广东",
    "artist_info2": "所属类别：国画",
    "artist_info3": "毕业院校：清华大学美术学院",
    "dbz1_title": "云山图",
    "dbz1_page": "http://qiuting.artron.net/works_detail_brt026164900029",
    "dbz1_pic": "http://img1.artron.net/artist/A0261649/small_brt026164900029.jpg",
    "dbz2_title": "桂林烟雨之二",
    "dbz2_page": "http://qiuting.artron.net/works_detail_brt026164900002",
    "dbz2_pic": "http://img1.artron.net/artist/A0261649/small_brt026164900002.jpg",
    "dbz3_title": "桂林烟雨之三",
    "dbz3_page": "http://qiuting.artron.net/works_detail_brt026164900003",
    "dbz3_pic": "http://img1.artron.net/artist/A0261649/small_brt026164900003.jpg"
}