{
    "name": "刘罡",
    "artist_pic": "imgs/loading.gif",
    "artist_info1": "籍贯地区：山东",
    "artist_info2": "所属类别：国画",
    "artist_info3": "毕业院校：山东师范大学",
    "dbz1_title": "知者乐水图",
    "dbz1_page": "http://liugang.artron.net/works_detail_brt021518700001",
    "dbz1_pic": "http://img5.artron.net/artist/A0215187/small_brt021518700001.jpg",
    "dbz2_title": "泰山岩岩",
    "dbz2_page": "http://liugang.artron.net/works_detail_brt021518700002",
    "dbz2_pic": "http://img5.artron.net/artist/A0215187/small_brt021518700002.jpg",
    "dbz3_title": "泰山幽居读书图",
    "dbz3_page": "http://liugang.artron.net/works_detail_brt021518700003",
    "dbz3_pic": "http://img5.artron.net/artist/A0215187/small_brt021518700003.jpg"
}