{
    "name": "刘江（中国画）",
    "artist_pic": "imgs/loading.gif",
    "artist_info1": "籍贯地区：内蒙古",
    "artist_info2": "所属类别：国画",
    "artist_info3": "毕业院校：内蒙古师范大学美术系",
    "dbz1_title": "观瀑图",
    "dbz1_page": "http://liujiang.artron.net/works_detail_brt020505300001",
    "dbz1_pic": "http://img3.artron.net/artist/A0205053/small_brt020505300001.jpg",
    "dbz2_title": "观沧海",
    "dbz2_page": "http://liujiang.artron.net/works_detail_brt020505300004",
    "dbz2_pic": "http://img3.artron.net/artist/A0205053/small_brt020505300004.jpg",
    "dbz3_title": "爱莲图",
    "dbz3_page": "http://liujiang.artron.net/works_detail_brt020505300024",
    "dbz3_pic": "http://img1.artron.net/artist/A0205053/small_brt020505300024.jpg"
}