{
    "name": "叶烂",
    "artist_pic": "imgs/loading.gif",
    "artist_info1": "籍贯地区：",
    "artist_info2": "所属类别：国画",
    "artist_info3": "毕业院校：南京艺术学院",
    "dbz1_title": "万点梅花和月香",
    "dbz1_page": "http://yelan.artron.net/works_detail_brt000801100082",
    "dbz1_pic": "http://img4.artron.net/artist/A0008011/small_brt000801100082.jpg",
    "dbz2_title": "春之夜",
    "dbz2_page": "http://yelan.artron.net/works_detail_brt000801100083",
    "dbz2_pic": "http://img4.artron.net/artist/A0008011/small_brt000801100083.jpg",
    "dbz3_title": "晚荷",
    "dbz3_page": "http://yelan.artron.net/works_detail_brt000801100084",
    "dbz3_pic": "http://img4.artron.net/artist/A0008011/small_brt000801100084.jpg"
}