{
    "name": "刘德维（子墨）",
    "artist_pic": "imgs/loading.gif",
    "artist_info1": "籍贯地区：",
    "artist_info2": "所属类别：国画,油画",
    "artist_info3": "毕业院校：其他学校",
    "dbz1_title": "安阳小屯",
    "dbz1_page": "http://liudewei.artron.net/works_detail_brt020981400001",
    "dbz1_pic": "http://img1.artron.net/artist/A0209814/small_brt020981400001.jpg",
    "dbz2_title": "凹凸",
    "dbz2_page": "http://liudewei.artron.net/works_detail_brt020981400002",
    "dbz2_pic": "http://img1.artron.net/artist/A0209814/small_brt020981400002.jpg",
    "dbz3_title": "库藏宝",
    "dbz3_page": "http://liudewei.artron.net/works_detail_brt020981400003",
    "dbz3_pic": "http://img1.artron.net/artist/A0209814/small_brt020981400003.jpg"
}