{
    "name": "刘瑞明",
    "artist_pic": "imgs/loading.gif",
    "artist_info1": "籍贯地区：山东临朐人",
    "artist_info2": "所属类别：书法",
    "artist_info3": "毕业院校：其它学校",
    "dbz1_title": "奥运火炬手美名01",
    "dbz1_page": "http://liuruiming.artron.net/works_detail_brt026251100001",
    "dbz1_pic": "http://img1.artron.net/artist/A0262511/small_brt026251100001.jpg",
    "dbz2_title": "奥运火炬手美名02",
    "dbz2_page": "http://liuruiming.artron.net/works_detail_brt026251100002",
    "dbz2_pic": "http://img2.artron.net/artist/A0262511/small_brt026251100002.jpg",
    "dbz3_title": "奥运火炬手美名03",
    "dbz3_page": "http://liuruiming.artron.net/works_detail_brt026251100003",
    "dbz3_pic": "http://img5.artron.net/artist/A0262511/small_brt026251100003.jpg"
}