{
    "name": "克拉夫佐夫·伊戈尔·米哈伊洛维奇",
    "artist_pic": "imgs/loading.gif",
    "artist_info1": "籍贯地区：",
    "artist_info2": "所属类别：油画",
    "artist_info3": "毕业院校：其他学校",
    "dbz1_title": "白色风景",
    "dbz1_page": "http://kravtsov_i_m.artron.net/works_detail_brt026243500001",
    "dbz1_pic": "http://img3.artron.net/artist/A0262435/small_brt026243500001.jpg",
    "dbz2_title": "黑色风景",
    "dbz2_page": "http://kravtsov_i_m.artron.net/works_detail_brt026243500002",
    "dbz2_pic": "http://img3.artron.net/artist/A0262435/small_brt026243500002.jpg",
    "dbz3_title": "黑色风景（局部1）",
    "dbz3_page": "http://kravtsov_i_m.artron.net/works_detail_brt026243500003",
    "dbz3_pic": "http://img3.artron.net/artist/A0262435/small_brt026243500003.jpg"
}