{
    "name": "吉瑞森",
    "artist_pic": "imgs/loading.gif",
    "artist_info1": "籍贯地区：",
    "artist_info2": "所属类别：国画",
    "artist_info3": "毕业院校：其他学校",
    "dbz1_title": "百年老干醉高风",
    "dbz1_page": "http://jiruisen.artron.net/works_detail_brt026167600001",
    "dbz1_pic": "http://img3.artron.net/artist/A0261676/small_brt026167600001.jpg",
    "dbz2_title": "春风乍起",
    "dbz2_page": "http://jiruisen.artron.net/works_detail_brt026167600002",
    "dbz2_pic": "http://img3.artron.net/artist/A0261676/small_brt026167600002.jpg",
    "dbz3_title": "地涌金莲",
    "dbz3_page": "http://jiruisen.artron.net/works_detail_brt026167600003",
    "dbz3_pic": "http://img3.artron.net/artist/A0261676/small_brt026167600003.jpg"
}