{
    "name": "何叔水",
    "artist_pic": "imgs/loading.gif",
    "artist_info1": "籍贯地区：江西",
    "artist_info2": "所属类别：当代艺术",
    "artist_info3": "毕业院校：不详",
    "dbz1_title": "簪花侍女图",
    "dbz1_page": "http://heshushui.artron.net/works_detail_brt000148100002",
    "dbz1_pic": "http://img3.artron.net/artist/A0001481/small_brt000148100002.jpg",
    "dbz2_title": "富贵耄耋",
    "dbz2_page": "http://heshushui.artron.net/works_detail_brt000148100003",
    "dbz2_pic": "http://img2.artron.net/artist/A0001481/small_brt000148100003.jpg",
    "dbz3_title": "千里共婵娟",
    "dbz3_page": "http://heshushui.artron.net/works_detail_brt000148100004",
    "dbz3_pic": "http://img2.artron.net/artist/A0001481/small_brt000148100004.jpg"
}