{
    "name": "叶浅予",
    "artist_pic": "imgs/loading.gif",
    "artist_info1": "籍贯地区：浙江",
    "artist_info2": "所属类别：国画,油画",
    "artist_info3": "毕业院校：其他学校",
    "dbz1_title": "白描苗女舞姿",
    "dbz1_page": "http://yeqianyu.artron.net/works_detail_BRT000000072605",
    "dbz1_pic": "http://img1.artron.net/artist/A0007672/small_TRT0000500001.jpg",
    "dbz2_title": "朝鲜扇舞",
    "dbz2_page": "http://yeqianyu.artron.net/works_detail_BRT000000072606",
    "dbz2_pic": "http://img1.artron.net/artist/A0007672/small_TRT0000500002.jpg",
    "dbz3_title": "印度舞姿",
    "dbz3_page": "http://yeqianyu.artron.net/works_detail_BRT000000072607",
    "dbz3_pic": "http://img1.artron.net/artist/A0007672/small_TRT0000500003.jpg"
}