{
    "name": "卓民",
    "artist_pic": "imgs/loading.gif",
    "artist_info1": "籍贯地区：",
    "artist_info2": "所属类别：国画,壁画",
    "artist_info3": "毕业院校：筑波大学",
    "dbz1_title": "古壁画的窥探过程001",
    "dbz1_page": "http://zhuomin.artron.net/works_detail_brt026077300001",
    "dbz1_pic": "http://img2.artron.net/artist/A0260773/small_brt026077300001.jpg",
    "dbz2_title": "古壁画的窥探过程002",
    "dbz2_page": "http://zhuomin.artron.net/works_detail_brt026077300002",
    "dbz2_pic": "http://img2.artron.net/artist/A0260773/small_brt026077300002.jpg",
    "dbz3_title": "古壁画的窥探过程003",
    "dbz3_page": "http://zhuomin.artron.net/works_detail_brt026077300003",
    "dbz3_pic": "http://img2.artron.net/artist/A0260773/small_brt026077300003.jpg"
}