{
    "name": "刘云图",
    "artist_pic": "imgs/loading.gif",
    "artist_info1": "籍贯地区：",
    "artist_info2": "所属类别：油画,当代艺术",
    "artist_info3": "毕业院校：其他学校",
    "dbz1_title": "西域西城",
    "dbz1_page": "http://liuyuntu.artron.net/works_detail_brt000810700001",
    "dbz1_pic": "http://img3.artron.net/artist/A0008107/small_brt000810700001.jpg",
    "dbz2_title": "山的那边",
    "dbz2_page": "http://liuyuntu.artron.net/works_detail_brt000810700002",
    "dbz2_pic": "http://img3.artron.net/artist/A0008107/small_brt000810700002.jpg",
    "dbz3_title": "椰女",
    "dbz3_page": "http://liuyuntu.artron.net/works_detail_brt000810700003",
    "dbz3_pic": "http://img3.artron.net/artist/A0008107/small_brt000810700003.jpg"
}