{
    "name": "一真",
    "artist_pic": "imgs/loading.gif",
    "artist_info1": "籍贯地区：浙江",
    "artist_info2": "所属类别：油画",
    "artist_info3": "毕业院校：广州美术学院",
    "dbz1_title": "方格子的世界",
    "dbz1_page": "http://yizhen.artron.net/works_detail_brt025988100001",
    "dbz1_pic": "http://img5.artron.net/artist/A0259881/small_brt025988100001.jpg",
    "dbz2_title": "方格子的世界",
    "dbz2_page": "http://yizhen.artron.net/works_detail_brt025988100002",
    "dbz2_pic": "http://img5.artron.net/artist/A0259881/small_brt025988100002.jpg",
    "dbz3_title": "方格子的世界",
    "dbz3_page": "http://yizhen.artron.net/works_detail_brt025988100003",
    "dbz3_pic": "http://img5.artron.net/artist/A0259881/small_brt025988100003.jpg"
}