{
    "name": "加宏杰",
    "artist_pic": "imgs/loading.gif",
    "artist_info1": "籍贯地区：山西省",
    "artist_info2": "所属类别：国画",
    "artist_info3": "毕业院校：山西师范大学美术教育...",
    "dbz1_title": "《知白审境》创作年代2013年69X69cm",
    "dbz1_page": "http://artist.artron.net/yishujia0266091/2-70386.html",
    "dbz1_pic": "http://img10.artimg.net/newart/2014/1212/1418396421_734861.JPG.small.jpg",
    "dbz2_title": "《春霁又忙》创作年代2014年68X128cm",
    "dbz2_page": "http://artist.artron.net/yishujia0266091/2-70383.html",
    "dbz2_pic": "http://img10.artimg.net/newart/2014/1212/1418396020_764194.JPG.small.jpg",
    "dbz3_title": "《冰里禅心》创作年代2013年69X69cm",
    "dbz3_page": "http://artist.artron.net/yishujia0266091/2-70380.html",
    "dbz3_pic": "http://img10.artimg.net/newart/2014/1212/1418396019_512669.JPG.small.jpg"
}