{
    "name": "刘庆和",
    "artist_pic": "imgs/loading.gif",
    "artist_info1": "籍贯地区：",
    "artist_info2": "所属类别：国画",
    "artist_info3": "毕业院校：中央美术学院",
    "dbz1_title": "高手",
    "dbz1_page": "http://liuqinghe.artron.net/works_detail_brt000756200342",
    "dbz1_pic": "http://img5.artron.net/artist/A0007562/small_brt000756200342.jpg",
    "dbz2_title": "六拍",
    "dbz2_page": "http://liuqinghe.artron.net/works_detail_brt000756200343",
    "dbz2_pic": "http://img5.artron.net/artist/A0007562/small_brt000756200343.jpg",
    "dbz3_title": "有电",
    "dbz3_page": "http://liuqinghe.artron.net/works_detail_brt000756200344",
    "dbz3_pic": "http://img5.artron.net/artist/A0007562/small_brt000756200344.jpg"
}