{
    "name": "刘剑伟",
    "artist_pic": "imgs/loading.gif",
    "artist_info1": "籍贯地区：河南省",
    "artist_info2": "所属类别：油画",
    "artist_info3": "毕业院校：中州大学",
    "dbz1_title": "《沁园春·雪NO.10》",
    "dbz1_page": "http://liujianwei.artron.net/works_detail_brt026457400028",
    "dbz1_pic": "http://img3.artron.net/artist/A0264574/small_brt026457400028.jpg",
    "dbz2_title": "《河洛之春》NO.1",
    "dbz2_page": "http://liujianwei.artron.net/works_detail_brt026457400007",
    "dbz2_pic": "http://img1.artron.net/artist/A0264574/small_brt026457400007.jpg",
    "dbz3_title": "《河之南》NO.2",
    "dbz3_page": "http://liujianwei.artron.net/works_detail_brt026457400008",
    "dbz3_pic": "http://img2.artron.net/artist/A0264574/small_brt026457400008.jpg"
}