{
    "name": "刘根长",
    "artist_pic": "imgs/loading.gif",
    "artist_info1": "籍贯地区：",
    "artist_info2": "所属类别：油画",
    "artist_info3": "毕业院校：北京工业大学艺术设计...",
    "dbz1_title": "作品001",
    "dbz1_page": "http://liugenchang.artron.net/works_detail_brt026165900001",
    "dbz1_pic": "http://img1.artron.net/artist/A0261659/small_brt026165900001.jpg",
    "dbz2_title": "作品002",
    "dbz2_page": "http://liugenchang.artron.net/works_detail_brt026165900002",
    "dbz2_pic": "http://img1.artron.net/artist/A0261659/small_brt026165900002.jpg",
    "dbz3_title": "作品003",
    "dbz3_page": "http://liugenchang.artron.net/works_detail_brt026165900003",
    "dbz3_pic": "http://img1.artron.net/artist/A0261659/small_brt026165900003.jpg"
}