{
    "name": "刘向东",
    "artist_pic": "imgs/loading.gif",
    "artist_info1": "籍贯地区：湖南省",
    "artist_info2": "所属类别：油画",
    "artist_info3": "毕业院校：中央美术学院",
    "dbz1_title": "P1460251－1",
    "dbz1_page": "http://artist.artron.net/yishujia0264987/2-40255.html",
    "dbz1_pic": "http://img10.artimg.net/newart/2014/0903/1409732513_593319.jpg.small.jpg",
    "dbz2_title": "P1090786-1",
    "dbz2_page": "http://artist.artron.net/yishujia0264987/2-40252.html",
    "dbz2_pic": "http://img10.artimg.net/newart/2014/0903/1409732334_933067.jpg.small.jpg",
    "dbz3_title": "P1090783-1",
    "dbz3_page": "http://artist.artron.net/yishujia0264987/2-40251.html",
    "dbz3_pic": "http://img10.artimg.net/newart/2014/0903/1409732278_181263.jpg.small.jpg"
}