{
    "name": "Komarova Elena",
    "artist_pic": "imgs/loading.gif",
    "artist_info1": "籍贯地区：俄罗斯",
    "artist_info2": "所属类别：油画",
    "artist_info3": "毕业院校：楚瓦什国立师范大学",
    "dbz1_title": "《晨报》",
    "dbz1_page": "http://artist.artron.net/yishujia0264966/2-39595.html",
    "dbz1_pic": "http://img10.artimg.net/newart/2014/0902/1409629651_781224.JPG.small.jpg",
    "dbz2_title": "《耶路撒冷》",
    "dbz2_page": "http://artist.artron.net/yishujia0264966/2-39594.html",
    "dbz2_pic": "http://img10.artimg.net/newart/2014/0902/1409629590_402786.jpg.small.jpg",
    "dbz3_title": "《芭蕾舞演员》",
    "dbz3_page": "http://artist.artron.net/yishujia0264966/2-39593.html",
    "dbz3_pic": "http://img10.artimg.net/newart/2014/0902/1409629491_867828.jpg.small.jpg"
}