{
    "name": "刘春潮",
    "artist_pic": "imgs/loading.gif",
    "artist_info1": "籍贯地区：云南",
    "artist_info2": "所属类别：评论家,当代艺术,国画",
    "artist_info3": "毕业院校：其他学校",
    "dbz1_title": "围",
    "dbz1_page": "http://liuchunchao.artron.net/works_detail_brt026208300001",
    "dbz1_pic": "http://img1.artron.net/artist/A0262083/small_brt026208300001.jpg",
    "dbz2_title": "涅槃",
    "dbz2_page": "http://liuchunchao.artron.net/works_detail_brt026208300002",
    "dbz2_pic": "http://img1.artron.net/artist/A0262083/small_brt026208300002.jpg",
    "dbz3_title": "破",
    "dbz3_page": "http://liuchunchao.artron.net/works_detail_brt026208300003",
    "dbz3_pic": "http://img1.artron.net/artist/A0262083/small_brt026208300003.jpg"
}