{
    "name": "叶其嘉",
    "artist_pic": "imgs/loading.gif",
    "artist_info1": "籍贯地区：广东省",
    "artist_info2": "所属类别：国画",
    "artist_info3": "毕业院校：广州美术学院",
    "dbz1_title": "小径青深",
    "dbz1_page": "http://artist.artron.net/yishujia0265771/2-50086.html",
    "dbz1_pic": "http://img10.artimg.net/newart/2014/1010/1412911562_778515.jpg.small.jpg",
    "dbz2_title": "夏趣 ",
    "dbz2_page": "http://artist.artron.net/yishujia0265771/2-50084.html",
    "dbz2_pic": "http://img10.artimg.net/newart/2014/1010/1412911532_380187.jpg.small.jpg",
    "dbz3_title": "夏木森森",
    "dbz3_page": "http://artist.artron.net/yishujia0265771/2-50083.html",
    "dbz3_pic": "http://img10.artimg.net/newart/2014/1010/1412911519_579735.jpg.small.jpg"
}