{
    "name": "刘刚",
    "artist_pic": "imgs/loading.gif",
    "artist_info1": "籍贯地区：上海市",
    "artist_info2": "所属类别：油画",
    "artist_info3": "毕业院校：华东师范大学",
    "dbz1_title": "丫丫  尺寸：50cm直径 ",
    "dbz1_page": "http://artist.artron.net/yishujia0262843/2-57178.html",
    "dbz1_pic": "http://img10.artimg.net/newart/2014/1101/1414813507_230237.jpg.small.jpg",
    "dbz2_title": "枭 尺寸：60x50cm",
    "dbz2_page": "http://artist.artron.net/yishujia0262843/2-57173.html",
    "dbz2_pic": "http://img10.artimg.net/newart/2014/1101/1414813487_721946.jpg.small.jpg",
    "dbz3_title": "丫丫  尺寸：50cm直径 ",
    "dbz3_page": "http://artist.artron.net/yishujia0262843/2-57166.html",
    "dbz3_pic": "http://img10.artimg.net/newart/2014/1101/1414812539_705551.jpg.small.jpg"
}