{
    "name": "努尔买买提",
    "artist_pic": "imgs/loading.gif",
    "artist_info1": "籍贯地区：新疆",
    "artist_info2": "所属类别：油画",
    "artist_info3": "毕业院校：中央美术学院",
    "dbz1_title": "情系故土",
    "dbz1_page": "http://nuermaimaiti.artron.net/works_detail_brt026261900001",
    "dbz1_pic": "http://img5.artron.net/artist/A0262619/small_brt026261900001.jpg",
    "dbz2_title": "故乡净土",
    "dbz2_page": "http://nuermaimaiti.artron.net/works_detail_brt026261900002",
    "dbz2_pic": "http://img5.artron.net/artist/A0262619/small_brt026261900002.jpg",
    "dbz3_title": "故乡静土",
    "dbz3_page": "http://nuermaimaiti.artron.net/works_detail_brt026261900003",
    "dbz3_pic": "http://img5.artron.net/artist/A0262619/small_brt026261900003.jpg"
}