{
    "name": "刘念",
    "artist_pic": "imgs/loading.gif",
    "artist_info1": "籍贯地区：江西",
    "artist_info2": "所属类别：油画",
    "artist_info3": "毕业院校：其他学校",
    "dbz1_title": "《东风，西风》系列二",
    "dbz1_page": "http://liunian.artron.net/works_detail_brt026139300001",
    "dbz1_pic": "http://img3.artron.net/artist/A0261393/small_brt026139300001.jpg",
    "dbz2_title": "《东风，西风》系列五",
    "dbz2_page": "http://liunian.artron.net/works_detail_brt026139300002",
    "dbz2_pic": "http://img3.artron.net/artist/A0261393/small_brt026139300002.jpg",
    "dbz3_title": "《东风，西风》系列六",
    "dbz3_page": "http://liunian.artron.net/works_detail_brt026139300003",
    "dbz3_pic": "http://img3.artron.net/artist/A0261393/small_brt026139300003.jpg"
}