{
    "name": "刘雷",
    "artist_pic": "imgs/loading.gif",
    "artist_info1": "籍贯地区：山东",
    "artist_info2": "所属类别：油画",
    "artist_info3": "毕业院校：曲阜师范大学美术学院",
    "dbz1_title": "《荷塘系列之7》",
    "dbz1_page": "http://liulei.artron.net/works_detail_brt026152500101",
    "dbz1_pic": "http://img2.artron.net/artist/A0261525/small_brt026152500101.jpg",
    "dbz2_title": "济南老站",
    "dbz2_page": "http://liulei.artron.net/works_detail_brt026152500001",
    "dbz2_pic": "http://img3.artron.net/artist/A0261525/small_brt026152500001.jpg",
    "dbz3_title": "民国老街",
    "dbz3_page": "http://liulei.artron.net/works_detail_brt026152500002",
    "dbz3_pic": "http://img3.artron.net/artist/A0261525/small_brt026152500002.jpg"
}