{
    "name": "刘菁华",
    "artist_pic": "imgs/loading.gif",
    "artist_info1": "籍贯地区：广  西",
    "artist_info2": "所属类别：油画",
    "artist_info3": "毕业院校：中央美术学院",
    "dbz1_title": "刘菁华-布面综合材料-50x40cm-连理树-2010年",
    "dbz1_page": "http://artist.artron.net/yishujia0264406/2-30273.html",
    "dbz1_pic": "http://img10.artimg.net/newart/2014/0807/1407385327_198441.jpg.small.jpg",
    "dbz2_title": "刘菁华-布面油画-50x40cm-在云端-2012年",
    "dbz2_page": "http://artist.artron.net/yishujia0264406/2-30272.html",
    "dbz2_pic": "http://img10.artimg.net/newart/2014/0807/1407385326_468752.jpg.small.jpg",
    "dbz3_title": "刘菁华-布面油画-50x40cm-崖-2012年",
    "dbz3_page": "http://artist.artron.net/yishujia0264406/2-30271.html",
    "dbz3_pic": "http://img10.artimg.net/newart/2014/0807/1407385324_682870.jpg.small.jpg"
}