{
    "name": "刘一骏",
    "artist_pic": "imgs/loading.gif",
    "artist_info1": "籍贯地区：",
    "artist_info2": "所属类别：书法,国画,其它",
    "artist_info3": "毕业院校：清华大学美术学院",
    "dbz1_title": "山水作品001",
    "dbz1_page": "http://liuyijun.artron.net/works_detail_brt026247100001",
    "dbz1_pic": "http://img3.artron.net/artist/A0262471/small_brt026247100001.jpg",
    "dbz2_title": "山水作品002",
    "dbz2_page": "http://liuyijun.artron.net/works_detail_brt026247100002",
    "dbz2_pic": "http://img3.artron.net/artist/A0262471/small_brt026247100002.jpg",
    "dbz3_title": "山水作品003",
    "dbz3_page": "http://liuyijun.artron.net/works_detail_brt026247100003",
    "dbz3_pic": "http://img3.artron.net/artist/A0262471/small_brt026247100003.jpg"
}