{
    "name": "余风谷",
    "artist_pic": "imgs/loading.gif",
    "artist_info1": "籍贯地区：",
    "artist_info2": "所属类别：国画",
    "artist_info3": "毕业院校：中国美术学院",
    "dbz1_title": "曾经西湖系列（一）　",
    "dbz1_page": "http://yufenggu.artron.net/works_detail_brt026321600001",
    "dbz1_pic": "http://img2.artron.net/artist/A0263216/small_brt026321600001.jpg",
    "dbz2_title": "曾经西湖系列（二）　",
    "dbz2_page": "http://yufenggu.artron.net/works_detail_brt026321600002",
    "dbz2_pic": "http://img2.artron.net/artist/A0263216/small_brt026321600002.jpg",
    "dbz3_title": "佛心",
    "dbz3_page": "http://yufenggu.artron.net/works_detail_brt026321600003",
    "dbz3_pic": "http://img2.artron.net/artist/A0263216/small_brt026321600003.jpg"
}