{
    "name": "刘亚夫",
    "artist_pic": "imgs/loading.gif",
    "artist_info1": "籍贯地区：",
    "artist_info2": "所属类别：摄影",
    "artist_info3": "毕业院校：其它学校",
    "dbz1_title": "甘南游记系列001",
    "dbz1_page": "http://liuyafu.artron.net/main.php?pFlag=exhibi_2&aid=A0266643&cate=21593&wrkid=brt026664300001#showPicTop",
    "dbz1_pic": "http://img3.artron.net/artist/A0266643/small_brt026664300001.jpg",
    "dbz2_title": "甘南游记系列002",
    "dbz2_page": "http://liuyafu.artron.net/main.php?pFlag=exhibi_2&aid=A0266643&cate=21593&wrkid=brt026664300002#showPicTop",
    "dbz2_pic": "http://img3.artron.net/artist/A0266643/small_brt026664300002.jpg",
    "dbz3_title": "甘南游记系列003",
    "dbz3_page": "http://liuyafu.artron.net/main.php?pFlag=exhibi_2&aid=A0266643&cate=21593&wrkid=brt026664300003#showPicTop",
    "dbz3_pic": "http://img3.artron.net/artist/A0266643/small_brt026664300003.jpg"
}