{
    "name": "刘永健",
    "artist_pic": "imgs/loading.gif",
    "artist_info1": "籍贯地区：",
    "artist_info2": "所属类别：水粉水彩",
    "artist_info3": "毕业院校：怀化师专美术系、湖南...",
    "dbz1_title": "尘土人生",
    "dbz1_page": "http://liuyongjian.artron.net/works_detail_brt026194500001",
    "dbz1_pic": "http://img5.artron.net/artist/A0261945/small_brt026194500001.jpg",
    "dbz2_title": "尘土人生局部一",
    "dbz2_page": "http://liuyongjian.artron.net/works_detail_brt026194500002",
    "dbz2_pic": "http://img5.artron.net/artist/A0261945/small_brt026194500002.jpg",
    "dbz3_title": "尘土人生局部二",
    "dbz3_page": "http://liuyongjian.artron.net/works_detail_brt026194500003",
    "dbz3_pic": "http://img5.artron.net/artist/A0261945/small_brt026194500003.jpg"
}