{
    "name": "丁孟芳",
    "artist_pic": "imgs/loading.gif",
    "artist_info1": "籍贯地区：海南",
    "artist_info2": "所属类别：油画",
    "artist_info3": "毕业院校：其他学校",
    "dbz1_title": "生息",
    "dbz1_page": "http://dingmengfang.artron.net/works_detail_brt000087400001",
    "dbz1_pic": "http://img2.artron.net/artist/A0000874/small_brt000087400001.jpg",
    "dbz2_title": "生   息",
    "dbz2_page": "http://dingmengfang.artron.net/works_detail_brt000087400154",
    "dbz2_pic": "http://img4.artron.net/artist/A0000874/small_brt000087400154.jpg",
    "dbz3_title": "渔祭·海汉铿锵",
    "dbz3_page": "http://dingmengfang.artron.net/works_detail_brt000087400002",
    "dbz3_pic": "http://img2.artron.net/artist/A0000874/small_brt000087400002.jpg"
}