{
    "name": "刘铁泉",
    "artist_pic": "imgs/loading.gif",
    "artist_info1": "籍贯地区：辽宁省",
    "artist_info2": "所属类别：国画",
    "artist_info3": "毕业院校：其他学校",
    "dbz1_title": "松雪凌霜扬虎威",
    "dbz1_page": "http://liutiequan.artron.net/works_detail_brt000369000001",
    "dbz1_pic": "http://img4.artron.net/artist/A0003690/small_brt000369000001.jpg",
    "dbz2_title": "家园",
    "dbz2_page": "http://liutiequan.artron.net/works_detail_brt000369000002",
    "dbz2_pic": "http://img4.artron.net/artist/A0003690/small_brt000369000002.jpg",
    "dbz3_title": "离离原上草",
    "dbz3_page": "http://liutiequan.artron.net/works_detail_brt000369000003",
    "dbz3_pic": "http://img4.artron.net/artist/A0003690/small_brt000369000003.jpg"
}