{
    "name": "刘朴",
    "artist_pic": "imgs/loading.gif",
    "artist_info1": "籍贯地区：四川",
    "artist_info2": "所属类别：国画",
    "artist_info3": "毕业院校：其他学校",
    "dbz1_title": "夏宫花园罗马柱",
    "dbz1_page": "http://liupu.artron.net/works_detail_brt000363600001",
    "dbz1_pic": "http://img3.artron.net/artist/A0003636/small_brt000363600001.jpg",
    "dbz2_title": "下山的队伍",
    "dbz2_page": "http://liupu.artron.net/works_detail_brt000363600002",
    "dbz2_pic": "http://img3.artron.net/artist/A0003636/small_brt000363600002.jpg",
    "dbz3_title": "夏日阿尔卑斯山下",
    "dbz3_page": "http://liupu.artron.net/works_detail_brt000363600003",
    "dbz3_pic": "http://img3.artron.net/artist/A0003636/small_brt000363600003.jpg"
}