{
    "name": "卓图",
    "artist_pic": "imgs/loading.gif",
    "artist_info1": "籍贯地区：陕西西安",
    "artist_info2": "所属类别：油画",
    "artist_info3": "毕业院校：西安美术学院",
    "dbz1_title": "记忆的长线",
    "dbz1_page": "http://zhuotu.artron.net/works_detail_brt026649800001",
    "dbz1_pic": "http://img1.artron.net/artist/A0266498/small_brt026649800001.jpg",
    "dbz2_title": "晒佛",
    "dbz2_page": "http://zhuotu.artron.net/works_detail_brt026649800002",
    "dbz2_pic": "http://img1.artron.net/artist/A0266498/small_brt026649800002.jpg",
    "dbz3_title": "生生不息",
    "dbz3_page": "http://zhuotu.artron.net/works_detail_brt026649800003",
    "dbz3_pic": "http://img1.artron.net/artist/A0266498/small_brt026649800003.jpg"
}