{
    "name": "刘荣生",
    "artist_pic": "imgs/loading.gif",
    "artist_info1": "籍贯地区：",
    "artist_info2": "所属类别：国画",
    "artist_info3": "毕业院校：北京大学",
    "dbz1_title": "晨猎",
    "dbz1_page": "http://liurongsheng.artron.net/works_detail_brt026223500001",
    "dbz1_pic": "http://img5.artron.net/artist/A0262235/small_brt026223500001.jpg",
    "dbz2_title": "他乡遇故知",
    "dbz2_page": "http://liurongsheng.artron.net/works_detail_brt026223500002",
    "dbz2_pic": "http://img5.artron.net/artist/A0262235/small_brt026223500002.jpg",
    "dbz3_title": "秋韵",
    "dbz3_page": "http://liurongsheng.artron.net/works_detail_brt026223500003",
    "dbz3_pic": "http://img5.artron.net/artist/A0262235/small_brt026223500003.jpg"
}