{
    "name": "刘荐恭",
    "artist_pic": "imgs/loading.gif",
    "artist_info1": "籍贯地区：广东省",
    "artist_info2": "所属类别：国画",
    "artist_info3": "毕业院校：广州美术学院",
    "dbz1_title": "书法作品（2）",
    "dbz1_page": "http://artist.artron.net/yishujia0266515/2-116198.html",
    "dbz1_pic": "http://img10.artimg.net/newart/2015/0610/1433905947_780617.jpg.small.jpg",
    "dbz2_title": "书法作品（1）",
    "dbz2_page": "http://artist.artron.net/yishujia0266515/2-116197.html",
    "dbz2_pic": "http://img10.artimg.net/newart/2015/0610/1433905946_860643.jpg.small.jpg",
    "dbz3_title": "紫玉相思话语时（1）",
    "dbz3_page": "http://artist.artron.net/yishujia0266515/2-116196.html",
    "dbz3_pic": "http://img10.artimg.net/newart/2015/0610/1433905415_765401.jpg.small.jpg"
}