{
    "name": "伊瑞",
    "artist_pic": "imgs/loading.gif",
    "artist_info1": "籍贯地区：",
    "artist_info2": "所属类别：国画,当代艺术",
    "artist_info3": "毕业院校：其他学校",
    "dbz1_title": "无题",
    "dbz1_page": "http://yirui.artron.net/works_detail_brt026141900001",
    "dbz1_pic": "http://img3.artron.net/artist/A0261419/small_brt026141900001.jpg",
    "dbz2_title": "笼",
    "dbz2_page": "http://yirui.artron.net/works_detail_brt026141900002",
    "dbz2_pic": "http://img3.artron.net/artist/A0261419/small_brt026141900002.jpg",
    "dbz3_title": "无题",
    "dbz3_page": "http://yirui.artron.net/works_detail_brt026141900003",
    "dbz3_pic": "http://img3.artron.net/artist/A0261419/small_brt026141900003.jpg"
}