{
    "name": "关柏春",
    "artist_pic": "imgs/loading.gif",
    "artist_info1": "籍贯地区：黑龙江省",
    "artist_info2": "所属类别：国画,书法,工艺美术家",
    "artist_info3": "毕业院校：其它学校",
    "dbz1_title": "《卜居》屈原",
    "dbz1_page": "http://guanbaichun.artron.net/works_detail_brt026646600107",
    "dbz1_pic": "http://img3.artron.net/artist/A0266466/small_brt026646600107.jpg",
    "dbz2_title": "《赤壁赋》苏轼",
    "dbz2_page": "http://guanbaichun.artron.net/works_detail_brt026646600108",
    "dbz2_pic": "http://img3.artron.net/artist/A0266466/small_brt026646600108.jpg",
    "dbz3_title": "《春怨伊州歌》金昌绪",
    "dbz3_page": "http://guanbaichun.artron.net/works_detail_brt026646600109",
    "dbz3_pic": "http://img3.artron.net/artist/A0266466/small_brt026646600109.jpg"
}