{
    "name": "刘远长",
    "artist_pic": "imgs/loading.gif",
    "artist_info1": "籍贯地区：江西",
    "artist_info2": "所属类别：当代艺术",
    "artist_info3": "毕业院校：其他学校",
    "dbz1_title": "八大山人",
    "dbz1_page": "http://liuyuanchang.artron.net/works_detail_brt025978200008",
    "dbz1_pic": "http://img3.artron.net/artist/A0259782/small_brt025978200008.jpg",
    "dbz2_title": "豹",
    "dbz2_page": "http://liuyuanchang.artron.net/works_detail_brt025978200009",
    "dbz2_pic": "http://img3.artron.net/artist/A0259782/small_brt025978200009.jpg",
    "dbz3_title": "楚魂",
    "dbz3_page": "http://liuyuanchang.artron.net/works_detail_brt025978200010",
    "dbz3_pic": "http://img3.artron.net/artist/A0259782/small_brt025978200010.jpg"
}