{
    "name": "冯天与",
    "artist_pic": "imgs/loading.gif",
    "artist_info1": "籍贯地区：四川省",
    "artist_info2": "所属类别：国画",
    "artist_info3": "毕业院校：四川大学",
    "dbz1_title": "碧水绕山川",
    "dbz1_page": "http://artist.artron.net/yishujia0265816/2-117158.html",
    "dbz1_pic": "http://img10.artimg.net/newart/2015/0612/1434079815_618749.jpg.small.jpg",
    "dbz2_title": "山居图",
    "dbz2_page": "http://artist.artron.net/yishujia0265816/2-115225.html",
    "dbz2_pic": "http://img10.artimg.net/newart/2015/0607/1433646464_367989.jpg.small.jpg",
    "dbz3_title": "白云深处",
    "dbz3_page": "http://artist.artron.net/yishujia0265816/2-115222.html",
    "dbz3_pic": "http://img10.artimg.net/newart/2015/0607/1433646458_440793.jpg.small.jpg"
}