{
    "name": "卢禹舜",
    "artist_pic": "imgs/loading.gif",
    "artist_info1": "籍贯地区：",
    "artist_info2": "所属类别：国画",
    "artist_info3": "毕业院校：其他学校",
    "dbz1_title": "唐人诗意",
    "dbz1_page": "http://luyushun.artron.net/works_detail_BRT000000004335",
    "dbz1_pic": "http://img1.artron.net/artist/A0000172/small_brt0004170001.jpg",
    "dbz2_title": "静观八茺",
    "dbz2_page": "http://luyushun.artron.net/works_detail_BRT000000004336",
    "dbz2_pic": "http://img1.artron.net/artist/A0000172/small_brt0004170002.jpg",
    "dbz3_title": "山水",
    "dbz3_page": "http://luyushun.artron.net/works_detail_BRT000000004337",
    "dbz3_pic": "http://img1.artron.net/artist/A0000172/small_brt0004170003.jpg"
}