{
    "name": "丁观加",
    "artist_pic": "imgs/loading.gif",
    "artist_info1": "籍贯地区：山东",
    "artist_info2": "所属类别：国画",
    "artist_info3": "毕业院校：南京师范学院美术系",
    "dbz1_title": "秋色",
    "dbz1_page": "http://dingguanjia.artron.net/works_detail_brt013698500001",
    "dbz1_pic": "http://img2.artron.net/artist/A0136985/small_brt013698500001.jpg",
    "dbz2_title": "江滩初冬",
    "dbz2_page": "http://dingguanjia.artron.net/works_detail_brt013698500002",
    "dbz2_pic": "http://img2.artron.net/artist/A0136985/small_brt013698500002.jpg",
    "dbz3_title": "风来江滩静",
    "dbz3_page": "http://dingguanjia.artron.net/works_detail_brt013698500003",
    "dbz3_pic": "http://img2.artron.net/artist/A0136985/small_brt013698500003.jpg"
}