{
    "name": "刘铭",
    "artist_pic": "imgs/loading.gif",
    "artist_info1": "籍贯地区：",
    "artist_info2": "所属类别：国画",
    "artist_info3": "毕业院校：西安美术学院",
    "dbz1_title": "时见岸花汀草涨痕添",
    "dbz1_page": "http://liumingart.artron.net/works_detail_brt026267400001",
    "dbz1_pic": "http://img4.artron.net/artist/A0262674/small_brt026267400001.jpg",
    "dbz2_title": "春风十里柔情",
    "dbz2_page": "http://liumingart.artron.net/works_detail_brt026267400002",
    "dbz2_pic": "http://img4.artron.net/artist/A0262674/small_brt026267400002.jpg",
    "dbz3_title": "逍遥云水间",
    "dbz3_page": "http://liumingart.artron.net/works_detail_brt026267400003",
    "dbz3_pic": "http://img4.artron.net/artist/A0262674/small_brt026267400003.jpg"
}