{
    "name": "刘菊清",
    "artist_pic": "imgs/loading.gif",
    "artist_info1": "籍贯地区：",
    "artist_info2": "所属类别：其它",
    "artist_info3": "毕业院校：中国美院",
    "dbz1_title": "中华盛世春满乾坤",
    "dbz1_page": "http://liujuqing.artron.net/works_detail_brt000358700024",
    "dbz1_pic": "http://img3.artron.net/artist/A0003587/small_brt000358700024.jpg",
    "dbz2_title": "文采菁华",
    "dbz2_page": "http://liujuqing.artron.net/works_detail_brt000358700282",
    "dbz2_pic": "http://img2.artron.net/artist/A0003587/small_brt000358700282.jpg",
    "dbz3_title": "春意闹",
    "dbz3_page": "http://liujuqing.artron.net/works_detail_brt000358700283",
    "dbz3_pic": "http://img2.artron.net/artist/A0003587/small_brt000358700283.jpg"
}