{
    "name": "侯晓明",
    "artist_pic": "imgs/loading.gif",
    "artist_info1": "籍贯地区：山东省",
    "artist_info2": "所属类别：水粉水彩",
    "artist_info3": "毕业院校：山东曲阜师范大学",
    "dbz1_title": "《夏日河滩》",
    "dbz1_page": "http://artist.artron.net/yishujia0266263/2-93378.html",
    "dbz1_pic": "http://img10.artimg.net/newart/2015/0314/1426323780_189991.jpg.small.jpg",
    "dbz2_title": "《雾》",
    "dbz2_page": "http://artist.artron.net/yishujia0266263/2-93377.html",
    "dbz2_pic": "http://img10.artimg.net/newart/2015/0314/1426323762_703934.jpg.small.jpg",
    "dbz3_title": "《晚冬》",
    "dbz3_page": "http://artist.artron.net/yishujia0266263/2-93376.html",
    "dbz3_pic": "http://img10.artimg.net/newart/2015/0314/1426323747_348616.jpg.small.jpg"
}