{
    "name": "史民峰",
    "artist_pic": "imgs/loading.gif",
    "artist_info1": "籍贯地区：",
    "artist_info2": "所属类别：摄影",
    "artist_info3": "毕业院校：其他学校",
    "dbz1_title": "摄影作品",
    "dbz1_page": "http://shiminfeng.artron.net/exhibi_p_2.php?wrkid=brt026080500001&aid=A0260805&workSortPass=62",
    "dbz1_pic": "http://img5.artron.net/artist/A0260805/small_brt026080500001.jpg",
    "dbz2_title": "消融的佛像-龙门石窟",
    "dbz2_page": "http://shiminfeng.artron.net/exhibi_p_2.php?wrkid=brt026080500002&aid=A0260805&workSortPass=62",
    "dbz2_pic": "http://img5.artron.net/artist/A0260805/small_brt026080500002.jpg",
    "dbz3_title": "龙门石窟",
    "dbz3_page": "http://shiminfeng.artron.net/exhibi_p_2.php?wrkid=brt026080500004&aid=A0260805&workSortPass=62",
    "dbz3_pic": "http://img5.artron.net/artist/A0260805/small_brt026080500004.jpg"
}