{
    "name": "丁筱芳",
    "artist_pic": "imgs/loading.gif",
    "artist_info1": "籍贯地区：浙江绍兴",
    "artist_info2": "所属类别：国画",
    "artist_info3": "毕业院校：上海大学美术学院",
    "dbz1_title": "作品001",
    "dbz1_page": "http://dingxiaofang.artron.net/works_detail_brt021336800175",
    "dbz1_pic": "http://img2.artron.net/artist/A0213368/small_brt021336800175.jpg",
    "dbz2_title": "作品002",
    "dbz2_page": "http://dingxiaofang.artron.net/works_detail_brt021336800176",
    "dbz2_pic": "http://img2.artron.net/artist/A0213368/small_brt021336800176.jpg",
    "dbz3_title": "作品003",
    "dbz3_page": "http://dingxiaofang.artron.net/works_detail_brt021336800177",
    "dbz3_pic": "http://img2.artron.net/artist/A0213368/small_brt021336800177.jpg"
}