{
    "name": "刘咏",
    "artist_pic": "imgs/loading.gif",
    "artist_info1": "籍贯地区：",
    "artist_info2": "所属类别：书法",
    "artist_info3": "毕业院校：其它学校",
    "dbz1_title": "山水写生001",
    "dbz1_page": "http://liuyongart.artron.net/works_detail_brt026292900001",
    "dbz1_pic": "http://img4.artron.net/artist/A0262929/small_brt026292900001.jpg",
    "dbz2_title": "山水写生002",
    "dbz2_page": "http://liuyongart.artron.net/works_detail_brt026292900002",
    "dbz2_pic": "http://img4.artron.net/artist/A0262929/small_brt026292900002.jpg",
    "dbz3_title": "山水写生003",
    "dbz3_page": "http://liuyongart.artron.net/works_detail_brt026292900003",
    "dbz3_pic": "http://img4.artron.net/artist/A0262929/small_brt026292900003.jpg"
}