{
    "name": "关玉良",
    "artist_pic": "imgs/loading.gif",
    "artist_info1": "籍贯地区：黑龙江望奎",
    "artist_info2": "所属类别：当代艺术",
    "artist_info3": "毕业院校：哈尔滨师范大学",
    "dbz1_title": "奔",
    "dbz1_page": "http://guanyuliang.artron.net/works_detail_brt013593300001",
    "dbz1_pic": "http://img2.artron.net/artist/A0135933/small_brt013593300001.jpg",
    "dbz2_title": "跃",
    "dbz2_page": "http://guanyuliang.artron.net/works_detail_brt013593300002",
    "dbz2_pic": "http://img2.artron.net/artist/A0135933/small_brt013593300002.jpg",
    "dbz3_title": "紫气东来",
    "dbz3_page": "http://guanyuliang.artron.net/works_detail_brt013593300003",
    "dbz3_pic": "http://img2.artron.net/artist/A0135933/small_brt013593300003.jpg"
}