{
    "name": "卢征远",
    "artist_pic": "imgs/loading.gif",
    "artist_info1": "籍贯地区：辽宁",
    "artist_info2": "所属类别：油画,雕塑,设计,摄影,...",
    "artist_info3": "毕业院校：中央美术学院",
    "dbz1_title": "房间里的月亮",
    "dbz1_page": "http://luzhengyuan.artron.net/works_detail_brt026084100001",
    "dbz1_pic": "http://img1.artron.net/artist/A0260841/small_brt026084100001.jpg",
    "dbz2_title": "上海双年展方案",
    "dbz2_page": "http://luzhengyuan.artron.net/works_detail_brt026084100005",
    "dbz2_pic": "http://img1.artron.net/artist/A0260841/small_brt026084100005.jpg",
    "dbz3_title": "导体",
    "dbz3_page": "http://luzhengyuan.artron.net/works_detail_brt026084100002",
    "dbz3_pic": "http://img1.artron.net/artist/A0260841/small_brt026084100002.jpg"
}