{
    "name": "何惠娟",
    "artist_pic": "imgs/loading.gif",
    "artist_info1": "籍贯地区：广东省",
    "artist_info2": "所属类别：当代陶艺",
    "artist_info3": "毕业院校：广州美术学院",
    "dbz1_title": "喜气洋洋",
    "dbz1_page": "http://artist.artron.net/yishujia0266067/2-69162.html",
    "dbz1_pic": "http://img10.artimg.net/newart/2014/1209/1418103531_158585.JPG.small.jpg",
    "dbz2_title": "龙腾盛世庆升平",
    "dbz2_page": "http://artist.artron.net/yishujia0266067/2-69080.html",
    "dbz2_pic": "http://img10.artimg.net/newart/2014/1209/1418095566_602515.jpg.small.jpg",
    "dbz3_title": "冬雪恋歌（釉色）",
    "dbz3_page": "http://artist.artron.net/yishujia0266067/2-69078.html",
    "dbz3_pic": "http://img10.artimg.net/newart/2014/1209/1418095198_433239.JPG.small.jpg"
}