{
    "name": "冯豪",
    "artist_pic": "imgs/loading.gif",
    "artist_info1": "籍贯地区：江苏",
    "artist_info2": "所属类别：国画",
    "artist_info3": "毕业院校：其它学校",
    "dbz1_title": "运筹帷幄",
    "dbz1_page": "http://artist.artron.net/yishujia0264371/2-63445.html",
    "dbz1_pic": "http://img10.artimg.net/newart/2014/1119/1416390207_607087.jpg.small.jpg",
    "dbz2_title": "琴音袅娜",
    "dbz2_page": "http://artist.artron.net/yishujia0264371/2-63444.html",
    "dbz2_pic": "http://img10.artimg.net/newart/2014/1119/1416390203_193966.jpg.small.jpg",
    "dbz3_title": "跃上葱茏 ",
    "dbz3_page": "http://artist.artron.net/yishujia0264371/2-61096.html",
    "dbz3_pic": "http://img10.artimg.net/newart/2014/1111/1415694661_866083.jpg.small.jpg"
}