{
    "name": "傅文俊",
    "artist_pic": "imgs/loading.gif",
    "artist_info1": "籍贯地区：重庆市",
    "artist_info2": "所属类别：摄影",
    "artist_info3": "毕业院校：四川美术学院",
    "dbz1_title": "《知白守黑》 观念摄影  140x175cm  2014-2015",
    "dbz1_page": "http://artist.artron.net/yishujia0266442/2-123796.html",
    "dbz1_pic": "http://img10.artimg.net/newart/2015/0706/1436195877_308361.jpg.small.jpg",
    "dbz2_title": "《灰色的彩虹》 观念摄影  60x90cm  2014-2015",
    "dbz2_page": "http://artist.artron.net/yishujia0266442/2-123795.html",
    "dbz2_pic": "http://img10.artimg.net/newart/2015/0706/1436195870_655871.jpg.small.jpg",
    "dbz3_title": "《逐梦》观念摄影  140x175cm  2014-2015",
    "dbz3_page": "http://artist.artron.net/yishujia0266442/2-123794.html",
    "dbz3_pic": "http://img10.artimg.net/newart/2015/0706/1436195598_444985.jpg.small.jpg"
}