{
    "name": "单国栋",
    "artist_pic": "imgs/loading.gif",
    "artist_info1": "籍贯地区：",
    "artist_info2": "所属类别：油画",
    "artist_info3": "毕业院校：其他学校",
    "dbz1_title": "不出户知天下",
    "dbz1_page": "http://shanguodong.artron.net/works_detail_brt000602300152",
    "dbz1_pic": "http://img4.artron.net/artist/A0006023/small_brt000602300152.jpg",
    "dbz2_title": "晨曲",
    "dbz2_page": "http://shanguodong.artron.net/works_detail_brt000602300153",
    "dbz2_pic": "http://img4.artron.net/artist/A0006023/small_brt000602300153.jpg",
    "dbz3_title": "迷失的世界",
    "dbz3_page": "http://shanguodong.artron.net/works_detail_brt000602300154",
    "dbz3_pic": "http://img4.artron.net/artist/A0006023/small_brt000602300154.jpg"
}