{
    "name": "史一墨",
    "artist_pic": "imgs/loading.gif",
    "artist_info1": "籍贯地区：湖南",
    "artist_info2": "所属类别：国画",
    "artist_info3": "毕业院校：其他学校",
    "dbz1_title": "芭沙印象",
    "dbz1_page": "http://shiyimo.artron.net/works_detail_brt026197600492",
    "dbz1_pic": "http://img1.artron.net/artist/A0261976/small_brt026197600492.jpg",
    "dbz2_title": "佛说法",
    "dbz2_page": "http://shiyimo.artron.net/works_detail_brt026197600493",
    "dbz2_pic": "http://img1.artron.net/artist/A0261976/small_brt026197600493.jpg",
    "dbz3_title": "童年记事",
    "dbz3_page": "http://shiyimo.artron.net/works_detail_brt026197600494",
    "dbz3_pic": "http://img1.artron.net/artist/A0261976/small_brt026197600494.jpg"
}