{
    "name": "任清",
    "artist_pic": "imgs/loading.gif",
    "artist_info1": "籍贯地区：",
    "artist_info2": "所属类别：国画,书法",
    "artist_info3": "毕业院校：央美术学院",
    "dbz1_title": "青城山写生001",
    "dbz1_page": "http://renqing.artron.net/works_detail_brt026246000001",
    "dbz1_pic": "http://img1.artron.net/artist/A0262460/small_brt026246000001.jpg",
    "dbz2_title": "青城山写生002",
    "dbz2_page": "http://renqing.artron.net/works_detail_brt026246000002",
    "dbz2_pic": "http://img1.artron.net/artist/A0262460/small_brt026246000002.jpg",
    "dbz3_title": "青城山写生003",
    "dbz3_page": "http://renqing.artron.net/works_detail_brt026246000003",
    "dbz3_pic": "http://img1.artron.net/artist/A0262460/small_brt026246000003.jpg"
}