{
    "name": "侯传友",
    "artist_pic": "imgs/loading.gif",
    "artist_info1": "籍贯地区：",
    "artist_info2": "所属类别：油画",
    "artist_info3": "毕业院校：其它学校",
    "dbz1_title": "星空",
    "dbz1_page": "http://artist.artron.net/yishujia0262968/2-104135.html",
    "dbz1_pic": "http://img10.artimg.net/newart/2015/0429/1430280667_900892.JPG.small.jpg",
    "dbz2_title": "女人体",
    "dbz2_page": "http://artist.artron.net/yishujia0262968/2-104134.html",
    "dbz2_pic": "http://img10.artimg.net/newart/2015/0429/1430280663_122065.JPG.small.jpg",
    "dbz3_title": "燃烧",
    "dbz3_page": "http://artist.artron.net/yishujia0262968/2-104133.html",
    "dbz3_pic": "http://img10.artimg.net/newart/2015/0429/1430280662_101517.JPG.small.jpg"
}