{
    "name": "万锐",
    "artist_pic": "imgs/loading.gif",
    "artist_info1": "籍贯地区：湖南省",
    "artist_info2": "所属类别：其它",
    "artist_info3": "毕业院校：伦敦艺术大学纯艺术",
    "dbz1_title": "another me",
    "dbz1_page": "http://wanrui.artron.net/works_detail_brt026068100088",
    "dbz1_pic": "http://img1.artron.net/artist/A0260681/small_brt026068100088.jpg",
    "dbz2_title": "Cubic city2",
    "dbz2_page": "http://wanrui.artron.net/works_detail_brt026068100089",
    "dbz2_pic": "http://img1.artron.net/artist/A0260681/small_brt026068100089.jpg",
    "dbz3_title": "cubic city2",
    "dbz3_page": "http://wanrui.artron.net/works_detail_brt026068100090",
    "dbz3_pic": "http://img1.artron.net/artist/A0260681/small_brt026068100090.jpg"
}