{
    "name": "万岭（京）",
    "artist_pic": "imgs/loading.gif",
    "artist_info1": "籍贯地区：",
    "artist_info2": "所属类别：油画",
    "artist_info3": "毕业院校：中央美术学院",
    "dbz1_title": "复兴系列＊伟大转折之三中全会",
    "dbz1_page": "http://wanling.artron.net/works_detail_brt025899400003",
    "dbz1_pic": "http://img1.artron.net/artist/A0258994/small_brt025899400003.jpg",
    "dbz2_title": "复兴系列＊伟大转折之百年奥运",
    "dbz2_page": "http://wanling.artron.net/works_detail_brt025899400064",
    "dbz2_pic": "http://img1.artron.net/artist/A0258994/small_brt025899400064.jpg",
    "dbz3_title": "复兴系列＊伟大转折之恢复高考",
    "dbz3_page": "http://wanling.artron.net/works_detail_brt025899400065",
    "dbz3_pic": "http://img1.artron.net/artist/A0258994/small_brt025899400065.jpg"
}