{
    "name": "余继光",
    "artist_pic": "imgs/loading.gif",
    "artist_info1": "籍贯地区：",
    "artist_info2": "所属类别：油画,水粉水彩,摄影",
    "artist_info3": "毕业院校：其他学校",
    "dbz1_title": "东江春息",
    "dbz1_page": "http://yujiguang.artron.net/works_detail_brt026064500004",
    "dbz1_pic": "http://img2.artron.net/artist/A0260645/small_brt026064500004.jpg",
    "dbz2_title": "石室",
    "dbz2_page": "http://yujiguang.artron.net/works_detail_brt026064500005",
    "dbz2_pic": "http://img2.artron.net/artist/A0260645/small_brt026064500005.jpg",
    "dbz3_title": "小景",
    "dbz3_page": "http://yujiguang.artron.net/works_detail_brt026064500006",
    "dbz3_pic": "http://img2.artron.net/artist/A0260645/small_brt026064500006.jpg"
}