{
    "name": "叶浓",
    "artist_pic": "imgs/loading.gif",
    "artist_info1": "籍贯地区：北京",
    "artist_info2": "所属类别：国画",
    "artist_info3": "毕业院校：中国国家画院",
    "dbz1_title": "画中游",
    "dbz1_page": "http://artist.artron.net/yishujia0264143/2-93774.html",
    "dbz1_pic": "http://img10.artimg.net/newart/2015/0316/1426487180_376217.jpg.small.jpg",
    "dbz2_title": "游春图",
    "dbz2_page": "http://artist.artron.net/yishujia0264143/2-93773.html",
    "dbz2_pic": "http://img10.artimg.net/newart/2015/0316/1426487136_124824.jpg.small.jpg",
    "dbz3_title": "清逸",
    "dbz3_page": "http://artist.artron.net/yishujia0264143/2-93772.html",
    "dbz3_pic": "http://img10.artimg.net/newart/2015/0316/1426487130_251985.jpg.small.jpg"
}