{
    "name": "司马飞",
    "artist_pic": "imgs/loading.gif",
    "artist_info1": "籍贯地区：湖北",
    "artist_info2": "所属类别：书法",
    "artist_info3": "毕业院校：其他学校",
    "dbz1_title": "作品118",
    "dbz1_page": "http://simafei.artron.net/works_detail_brt000026200131",
    "dbz1_pic": "http://img4.artron.net/artist/A0000262/small_brt000026200131.jpg",
    "dbz2_title": "神州-墨象",
    "dbz2_page": "http://simafei.artron.net/works_detail_brt000026200129",
    "dbz2_pic": "http://img4.artron.net/artist/A0000262/small_brt000026200129.jpg",
    "dbz3_title": "作品101",
    "dbz3_page": "http://simafei.artron.net/works_detail_brt000026200113",
    "dbz3_pic": "http://img1.artron.net/artist/A0000262/small_brt000026200113.jpg"
}