{
    "name": "侯弟坤",
    "artist_pic": "imgs/loading.gif",
    "artist_info1": "籍贯地区：山东",
    "artist_info2": "所属类别：国画",
    "artist_info3": "毕业院校：中国美术学院",
    "dbz1_title": "百花峪写生1",
    "dbz1_page": "http://houdikun.artron.net/works_detail_brt026049400001",
    "dbz1_pic": "http://img4.artron.net/artist/A0260494/small_brt026049400001.jpg",
    "dbz2_title": "百花峪写生2",
    "dbz2_page": "http://houdikun.artron.net/works_detail_brt026049400002",
    "dbz2_pic": "http://img4.artron.net/artist/A0260494/small_brt026049400002.jpg",
    "dbz3_title": "百花峪写生3",
    "dbz3_page": "http://houdikun.artron.net/works_detail_brt026049400003",
    "dbz3_pic": "http://img4.artron.net/artist/A0260494/small_brt026049400003.jpg"
}