{
    "name": "冷旭",
    "artist_pic": "imgs/loading.gif",
    "artist_info1": "籍贯地区：",
    "artist_info2": "所属类别：其它",
    "artist_info3": "毕业院校：其他学校",
    "dbz1_title": "爱莲图",
    "dbz1_page": "http://lengxu.artron.net/works_detail_brt000224000001",
    "dbz1_pic": "http://img2.artron.net/artist/A0002240/small_brt000224000001.jpg",
    "dbz2_title": "春风大吉图",
    "dbz2_page": "http://lengxu.artron.net/works_detail_brt000224000002",
    "dbz2_pic": "http://img2.artron.net/artist/A0002240/small_brt000224000002.jpg",
    "dbz3_title": "阜新八景图",
    "dbz3_page": "http://lengxu.artron.net/works_detail_brt000224000003",
    "dbz3_pic": "http://img2.artron.net/artist/A0002240/small_brt000224000003.jpg"
}