{
    "name": "刘筱青",
    "artist_pic": "imgs/loading.gif",
    "artist_info1": "籍贯地区：湖北省宜昌",
    "artist_info2": "所属类别：水粉水彩",
    "artist_info3": "毕业院校：清华大学美术学院",
    "dbz1_title": "池鹭 Chinese Pond Heron",
    "dbz1_page": "http://liuxiaoqing.artron.net/works_detail_brt026293700001",
    "dbz1_pic": "http://img4.artron.net/artist/A0262937/small_brt026293700001.jpg",
    "dbz2_title": "白鹈鹕 White or Rosy pelican",
    "dbz2_page": "http://liuxiaoqing.artron.net/works_detail_brt026293700002",
    "dbz2_pic": "http://img4.artron.net/artist/A0262937/small_brt026293700002.jpg",
    "dbz3_title": "雕头鹰 Honey -Buzzard",
    "dbz3_page": "http://liuxiaoqing.artron.net/works_detail_brt026293700003",
    "dbz3_pic": "http://img4.artron.net/artist/A0262937/small_brt026293700003.jpg"
}