{
    "name": "冉劲松",
    "artist_pic": "imgs/loading.gif",
    "artist_info1": "籍贯地区：",
    "artist_info2": "所属类别：油画",
    "artist_info3": "毕业院校：中央美术学院",
    "dbz1_title": "包工头",
    "dbz1_page": "http://ranjinsong.artron.net/works_detail_brt000769600082",
    "dbz1_pic": "http://img4.artron.net/artist/A0007696/small_brt000769600082.jpg",
    "dbz2_title": "北方人家",
    "dbz2_page": "http://ranjinsong.artron.net/works_detail_brt000769600001",
    "dbz2_pic": "http://img1.artron.net/artist/A0007696/small_brt000769600001.jpg",
    "dbz3_title": "北方小院",
    "dbz3_page": "http://ranjinsong.artron.net/works_detail_brt000769600002",
    "dbz3_pic": "http://img1.artron.net/artist/A0007696/small_brt000769600002.jpg"
}