{
    "name": "傅书中",
    "artist_pic": "imgs/loading.gif",
    "artist_info1": "籍贯地区：河南",
    "artist_info2": "所属类别：国画",
    "artist_info3": "毕业院校：其它学校",
    "dbz1_title": "作品001",
    "dbz1_page": "http://fushuzhong.artron.net/works_detail_brt026635300001",
    "dbz1_pic": "http://img4.artron.net/artist/A0266353/small_brt026635300001.jpg",
    "dbz2_title": "作品002",
    "dbz2_page": "http://fushuzhong.artron.net/works_detail_brt026635300002",
    "dbz2_pic": "http://img4.artron.net/artist/A0266353/small_brt026635300002.jpg",
    "dbz3_title": "作品003",
    "dbz3_page": "http://fushuzhong.artron.net/works_detail_brt026635300003",
    "dbz3_pic": "http://img4.artron.net/artist/A0266353/small_brt026635300003.jpg"
}