{
    "name": "他们",
    "artist_pic": "imgs/loading.gif",
    "artist_info1": "籍贯地区：",
    "artist_info2": "所属类别：油画",
    "artist_info3": "毕业院校：中央美术学院",
    "dbz1_title": "渡",
    "dbz1_page": "http://they.artron.net/main.php?pFlag=exhibi_2&aid=A0262873&cate=20853&wrkid=brt026287300315#showPicTop",
    "dbz1_pic": "http://img4.artron.net/artist/A0262873/small_brt026287300315.jpg",
    "dbz2_title": "一花一世界",
    "dbz2_page": "http://they.artron.net/main.php?pFlag=exhibi_2&aid=A0262873&cate=20853&wrkid=brt026287300316#showPicTop",
    "dbz2_pic": "http://img4.artron.net/artist/A0262873/small_brt026287300316.jpg",
    "dbz3_title": "一树一菩提",
    "dbz3_page": "http://they.artron.net/main.php?pFlag=exhibi_2&aid=A0262873&cate=20853&wrkid=brt026287300317#showPicTop",
    "dbz3_pic": "http://img4.artron.net/artist/A0262873/small_brt026287300317.jpg"
}