{
    "name": "刘毅",
    "artist_pic": "imgs/loading.gif",
    "artist_info1": "籍贯地区：江苏省",
    "artist_info2": "所属类别：国画",
    "artist_info3": "毕业院校：南京艺术学院",
    "dbz1_title": "苏州园林写生 东园",
    "dbz1_page": "http://artist.artron.net/yishujia0266409/2-108242.html",
    "dbz1_pic": "http://img10.artimg.net/newart/2015/0513/1431483448_379566.jpg.small.jpg",
    "dbz2_title": "丛林高逸之五",
    "dbz2_page": "http://artist.artron.net/yishujia0266409/2-108241.html",
    "dbz2_pic": "http://img10.artimg.net/newart/2015/0513/1431483234_775054.jpg.small.jpg",
    "dbz3_title": "丛林高逸之四",
    "dbz3_page": "http://artist.artron.net/yishujia0266409/2-108240.html",
    "dbz3_pic": "http://img10.artimg.net/newart/2015/0513/1431483218_637171.jpg.small.jpg"
}