{
    "name": "何加林",
    "artist_pic": "imgs/loading.gif",
    "artist_info1": "籍贯地区：浙江杭州",
    "artist_info2": "所属类别：国画",
    "artist_info3": "毕业院校：中国美院",
    "dbz1_title": "尺牍诗意001",
    "dbz1_page": "http://hejialin.artron.net/works_detail_brt000144800001",
    "dbz1_pic": "http://img2.artron.net/artist/A0001448/small_brt000144800001.jpg",
    "dbz2_title": "尺牍诗意002",
    "dbz2_page": "http://hejialin.artron.net/works_detail_brt000144800002",
    "dbz2_pic": "http://img2.artron.net/artist/A0001448/small_brt000144800002.jpg",
    "dbz3_title": "尺牍诗意003",
    "dbz3_page": "http://hejialin.artron.net/works_detail_brt000144800003",
    "dbz3_pic": "http://img2.artron.net/artist/A0001448/small_brt000144800003.jpg"
}