{
    "name": "冼有成",
    "artist_pic": "imgs/loading.gif",
    "artist_info1": "籍贯地区：广东省",
    "artist_info2": "所属类别：当代陶艺",
    "artist_info3": "毕业院校：其他学校",
    "dbz1_title": "钟馗嫁妹",
    "dbz1_page": "http://artist.artron.net/yishujia0266078/2-66140.html",
    "dbz1_pic": "http://img10.artimg.net/newart/2014/1201/1417400768_660855.jpg.small.jpg",
    "dbz2_title": "乾坤正气",
    "dbz2_page": "http://artist.artron.net/yishujia0266078/2-66139.html",
    "dbz2_pic": "http://img10.artimg.net/newart/2014/1201/1417400737_353686.jpg.small.jpg",
    "dbz3_title": "慈悲      ",
    "dbz3_page": "http://artist.artron.net/yishujia0266078/2-66135.html",
    "dbz3_pic": "http://img10.artimg.net/newart/2014/1201/1417400635_934835.jpg.small.jpg"
}