{
    "name": "何大桥",
    "artist_pic": "imgs/loading.gif",
    "artist_info1": "籍贯地区：黑龙江",
    "artist_info2": "所属类别：国画,油画",
    "artist_info3": "毕业院校：解放军艺术学院",
    "dbz1_title": "观叶",
    "dbz1_page": "http://hedaqiao.artron.net/works_detail_brt000021200063",
    "dbz1_pic": "http://img5.artron.net/artist/A0000212/small_brt000021200063.jpg",
    "dbz2_title": "残荷",
    "dbz2_page": "http://hedaqiao.artron.net/works_detail_brt000021200087",
    "dbz2_pic": "http://img4.artron.net/artist/A0000212/small_brt000021200087.jpg",
    "dbz3_title": "残荷",
    "dbz3_page": "http://hedaqiao.artron.net/works_detail_brt000021200088",
    "dbz3_pic": "http://img4.artron.net/artist/A0000212/small_brt000021200088.jpg"
}