{
    "name": "刘俊刚",
    "artist_pic": "imgs/loading.gif",
    "artist_info1": "籍贯地区：北京",
    "artist_info2": "所属类别：国画",
    "artist_info3": "毕业院校：中央美术学院",
    "dbz1_title": "南山初雪",
    "dbz1_page": "http://liujungang.artron.net/works_detail_brt026289200001",
    "dbz1_pic": "http://img5.artron.net/artist/A0262892/small_brt026289200001.jpg",
    "dbz2_title": "美丽的海德堡",
    "dbz2_page": "http://liujungang.artron.net/works_detail_brt026289200002",
    "dbz2_pic": "http://img5.artron.net/artist/A0262892/small_brt026289200002.jpg",
    "dbz3_title": "海德堡古城",
    "dbz3_page": "http://liujungang.artron.net/works_detail_brt026289200003",
    "dbz3_pic": "http://img5.artron.net/artist/A0262892/small_brt026289200003.jpg"
}