{
    "name": "丁雄泉",
    "artist_pic": "imgs/loading.gif",
    "artist_info1": "籍贯地区：",
    "artist_info2": "所属类别：国画,油画,水粉水彩",
    "artist_info3": "毕业院校：其他学校",
    "dbz1_title": "美女喜欢的鹦鹉",
    "dbz1_page": "http://dingxiongquan.artron.net/works_detail_BRT000000009112",
    "dbz1_pic": "http://img1.artron.net/artist/A0005580/small_brt0004650001.jpg",
    "dbz2_title": "马格丽特",
    "dbz2_page": "http://dingxiongquan.artron.net/works_detail_BRT000000009113",
    "dbz2_pic": "http://img1.artron.net/artist/A0005580/small_brt0004650002.jpg",
    "dbz3_title": "美人图",
    "dbz3_page": "http://dingxiongquan.artron.net/works_detail_BRT000000009114",
    "dbz3_pic": "http://img1.artron.net/artist/A0005580/small_brt0004650003.jpg"
}