{
    "name": "刘超",
    "artist_pic": "imgs/loading.gif",
    "artist_info1": "籍贯地区：河北省",
    "artist_info2": "所属类别：油画",
    "artist_info3": "毕业院校：鲁迅美术学院",
    "dbz1_title": "刘超空间 ",
    "dbz1_page": "http://artist.artron.net/yishujia0266479/2-114422.html",
    "dbz1_pic": "http://img10.artimg.net/newart/2015/0605/1433513782_699358.jpg.small.jpg",
    "dbz2_title": "单人间 ",
    "dbz2_page": "http://artist.artron.net/yishujia0266479/2-114421.html",
    "dbz2_pic": "http://img10.artimg.net/newart/2015/0605/1433513775_209337.jpg.small.jpg",
    "dbz3_title": "远山  ",
    "dbz3_page": "http://artist.artron.net/yishujia0266479/2-114420.html",
    "dbz3_pic": "http://img10.artimg.net/newart/2015/0605/1433513769_906424.jpg.small.jpg"
}