{
    "name": "六桂地",
    "artist_pic": "imgs/loading.gif",
    "artist_info1": "籍贯地区：",
    "artist_info2": "所属类别：油画",
    "artist_info3": "毕业院校：西江大学",
    "dbz1_title": "城市地标1",
    "dbz1_page": "http://liuguidi.artron.net/works_detail_brt026218000001",
    "dbz1_pic": "http://img2.artron.net/artist/A0262180/small_brt026218000001.jpg",
    "dbz2_title": "城市地标2",
    "dbz2_page": "http://liuguidi.artron.net/works_detail_brt026218000002",
    "dbz2_pic": "http://img2.artron.net/artist/A0262180/small_brt026218000002.jpg",
    "dbz3_title": "城市地标3",
    "dbz3_page": "http://liuguidi.artron.net/works_detail_brt026218000003",
    "dbz3_pic": "http://img2.artron.net/artist/A0262180/small_brt026218000003.jpg"
}