{
    "name": "于栋华",
    "artist_pic": "imgs/loading.gif",
    "artist_info1": "籍贯地区：山东省",
    "artist_info2": "所属类别：国画",
    "artist_info3": "毕业院校：天津美术学院",
    "dbz1_title": "20《初春》",
    "dbz1_page": "http://artist.artron.net/yishujia0266386/2-102650.html",
    "dbz1_pic": "http://img10.artimg.net/newart/2015/0423/1429754262_907805.JPG.small.jpg",
    "dbz2_title": "19《四季之冬——茶之韵》",
    "dbz2_page": "http://artist.artron.net/yishujia0266386/2-102649.html",
    "dbz2_pic": "http://img10.artimg.net/newart/2015/0423/1429754257_316358.JPG.small.jpg",
    "dbz3_title": "18《四季之秋——菊之幽 》",
    "dbz3_page": "http://artist.artron.net/yishujia0266386/2-102648.html",
    "dbz3_pic": "http://img10.artimg.net/newart/2015/0423/1429754251_305069.JPG.small.jpg"
}