{
    "name": "何家安",
    "artist_pic": "imgs/loading.gif",
    "artist_info1": "籍贯地区：河南",
    "artist_info2": "所属类别：国画",
    "artist_info3": "毕业院校：其他学校",
    "dbz1_title": "湖边人家",
    "dbz1_page": "http://hejiaan.artron.net/works_detail_brt024027500001",
    "dbz1_pic": "http://img1.artron.net/artist/A0240275/small_brt024027500001.jpg",
    "dbz2_title": "识得故乡真面目 只缘未在此山中",
    "dbz2_page": "http://hejiaan.artron.net/works_detail_brt024027500002",
    "dbz2_pic": "http://img1.artron.net/artist/A0240275/small_brt024027500002.jpg",
    "dbz3_title": "隆冬时节",
    "dbz3_page": "http://hejiaan.artron.net/works_detail_brt024027500003",
    "dbz3_pic": "http://img1.artron.net/artist/A0240275/small_brt024027500003.jpg"
}