{
    "name": "何红蓓",
    "artist_pic": "imgs/loading.gif",
    "artist_info1": "籍贯地区：",
    "artist_info2": "所属类别：油画",
    "artist_info3": "毕业院校：四川美术学院",
    "dbz1_title": "《抛掉垃圾—放松》No.1",
    "dbz1_page": "http://hehongbei.artron.net/works_detail_brt000834900001",
    "dbz1_pic": "http://img3.artron.net/artist/A0008349/small_brt000834900001.jpg",
    "dbz2_title": "《抛掉垃圾—放松》No.2",
    "dbz2_page": "http://hehongbei.artron.net/works_detail_brt000834900002",
    "dbz2_pic": "http://img3.artron.net/artist/A0008349/small_brt000834900002.jpg",
    "dbz3_title": "《抛掉垃圾—放松》No.3",
    "dbz3_page": "http://hehongbei.artron.net/works_detail_brt000834900003",
    "dbz3_pic": "http://img3.artron.net/artist/A0008349/small_brt000834900003.jpg"
}