{
    "name": "刘真",
    "artist_pic": "imgs/loading.gif",
    "artist_info1": "籍贯地区：",
    "artist_info2": "所属类别：油画",
    "artist_info3": "毕业院校：其它学校",
    "dbz1_title": "切割No.1",
    "dbz1_page": "http://liuzhen.artron.net/works_detail_brt026471800001",
    "dbz1_pic": "http://img1.artron.net/artist/A0264718/small_brt026471800001.jpg",
    "dbz2_title": "切割No.2",
    "dbz2_page": "http://liuzhen.artron.net/works_detail_brt026471800002",
    "dbz2_pic": "http://img1.artron.net/artist/A0264718/small_brt026471800002.jpg",
    "dbz3_title": "切割No.3",
    "dbz3_page": "http://liuzhen.artron.net/works_detail_brt026471800003",
    "dbz3_pic": "http://img1.artron.net/artist/A0264718/small_brt026471800003.jpg"
}