{
    "name": "余涵宇",
    "artist_pic": "imgs/loading.gif",
    "artist_info1": "籍贯地区：湖北",
    "artist_info2": "所属类别：国画",
    "artist_info3": "毕业院校：其他学校",
    "dbz1_title": "月映昆仑寒彻天",
    "dbz1_page": "http://yuhanyu.artron.net/works_detail_BRT000000009014",
    "dbz1_pic": "http://img1.artron.net/artist/A0000131/small_brt0003110100.jpg",
    "dbz2_title": "山水新作之一",
    "dbz2_page": "http://yuhanyu.artron.net/works_detail_BRT000000003121",
    "dbz2_pic": "http://img1.artron.net/artist/A0000131/small_brt0003110090.jpg",
    "dbz3_title": "山水新作之二",
    "dbz3_page": "http://yuhanyu.artron.net/works_detail_BRT000000003122",
    "dbz3_pic": "http://img1.artron.net/artist/A0000131/small_brt0003110091.jpg"
}