{
    "name": "俸正杰",
    "artist_pic": "imgs/loading.gif",
    "artist_info1": "籍贯地区：四川",
    "artist_info2": "所属类别：当代艺术",
    "artist_info3": "毕业院校：四川美术学院",
    "dbz1_title": "PortraitNo.01-1",
    "dbz1_page": "http://fengzhengjie.artron.net/works_detail_brt000681800118",
    "dbz1_pic": "http://img2.artron.net/artist/A0006818/small_brt000681800118.jpg",
    "dbz2_title": "PortraitNo.01-2",
    "dbz2_page": "http://fengzhengjie.artron.net/works_detail_brt000681800119",
    "dbz2_pic": "http://img2.artron.net/artist/A0006818/small_brt000681800119.jpg",
    "dbz3_title": "PortraitNo.01-3",
    "dbz3_page": "http://fengzhengjie.artron.net/works_detail_brt000681800120",
    "dbz3_pic": "http://img2.artron.net/artist/A0006818/small_brt000681800120.jpg"
}