{
    "name": "刘普安",
    "artist_pic": "imgs/loading.gif",
    "artist_info1": "籍贯地区：",
    "artist_info2": "所属类别：国画",
    "artist_info3": "毕业院校：其他学校",
    "dbz1_title": "五虎听禅图",
    "dbz1_page": "http://liupuan.artron.net/works_detail_brt026040600001",
    "dbz1_pic": "http://img3.artron.net/artist/A0260406/small_brt026040600001.jpg",
    "dbz2_title": "松风泉韵",
    "dbz2_page": "http://liupuan.artron.net/works_detail_brt026040600002",
    "dbz2_pic": "http://img3.artron.net/artist/A0260406/small_brt026040600002.jpg",
    "dbz3_title": "虎啸山林",
    "dbz3_page": "http://liupuan.artron.net/works_detail_brt026040600003",
    "dbz3_pic": "http://img3.artron.net/artist/A0260406/small_brt026040600003.jpg"
}