{
    "name": "仙手",
    "artist_pic": "imgs/loading.gif",
    "artist_info1": "籍贯地区：",
    "artist_info2": "所属类别：国画",
    "artist_info3": "毕业院校：北京联合大学",
    "dbz1_title": "春-春风杨柳群鱼欢",
    "dbz1_page": "http://xianshou.artron.net/works_detail_brt026134700001",
    "dbz1_pic": "http://img4.artron.net/artist/A0261347/small_brt026134700001.jpg",
    "dbz2_title": "冬-冬凉鱼知道",
    "dbz2_page": "http://xianshou.artron.net/works_detail_brt026134700002",
    "dbz2_pic": "http://img4.artron.net/artist/A0261347/small_brt026134700002.jpg",
    "dbz3_title": "秋-荷",
    "dbz3_page": "http://xianshou.artron.net/works_detail_brt026134700003",
    "dbz3_pic": "http://img4.artron.net/artist/A0261347/small_brt026134700003.jpg"
}