{
    "name": "刘兆平",
    "artist_pic": "imgs/loading.gif",
    "artist_info1": "籍贯地区：",
    "artist_info2": "所属类别：其它",
    "artist_info3": "毕业院校：其他学校",
    "dbz1_title": "西园遗梦",
    "dbz1_page": "http://liuzhaoping.artron.net/works_detail_brt000379900020",
    "dbz1_pic": "http://img1.artron.net/artist/A0003799/small_brt000379900020.jpg",
    "dbz2_title": "一方水土养一方人",
    "dbz2_page": "http://liuzhaoping.artron.net/works_detail_brt000379900023",
    "dbz2_pic": "http://img1.artron.net/artist/A0003799/small_brt000379900023.jpg",
    "dbz3_title": "幽谷空林",
    "dbz3_page": "http://liuzhaoping.artron.net/works_detail_brt000379900026",
    "dbz3_pic": "http://img1.artron.net/artist/A0003799/small_brt000379900026.jpg"
}