{
    "name": "任建业",
    "artist_pic": "imgs/loading.gif",
    "artist_info1": "籍贯地区：山东",
    "artist_info2": "所属类别：国画",
    "artist_info3": "毕业院校：曲师大美术系",
    "dbz1_title": "作品003",
    "dbz1_page": "http://renjianye.artron.net/works_detail_brt026025100035",
    "dbz1_pic": "http://img3.artron.net/artist/A0260251/small_brt026025100035.jpg",
    "dbz2_title": "作品001",
    "dbz2_page": "http://renjianye.artron.net/works_detail_brt026025100062",
    "dbz2_pic": "http://img3.artron.net/artist/A0260251/small_brt026025100062.jpg",
    "dbz3_title": "楷书远上寒山石径斜",
    "dbz3_page": "http://renjianye.artron.net/works_detail_brt026025100064",
    "dbz3_pic": "http://img3.artron.net/artist/A0260251/small_brt026025100064.jpg"
}