{
    "name": "史国良",
    "artist_pic": "imgs/loading.gif",
    "artist_info1": "籍贯地区：",
    "artist_info2": "所属类别：国画",
    "artist_info3": "毕业院校：中央美术学院",
    "dbz1_title": "刻经",
    "dbz1_page": "http://shiguoliang.artron.net/main.php?pFlag=exhibi_2&aid=A0006098&cate=465&wrkid=BRT000000012245#showPicTop",
    "dbz1_pic": "http://img1.artron.net/artist/A0006098/small_brt0005100017.jpg",
    "dbz2_title": "越唱心里越快活",
    "dbz2_page": "http://shiguoliang.artron.net/main.php?pFlag=exhibi_2&aid=A0006098&cate=465&wrkid=BRT000000012232#showPicTop",
    "dbz2_pic": "http://img1.artron.net/artist/A0006098/small_brt0005100004.jpg",
    "dbz3_title": "买猪图",
    "dbz3_page": "http://shiguoliang.artron.net/main.php?pFlag=exhibi_2&aid=A0006098&cate=465&wrkid=BRT000000012233#showPicTop",
    "dbz3_pic": "http://img1.artron.net/artist/A0006098/small_brt0005100005.jpg"
}