{
    "name": "代建红",
    "artist_pic": "imgs/loading.gif",
    "artist_info1": "籍贯地区：",
    "artist_info2": "所属类别：国画",
    "artist_info3": "毕业院校：其它学校",
    "dbz1_title": "作品1",
    "dbz1_page": "http://daijianhong.artron.net/main.php?pFlag=exhibi_2&aid=A0266550&cate=21109&wrkid=brt026655000001#showPicTop",
    "dbz1_pic": "http://img5.artron.net/artist/A0266550/small_brt026655000001.jpg",
    "dbz2_title": "作品2",
    "dbz2_page": "http://daijianhong.artron.net/main.php?pFlag=exhibi_2&aid=A0266550&cate=21109&wrkid=brt026655000002#showPicTop",
    "dbz2_pic": "http://img5.artron.net/artist/A0266550/small_brt026655000002.jpg",
    "dbz3_title": "作品3",
    "dbz3_page": "http://daijianhong.artron.net/main.php?pFlag=exhibi_2&aid=A0266550&cate=21109&wrkid=brt026655000003#showPicTop",
    "dbz3_pic": "http://img5.artron.net/artist/A0266550/small_brt026655000003.jpg"
}