{
    "name": "向京",
    "artist_pic": "imgs/loading.gif",
    "artist_info1": "籍贯地区：北京",
    "artist_info2": "所属类别：雕塑",
    "artist_info3": "毕业院校：中央美术学院",
    "dbz1_title": "敞开者",
    "dbz1_page": "http://xiangjing.artron.net/works_detail_BRT000000054696",
    "dbz1_pic": "http://img1.artron.net/artist/A0006310/small_brt00086700011.jpg",
    "dbz2_title": "敞开者（局部）",
    "dbz2_page": "http://xiangjing.artron.net/works_detail_BRT000000054697",
    "dbz2_pic": "http://img1.artron.net/artist/A0006310/small_brt00086700012.jpg",
    "dbz3_title": "敞开者（局部）",
    "dbz3_page": "http://xiangjing.artron.net/works_detail_BRT000000054698",
    "dbz3_pic": "http://img1.artron.net/artist/A0006310/small_brt00086700013.jpg"
}