{
    "name": "卢奇",
    "artist_pic": "imgs/loading.gif",
    "artist_info1": "籍贯地区：重庆市",
    "artist_info2": "所属类别：书法",
    "artist_info3": "毕业院校：中央美术学院",
    "dbz1_title": "天道酬善",
    "dbz1_page": "http://artist.artron.net/yishujia0266002/2-63437.html",
    "dbz1_pic": "http://img10.artimg.net/newart/2014/1119/1416388076_884374.JPG.small.jpg",
    "dbz2_title": "松风煮茗夜",
    "dbz2_page": "http://artist.artron.net/yishujia0266002/2-63436.html",
    "dbz2_pic": "http://img10.artimg.net/newart/2014/1119/1416388036_544701.JPG.small.jpg",
    "dbz3_title": "守正出奇",
    "dbz3_page": "http://artist.artron.net/yishujia0266002/2-63435.html",
    "dbz3_pic": "http://img10.artimg.net/newart/2014/1119/1416388033_146815.JPG.small.jpg"
}