{
    "name": "卢志学",
    "artist_pic": "imgs/loading.gif",
    "artist_info1": "籍贯地区：山东",
    "artist_info2": "所属类别：国画",
    "artist_info3": "毕业院校：鲁迅美术学院",
    "dbz1_title": "山高水长",
    "dbz1_page": "http://luzhixue.artron.net/works_detail_brt000026000107",
    "dbz1_pic": "http://img2.artron.net/artist/A0000260/small_brt000026000107.jpg",
    "dbz2_title": "白桦林",
    "dbz2_page": "http://luzhixue.artron.net/works_detail_brt000026000170",
    "dbz2_pic": "http://img5.artron.net/artist/A0000260/small_brt000026000170.jpg",
    "dbz3_title": "黄山",
    "dbz3_page": "http://luzhixue.artron.net/works_detail_brt000026000092",
    "dbz3_pic": "http://img2.artron.net/artist/A0000260/small_brt000026000092.jpg"
}