{
    "name": "刘戈",
    "artist_pic": "imgs/loading.gif",
    "artist_info1": "籍贯地区：河北省",
    "artist_info2": "所属类别：油画",
    "artist_info3": "毕业院校：中央美术学院",
    "dbz1_title": "AA0_4091玉洁观音",
    "dbz1_page": "http://artist.artron.net/yishujia0263246/2-52141.html",
    "dbz1_pic": "http://img10.artimg.net/newart/2014/1017/1413533005_129776.jpg.small.jpg",
    "dbz2_title": "AA0_4089三合一",
    "dbz2_page": "http://artist.artron.net/yishujia0263246/2-52140.html",
    "dbz2_pic": "http://img10.artimg.net/newart/2014/1017/1413532998_360169.jpg.small.jpg",
    "dbz3_title": "AA0_4087阴阳",
    "dbz3_page": "http://artist.artron.net/yishujia0263246/2-52139.html",
    "dbz3_pic": "http://img10.artimg.net/newart/2014/1017/1413532993_145834.jpg.small.jpg"
}