{
    "name": "伊玄",
    "artist_pic": "imgs/loading.gif",
    "artist_info1": "籍贯地区：福建省",
    "artist_info2": "所属类别：当代艺术,当代水墨",
    "artist_info3": "毕业院校：其他学校",
    "dbz1_title": "IMG_8990",
    "dbz1_page": "http://artist.artron.net/yishujia0266396/2-103992.html",
    "dbz1_pic": "http://img10.artimg.net/newart/2015/0429/1430242662_431945.jpg.small.jpg",
    "dbz2_title": "IMG_8967",
    "dbz2_page": "http://artist.artron.net/yishujia0266396/2-103989.html",
    "dbz2_pic": "http://img10.artimg.net/newart/2015/0429/1430242662_821249.jpg.small.jpg",
    "dbz3_title": "IMG_8970",
    "dbz3_page": "http://artist.artron.net/yishujia0266396/2-103990.html",
    "dbz3_pic": "http://img10.artimg.net/newart/2015/0429/1430242662_549619.jpg.small.jpg"
}