{
    "name": "关玉玲",
    "artist_pic": "imgs/loading.gif",
    "artist_info1": "籍贯地区：",
    "artist_info2": "所属类别：油画",
    "artist_info3": "毕业院校：其它学校",
    "dbz1_title": "恩恩爱爱",
    "dbz1_page": "http://guanyuling.artron.net/main.php?pFlag=exhibi_2&aid=A0266415&cate=20675&wrkid=brt026641500001#showPicTop",
    "dbz1_pic": "http://img5.artron.net/artist/A0266415/small_brt026641500001.jpg",
    "dbz2_title": "温馨stop1",
    "dbz2_page": "http://guanyuling.artron.net/main.php?pFlag=exhibi_2&aid=A0266415&cate=20675&wrkid=brt026641500002#showPicTop",
    "dbz2_pic": "http://img5.artron.net/artist/A0266415/small_brt026641500002.jpg",
    "dbz3_title": "温馨stop2",
    "dbz3_page": "http://guanyuling.artron.net/main.php?pFlag=exhibi_2&aid=A0266415&cate=20675&wrkid=brt026641500003#showPicTop",
    "dbz3_pic": "http://img5.artron.net/artist/A0266415/small_brt026641500003.jpg"
}