{
    "name": "刘连杰",
    "artist_pic": "imgs/loading.gif",
    "artist_info1": "籍贯地区：山西省",
    "artist_info2": "所属类别：其它,书法",
    "artist_info3": "毕业院校：山西大学",
    "dbz1_title": "书法作品",
    "dbz1_page": "http://artist.artron.net/yishujia0262973/2-4631.html",
    "dbz1_pic": "http://img10.artimg.net/newart/2014/0503/1399082041_937450.jpg.small.jpg",
    "dbz2_title": "书法作品",
    "dbz2_page": "http://artist.artron.net/yishujia0262973/2-4630.html",
    "dbz2_pic": "http://img10.artimg.net/newart/2014/0503/1399082001_451593.jpg.small.jpg",
    "dbz3_title": "书法作品",
    "dbz3_page": "http://artist.artron.net/yishujia0262973/2-4629.html",
    "dbz3_pic": "http://img10.artimg.net/newart/2014/0503/1399081949_654694.jpg.small.jpg"
}