{
    "name": "丁波",
    "artist_pic": "imgs/loading.gif",
    "artist_info1": "籍贯地区：湖北省",
    "artist_info2": "所属类别：书法",
    "artist_info3": "毕业院校：广州美术学院",
    "dbz1_title": "苏东坡《题西林壁》",
    "dbz1_page": "http://artist.artron.net/yishujia0265996/2-63295.html",
    "dbz1_pic": "http://img10.artimg.net/newart/2014/1119/1416379644_813513.JPG.small.jpg",
    "dbz2_title": "宋刘敝《微雨登城》",
    "dbz2_page": "http://artist.artron.net/yishujia0265996/2-63294.html",
    "dbz2_pic": "http://img10.artimg.net/newart/2014/1119/1416379641_612266.JPG.small.jpg",
    "dbz3_title": "杜牧《秋望》",
    "dbz3_page": "http://artist.artron.net/yishujia0265996/2-63291.html",
    "dbz3_pic": "http://img10.artimg.net/newart/2014/1119/1416379473_628681.JPG.small.jpg"
}