{
    "name": "傅振江",
    "artist_pic": "imgs/loading.gif",
    "artist_info1": "籍贯地区：河北",
    "artist_info2": "所属类别：国画",
    "artist_info3": "毕业院校：其他学校",
    "dbz1_title": "宝物",
    "dbz1_page": "http://fuzhenjiang.artron.net/works_detail_brt026187500001",
    "dbz1_pic": "http://img1.artron.net/artist/A0261875/small_brt026187500001.jpg",
    "dbz2_title": "避之",
    "dbz2_page": "http://fuzhenjiang.artron.net/works_detail_brt026187500002",
    "dbz2_pic": "http://img1.artron.net/artist/A0261875/small_brt026187500002.jpg",
    "dbz3_title": "登岸",
    "dbz3_page": "http://fuzhenjiang.artron.net/works_detail_brt026187500003",
    "dbz3_pic": "http://img1.artron.net/artist/A0261875/small_brt026187500003.jpg"
}