{
    "name": "刘文东",
    "artist_pic": "imgs/loading.gif",
    "artist_info1": "籍贯地区：广东省",
    "artist_info2": "所属类别：国画",
    "artist_info3": "毕业院校：广州美术学院",
    "dbz1_title": "扇面",
    "dbz1_page": "http://artist.artron.net/yishujia0265784/2-107548.html",
    "dbz1_pic": "http://img10.artimg.net/newart/2015/0511/1431330387_244832.JPG.small.jpg",
    "dbz2_title": "扇面",
    "dbz2_page": "http://artist.artron.net/yishujia0265784/2-107547.html",
    "dbz2_pic": "http://img10.artimg.net/newart/2015/0511/1431330381_933353.JPG.small.jpg",
    "dbz3_title": "扇面",
    "dbz3_page": "http://artist.artron.net/yishujia0265784/2-107546.html",
    "dbz3_pic": "http://img10.artimg.net/newart/2015/0511/1431330373_632303.JPG.small.jpg"
}