{
    "name": "刘筱静",
    "artist_pic": "imgs/loading.gif",
    "artist_info1": "籍贯地区：",
    "artist_info2": "所属类别：国画",
    "artist_info3": "毕业院校：中央美术学院",
    "dbz1_title": "画瓷1",
    "dbz1_page": "http://liuxiaojing.artron.net/works_detail_brt026342800024",
    "dbz1_pic": "http://img2.artron.net/artist/A0263428/small_brt026342800024.jpg",
    "dbz2_title": "画瓷2",
    "dbz2_page": "http://liuxiaojing.artron.net/works_detail_brt026342800025",
    "dbz2_pic": "http://img2.artron.net/artist/A0263428/small_brt026342800025.jpg",
    "dbz3_title": "画瓷3",
    "dbz3_page": "http://liuxiaojing.artron.net/works_detail_brt026342800026",
    "dbz3_pic": "http://img2.artron.net/artist/A0263428/small_brt026342800026.jpg"
}