{
    "name": "佘国华",
    "artist_pic": "imgs/loading.gif",
    "artist_info1": "籍贯地区：",
    "artist_info2": "所属类别：其它",
    "artist_info3": "毕业院校：其它学校",
    "dbz1_title": "秋声赋",
    "dbz1_page": "http://sheguohua.artron.net/main.php?pFlag=exhibi_2&aid=A0264955&cate=18211&wrkid=brt026495500034#showPicTop",
    "dbz1_pic": "http://img1.artron.net/artist/A0264955/small_brt026495500034.jpg",
    "dbz2_title": "天籁盈翠",
    "dbz2_page": "http://sheguohua.artron.net/main.php?pFlag=exhibi_2&aid=A0264955&cate=18211&wrkid=brt026495500030#showPicTop",
    "dbz2_pic": "http://img1.artron.net/artist/A0264955/small_brt026495500030.jpg",
    "dbz3_title": "花非花",
    "dbz3_page": "http://sheguohua.artron.net/main.php?pFlag=exhibi_2&aid=A0264955&cate=18210&wrkid=brt026495500006#showPicTop",
    "dbz3_pic": "http://img1.artron.net/artist/A0264955/small_brt026495500006.jpg"
}