{
    "name": "冷军",
    "artist_pic": "imgs/loading.gif",
    "artist_info1": "籍贯地区：四川",
    "artist_info2": "所属类别：北京写实画派,油画",
    "artist_info3": "毕业院校：武汉师范学院",
    "dbz1_title": "蒙娜丽莎",
    "dbz1_page": "http://lengjun.artron.net/works_detail_BRT000000039300",
    "dbz1_pic": "http://img1.artron.net/artist/A0000074/small_brt0001360037.jpg",
    "dbz2_title": "蒙娜丽莎",
    "dbz2_page": "http://lengjun.artron.net/works_detail_brt0001360037",
    "dbz2_pic": "http://img3.artron.net/artist/A0000074/small_brt0001360037.jpg",
    "dbz3_title": "人体",
    "dbz3_page": "http://lengjun.artron.net/works_detail_BRT000000039301",
    "dbz3_pic": "http://img1.artron.net/artist/A0000074/small_brt0001360038.jpg"
}