{
    "name": "刘广",
    "artist_pic": "imgs/loading.gif",
    "artist_info1": "籍贯地区：山东蓬莱",
    "artist_info2": "所属类别：国画",
    "artist_info3": "毕业院校：其他学校",
    "dbz1_title": "并蒂芙蓉本自双",
    "dbz1_page": "http://liuguang.artron.net/works_detail_brt026204200001",
    "dbz1_pic": "http://img4.artron.net/artist/A0262042/small_brt026204200001.jpg",
    "dbz2_title": "露华倩影",
    "dbz2_page": "http://liuguang.artron.net/works_detail_brt026204200002",
    "dbz2_pic": "http://img4.artron.net/artist/A0262042/small_brt026204200002.jpg",
    "dbz3_title": "荷之趣",
    "dbz3_page": "http://liuguang.artron.net/works_detail_brt026204200003",
    "dbz3_pic": "http://img4.artron.net/artist/A0262042/small_brt026204200003.jpg"
}