{
    "name": "刘牧",
    "artist_pic": "imgs/loading.gif",
    "artist_info1": "籍贯地区：北京",
    "artist_info2": "所属类别：国画",
    "artist_info3": "毕业院校：其他学校",
    "dbz1_title": "残雪",
    "dbz1_page": "http://liumu.artron.net/works_detail_brt025898100139",
    "dbz1_pic": "http://img1.artron.net/artist/A0258981/small_brt025898100139.jpg",
    "dbz2_title": "草色遥看",
    "dbz2_page": "http://liumu.artron.net/works_detail_brt025898100140",
    "dbz2_pic": "http://img1.artron.net/artist/A0258981/small_brt025898100140.jpg",
    "dbz3_title": "落日",
    "dbz3_page": "http://liumu.artron.net/works_detail_brt025898100141",
    "dbz3_pic": "http://img1.artron.net/artist/A0258981/small_brt025898100141.jpg"
}