{
    "name": "别拉科夫斯卡亚·维多利亚·马尔科夫娜",
    "artist_pic": "imgs/loading.gif",
    "artist_info1": "籍贯地区：",
    "artist_info2": "所属类别：油画",
    "artist_info3": "毕业院校：其它学校",
    "dbz1_title": "戴女帽的自画像",
    "dbz1_page": "http://belakovskaya-v.artron.net/works_detail_brt026271600001",
    "dbz1_pic": "http://img1.artron.net/artist/A0262716/small_brt026271600001.jpg",
    "dbz2_title": "自画像",
    "dbz2_page": "http://belakovskaya-v.artron.net/works_detail_brt026271600002",
    "dbz2_pic": "http://img1.artron.net/artist/A0262716/small_brt026271600002.jpg",
    "dbz3_title": "戴小圆帽的自画像",
    "dbz3_page": "http://belakovskaya-v.artron.net/works_detail_brt026271600003",
    "dbz3_pic": "http://img1.artron.net/artist/A0262716/small_brt026271600003.jpg"
}