{
    "name": "丁慈康",
    "artist_pic": "imgs/loading.gif",
    "artist_info1": "籍贯地区：浙江",
    "artist_info2": "所属类别：油画",
    "artist_info3": "毕业院校：中国美院",
    "dbz1_title": "白菜.鸡蛋",
    "dbz1_page": "http://dingcikang.artron.net/works_detail_brt000086200001",
    "dbz1_pic": "http://img2.artron.net/artist/A0000862/small_brt000086200001.jpg",
    "dbz2_title": "白天的月亮",
    "dbz2_page": "http://dingcikang.artron.net/works_detail_brt000086200002",
    "dbz2_pic": "http://img2.artron.net/artist/A0000862/small_brt000086200002.jpg",
    "dbz3_title": "傍晚",
    "dbz3_page": "http://dingcikang.artron.net/works_detail_brt000086200003",
    "dbz3_pic": "http://img2.artron.net/artist/A0000862/small_brt000086200003.jpg"
}