{
    "name": "东方腾弘",
    "artist_pic": "imgs/loading.gif",
    "artist_info1": "籍贯地区：浙江",
    "artist_info2": "所属类别：油画",
    "artist_info3": "毕业院校：解放军艺术学院美",
    "dbz1_title": "白驹2006N01",
    "dbz1_page": "http://dongfangtenghong.artron.net/works_detail_brt000609700036",
    "dbz1_pic": "http://img5.artron.net/artist/A0006097/small_brt000609700036.jpg",
    "dbz2_title": "白驹2006N03",
    "dbz2_page": "http://dongfangtenghong.artron.net/works_detail_brt000609700037",
    "dbz2_pic": "http://img2.artron.net/artist/A0006097/small_brt000609700037.jpg",
    "dbz3_title": "白驹2007N08",
    "dbz3_page": "http://dongfangtenghong.artron.net/works_detail_brt000609700038",
    "dbz3_pic": "http://img3.artron.net/artist/A0006097/small_brt000609700038.jpg"
}