{
    "name": "刘文奇",
    "artist_pic": "imgs/loading.gif",
    "artist_info1": "籍贯地区：河北",
    "artist_info2": "所属类别：书法",
    "artist_info3": "毕业院校：其他学校",
    "dbz1_title": "临 殷帝乙帝辛 宰丰记事",
    "dbz1_page": "http://liuwenqi.artron.net/works_detail_brt020992700014",
    "dbz1_pic": "http://img3.artron.net/artist/A0209927/small_brt020992700014.jpg",
    "dbz2_title": "临 散氏盘",
    "dbz2_page": "http://liuwenqi.artron.net/works_detail_brt020992700015",
    "dbz2_pic": "http://img3.artron.net/artist/A0209927/small_brt020992700015.jpg",
    "dbz3_title": "临 毛公鼎",
    "dbz3_page": "http://liuwenqi.artron.net/works_detail_brt020992700016",
    "dbz3_pic": "http://img3.artron.net/artist/A0209927/small_brt020992700016.jpg"
}