{
    "name": "刘国辉",
    "artist_pic": "imgs/loading.gif",
    "artist_info1": "籍贯地区：江苏",
    "artist_info2": "所属类别：国画",
    "artist_info3": "毕业院校：浙江美术学院",
    "dbz1_title": "壮硕的羊",
    "dbz1_page": "http://liuguohui.artron.net/works_detail_BRT000000105156",
    "dbz1_pic": "http://img1.artron.net/artist/A0000169/small_brt00016900004.jpg",
    "dbz2_title": "圣河",
    "dbz2_page": "http://liuguohui.artron.net/works_detail_BRT000000105157",
    "dbz2_pic": "http://img1.artron.net/artist/A0000169/small_brt00016900005.jpg",
    "dbz3_title": "有一双忧郁的眼睛",
    "dbz3_page": "http://liuguohui.artron.net/works_detail_BRT000000105158",
    "dbz3_pic": "http://img1.artron.net/artist/A0000169/small_brt00016900006.jpg"
}