{
    "name": "刘子建",
    "artist_pic": "imgs/loading.gif",
    "artist_info1": "籍贯地区：湖北",
    "artist_info2": "所属类别：国画",
    "artist_info3": "毕业院校：湖北美术学院",
    "dbz1_title": "夕光金羽（1）",
    "dbz1_page": "http://liuzijian.artron.net/main.php?pFlag=exhibi_2&aid=A0200760&cate=3773&wrkid=brt020076000273#showPicTop",
    "dbz1_pic": "http://img2.artron.net/artist/A0200760/small_brt020076000273.jpg",
    "dbz2_title": "夕光金羽（2）",
    "dbz2_page": "http://liuzijian.artron.net/main.php?pFlag=exhibi_2&aid=A0200760&cate=3773&wrkid=brt020076000274#showPicTop",
    "dbz2_pic": "http://img2.artron.net/artist/A0200760/small_brt020076000274.jpg",
    "dbz3_title": "夕光金羽（3）",
    "dbz3_page": "http://liuzijian.artron.net/main.php?pFlag=exhibi_2&aid=A0200760&cate=3773&wrkid=brt020076000275#showPicTop",
    "dbz3_pic": "http://img2.artron.net/artist/A0200760/small_brt020076000275.jpg"
}