{
    "name": "南岭梅",
    "artist_pic": "imgs/loading.gif",
    "artist_info1": "籍贯地区：",
    "artist_info2": "所属类别：国画",
    "artist_info3": "毕业院校：其它学校",
    "dbz1_title": "《傲雪》",
    "dbz1_page": "http://nanlingmei.artron.net/main.php?pFlag=exhibi_2&aid=A0266400&cate=20564&wrkid=brt026640000001#showPicTop",
    "dbz1_pic": "http://img3.artron.net/artist/A0266400/small_brt026640000001.jpg",
    "dbz2_title": "《梅开五福竹报平安》",
    "dbz2_page": "http://nanlingmei.artron.net/main.php?pFlag=exhibi_2&aid=A0266400&cate=20564&wrkid=brt026640000002#showPicTop",
    "dbz2_pic": "http://img3.artron.net/artist/A0266400/small_brt026640000002.jpg",
    "dbz3_title": "《清晖不厌多》",
    "dbz3_page": "http://nanlingmei.artron.net/main.php?pFlag=exhibi_2&aid=A0266400&cate=20564&wrkid=brt026640000003#showPicTop",
    "dbz3_pic": "http://img3.artron.net/artist/A0266400/small_brt026640000003.jpg"
}