{
    "name": "刘岳琥",
    "artist_pic": "imgs/loading.gif",
    "artist_info1": "籍贯地区：浙江杭州",
    "artist_info2": "所属类别：国画",
    "artist_info3": "毕业院校：其它学校",
    "dbz1_title": "白云堆絮拥青峰",
    "dbz1_page": "http://liuyuehu.artron.net/works_detail_brt026265500001",
    "dbz1_pic": "http://img3.artron.net/artist/A0262655/small_brt026265500001.jpg",
    "dbz2_title": "白云生处野人家",
    "dbz2_page": "http://liuyuehu.artron.net/works_detail_brt026265500002",
    "dbz2_pic": "http://img3.artron.net/artist/A0262655/small_brt026265500002.jpg",
    "dbz3_title": "版纳寻幽",
    "dbz3_page": "http://liuyuehu.artron.net/works_detail_brt026265500003",
    "dbz3_pic": "http://img3.artron.net/artist/A0262655/small_brt026265500003.jpg"
}