{
    "name": "刘世江",
    "artist_pic": "imgs/loading.gif",
    "artist_info1": "籍贯地区：山东省",
    "artist_info2": "所属类别：油画",
    "artist_info3": "毕业院校：中国美术学院",
    "dbz1_title": "《迷路的小狗》",
    "dbz1_page": "http://artist.artron.net/yishujia0264935/2-60877.html",
    "dbz1_pic": "http://img10.artimg.net/newart/2014/1111/1415674325_554833.JPG.small.jpg",
    "dbz2_title": "《栓牛图》",
    "dbz2_page": "http://artist.artron.net/yishujia0264935/2-60723.html",
    "dbz2_pic": "http://img10.artimg.net/newart/2014/1110/1415609318_320820.JPG.small.jpg",
    "dbz3_title": "《菊花青》",
    "dbz3_page": "http://artist.artron.net/yishujia0264935/2-60722.html",
    "dbz3_pic": "http://img10.artimg.net/newart/2014/1110/1415609184_292138.JPG.small.jpg"
}