{
    "name": "刘国泰",
    "artist_pic": "imgs/loading.gif",
    "artist_info1": "籍贯地区：",
    "artist_info2": "所属类别：油画",
    "artist_info3": "毕业院校：",
    "dbz1_title": "布什",
    "dbz1_page": "http://liuguotai.artron.net/works_detail_brt026073800004",
    "dbz1_pic": "http://img5.artron.net/artist/A0260738/small_brt026073800004.jpg",
    "dbz2_title": "世纪婚殿",
    "dbz2_page": "http://liuguotai.artron.net/works_detail_brt026073800007",
    "dbz2_pic": "http://img5.artron.net/artist/A0260738/small_brt026073800007.jpg",
    "dbz3_title": "抽象画",
    "dbz3_page": "http://liuguotai.artron.net/works_detail_brt026073800008",
    "dbz3_pic": "http://img5.artron.net/artist/A0260738/small_brt026073800008.jpg"
}