{
    "name": "刘军利",
    "artist_pic": "imgs/loading.gif",
    "artist_info1": "籍贯地区：吉林",
    "artist_info2": "所属类别：国画",
    "artist_info3": "毕业院校：西安美术学院",
    "dbz1_title": "丹巴丽人",
    "dbz1_page": "http://liujunli.artron.net/works_detail_brt026098000001",
    "dbz1_pic": "http://img3.artron.net/artist/A0260980/small_brt026098000001.jpg",
    "dbz2_title": "那时花开",
    "dbz2_page": "http://liujunli.artron.net/works_detail_brt026098000002",
    "dbz2_pic": "http://img3.artron.net/artist/A0260980/small_brt026098000002.jpg",
    "dbz3_title": "且听风吟",
    "dbz3_page": "http://liujunli.artron.net/works_detail_brt026098000003",
    "dbz3_pic": "http://img3.artron.net/artist/A0260980/small_brt026098000003.jpg"
}