{
    "name": "卓国森",
    "artist_pic": "imgs/loading.gif",
    "artist_info1": "籍贯地区：",
    "artist_info2": "所属类别：雕塑",
    "artist_info3": "毕业院校：其他学校",
    "dbz1_title": "澳门综艺馆大门（1）",
    "dbz1_page": "http://zhuoguosen.artron.net/works_detail_brt020557600001",
    "dbz1_pic": "http://img3.artron.net/artist/A0205576/small_brt020557600001.jpg",
    "dbz2_title": "澳门综艺馆大门（2）",
    "dbz2_page": "http://zhuoguosen.artron.net/works_detail_brt020557600002",
    "dbz2_pic": "http://img3.artron.net/artist/A0205576/small_brt020557600002.jpg",
    "dbz3_title": "带操",
    "dbz3_page": "http://zhuoguosen.artron.net/works_detail_brt020557600003",
    "dbz3_pic": "http://img3.artron.net/artist/A0205576/small_brt020557600003.jpg"
}