{
    "name": "何天泉",
    "artist_pic": "imgs/loading.gif",
    "artist_info1": "籍贯地区：四川重庆",
    "artist_info2": "所属类别：油画",
    "artist_info3": "毕业院校：新疆师范大学美术学院",
    "dbz1_title": "作品NO.1号",
    "dbz1_page": "http://hetianquan.artron.net/works_detail_brt000789900001",
    "dbz1_pic": "http://img4.artron.net/artist/A0007899/small_brt000789900001.jpg",
    "dbz2_title": "作品NO.2号",
    "dbz2_page": "http://hetianquan.artron.net/works_detail_brt000789900002",
    "dbz2_pic": "http://img4.artron.net/artist/A0007899/small_brt000789900002.jpg",
    "dbz3_title": "作品NO.3号",
    "dbz3_page": "http://hetianquan.artron.net/works_detail_brt000789900003",
    "dbz3_pic": "http://img4.artron.net/artist/A0007899/small_brt000789900003.jpg"
}