{
    "name": "党震",
    "artist_pic": "imgs/loading.gif",
    "artist_info1": "籍贯地区：山东济南",
    "artist_info2": "所属类别：国画",
    "artist_info3": "毕业院校：中央美术学院",
    "dbz1_title": "冬日里的阳光",
    "dbz1_page": "http://dangzhen.artron.net/works_detail_brt013694500154",
    "dbz1_pic": "http://img3.artron.net/artist/A0136945/small_brt013694500154.jpg",
    "dbz2_title": "冬天的风景",
    "dbz2_page": "http://dangzhen.artron.net/works_detail_brt013694500155",
    "dbz2_pic": "http://img3.artron.net/artist/A0136945/small_brt013694500155.jpg",
    "dbz3_title": "冬天的风景",
    "dbz3_page": "http://dangzhen.artron.net/works_detail_brt013694500156",
    "dbz3_pic": "http://img3.artron.net/artist/A0136945/small_brt013694500156.jpg"
}