{
    "name": "占山",
    "artist_pic": "imgs/loading.gif",
    "artist_info1": "籍贯地区：",
    "artist_info2": "所属类别：油画,当代艺术",
    "artist_info3": "毕业院校：其他学校",
    "dbz1_title": "高粱熟了",
    "dbz1_page": "http://zhanshan.artron.net/works_detail_BRT000000002048",
    "dbz1_pic": "http://img1.artron.net/artist/A0000099/small_brt0001630071.jpg",
    "dbz2_title": "老院",
    "dbz2_page": "http://zhanshan.artron.net/works_detail_BRT000000002049",
    "dbz2_pic": "http://img1.artron.net/artist/A0000099/small_brt0001630018.jpg",
    "dbz3_title": "灿烂田野",
    "dbz3_page": "http://zhanshan.artron.net/works_detail_BRT000000002050",
    "dbz3_pic": "http://img1.artron.net/artist/A0000099/small_brt0001630072.jpg"
}