{
    "name": "刘家华",
    "artist_pic": "imgs/loading.gif",
    "artist_info1": "籍贯地区：",
    "artist_info2": "所属类别：当代艺术",
    "artist_info3": "毕业院校：四川美术学院",
    "dbz1_title": "重返桃花源记001",
    "dbz1_page": "http://liujiahua.artron.net/works_detail_brt026245000056",
    "dbz1_pic": "http://img4.artron.net/artist/A0262450/small_brt026245000056.jpg",
    "dbz2_title": "重返桃花源记002",
    "dbz2_page": "http://liujiahua.artron.net/works_detail_brt026245000001",
    "dbz2_pic": "http://img2.artron.net/artist/A0262450/small_brt026245000001.jpg",
    "dbz3_title": "重返桃花源记003",
    "dbz3_page": "http://liujiahua.artron.net/works_detail_brt026245000002",
    "dbz3_pic": "http://img2.artron.net/artist/A0262450/small_brt026245000002.jpg"
}