{
    "name": "刘溢",
    "artist_pic": "imgs/loading.gif",
    "artist_info1": "籍贯地区：天津",
    "artist_info2": "所属类别：油画",
    "artist_info3": "毕业院校：中央美术学院",
    "dbz1_title": "另一位艺术家",
    "dbz1_page": "http://liuyi.artron.net/works_detail_brt026087000001",
    "dbz1_pic": "http://img2.artron.net/artist/A0260870/small_brt026087000001.jpg",
    "dbz2_title": "模特",
    "dbz2_page": "http://liuyi.artron.net/works_detail_brt026087000002",
    "dbz2_pic": "http://img2.artron.net/artist/A0260870/small_brt026087000002.jpg",
    "dbz3_title": "大卫",
    "dbz3_page": "http://liuyi.artron.net/works_detail_brt026087000003",
    "dbz3_pic": "http://img2.artron.net/artist/A0260870/small_brt026087000003.jpg"
}