{
    "name": "冯斌",
    "artist_pic": "imgs/loading.gif",
    "artist_info1": "籍贯地区：四川",
    "artist_info2": "所属类别：国画",
    "artist_info3": "毕业院校：四川美术学院",
    "dbz1_title": "2006-6",
    "dbz1_page": "http://fengbin.artron.net/works_detail_BRT000000017952",
    "dbz1_pic": "http://img1.artron.net/artist/A0007389/small_brt0006190024.jpg",
    "dbz2_title": "2002-18",
    "dbz2_page": "http://fengbin.artron.net/works_detail_BRT000000017945",
    "dbz2_pic": "http://img1.artron.net/artist/A0007389/small_brt0006190017.jpg",
    "dbz3_title": "2006-7",
    "dbz3_page": "http://fengbin.artron.net/works_detail_brt0006190025",
    "dbz3_pic": "http://img1.artron.net/artist/A0007389/small_brt0006190025.jpg"
}