{
    "name": "余力茵",
    "artist_pic": "imgs/loading.gif",
    "artist_info1": "籍贯地区：",
    "artist_info2": "所属类别：油画,国画",
    "artist_info3": "毕业院校：其他学校",
    "dbz1_title": "风景（1）",
    "dbz1_page": "http://yuliyin.artron.net/works_detail_brt026234700001",
    "dbz1_pic": "http://img1.artron.net/artist/A0262347/small_brt026234700001.jpg",
    "dbz2_title": "风景（2）",
    "dbz2_page": "http://yuliyin.artron.net/works_detail_brt026234700002",
    "dbz2_pic": "http://img1.artron.net/artist/A0262347/small_brt026234700002.jpg",
    "dbz3_title": "风景（3）",
    "dbz3_page": "http://yuliyin.artron.net/works_detail_brt026234700003",
    "dbz3_pic": "http://img1.artron.net/artist/A0262347/small_brt026234700003.jpg"
}