{
    "name": "刘元寿",
    "artist_pic": "imgs/loading.gif",
    "artist_info1": "籍贯地区：北京市",
    "artist_info2": "所属类别：油画",
    "artist_info3": "毕业院校：首都师范大学",
    "dbz1_title": "再造4",
    "dbz1_page": "http://artist.artron.net/yishujia0266343/2-101518.html",
    "dbz1_pic": "http://img10.artimg.net/newart/2015/0418/1429358391_537715.jpg.small.jpg",
    "dbz2_title": "再造6",
    "dbz2_page": "http://artist.artron.net/yishujia0266343/2-101517.html",
    "dbz2_pic": "http://img10.artimg.net/newart/2015/0418/1429358314_963069.jpg.small.jpg",
    "dbz3_title": "催眠",
    "dbz3_page": "http://artist.artron.net/yishujia0266343/2-101516.html",
    "dbz3_pic": "http://img10.artimg.net/newart/2015/0418/1429358246_152264.jpg.small.jpg"
}