{
    "name": "冯放",
    "artist_pic": "imgs/loading.gif",
    "artist_info1": "籍贯地区：湖南省",
    "artist_info2": "所属类别：油画",
    "artist_info3": "毕业院校：北京电影学院",
    "dbz1_title": "鹤涌",
    "dbz1_page": "http://artist.artron.net/yishujia0266464/2-112475.html",
    "dbz1_pic": "http://img10.artimg.net/newart/2015/0529/1432862303_257751.jpg.small.jpg",
    "dbz2_title": "风声鹤唳1",
    "dbz2_page": "http://artist.artron.net/yishujia0266464/2-112474.html",
    "dbz2_pic": "http://img10.artimg.net/newart/2015/0529/1432861838_521391.jpg.small.jpg",
    "dbz3_title": "风声鹤唳2",
    "dbz3_page": "http://artist.artron.net/yishujia0266464/2-112472.html",
    "dbz3_pic": "http://img10.artimg.net/newart/2015/0529/1432861837_606045.jpg.small.jpg"
}