{
    "name": "凃克",
    "artist_pic": "imgs/loading.gif",
    "artist_info1": "籍贯地区：",
    "artist_info2": "所属类别：油画",
    "artist_info3": "毕业院校：",
    "dbz1_title": "魁星楼-红七军革命旧址",
    "dbz1_page": "http://tuke.artron.net/works_detail_BRT000000069036",
    "dbz1_pic": "http://img1.artron.net/artist/A0007067/small_brt0005750313.jpg",
    "dbz2_title": "村头",
    "dbz2_page": "http://tuke.artron.net/works_detail_BRT000000069037",
    "dbz2_pic": "http://img1.artron.net/artist/A0007067/small_brt0005750318.jpg",
    "dbz3_title": "小景",
    "dbz3_page": "http://tuke.artron.net/works_detail_BRT000000069297",
    "dbz3_pic": "http://img1.artron.net/artist/A0007067/small_brt0005750317.jpg"
}