{
    "name": "乐震文",
    "artist_pic": "imgs/loading.gif",
    "artist_info1": "籍贯地区：浙江镇海",
    "artist_info2": "所属类别：国画",
    "artist_info3": "毕业院校：其他学校",
    "dbz1_title": "安源（安源路矿工人大罢工）",
    "dbz1_page": "http://lezhenwen.artron.net/works_detail_brt013855800001",
    "dbz1_pic": "http://img1.artron.net/artist/A0138558/small_brt013855800001.jpg",
    "dbz2_title": "八路军总部王家峪旧址（山西武乡县城东部山区）",
    "dbz2_page": "http://lezhenwen.artron.net/works_detail_brt013855800002",
    "dbz2_pic": "http://img1.artron.net/artist/A0138558/small_brt013855800002.jpg",
    "dbz3_title": "百色（百色、龙州起义）",
    "dbz3_page": "http://lezhenwen.artron.net/works_detail_brt013855800003",
    "dbz3_pic": "http://img1.artron.net/artist/A0138558/small_brt013855800003.jpg"
}