{
    "name": "冯伟",
    "artist_pic": "imgs/loading.gif",
    "artist_info1": "籍贯地区：广东省",
    "artist_info2": "所属类别：国画",
    "artist_info3": "毕业院校：华南师范大学",
    "dbz1_title": "太行印象43",
    "dbz1_page": "http://artist.artron.net/yishujia0265768/2-70744.html",
    "dbz1_pic": "http://img10.artimg.net/newart/2014/1215/1418618848_219233.jpg.small.jpg",
    "dbz2_title": "婺源印象63",
    "dbz2_page": "http://artist.artron.net/yishujia0265768/2-70743.html",
    "dbz2_pic": "http://img10.artimg.net/newart/2014/1215/1418618748_382619.jpg.small.jpg",
    "dbz3_title": "婺源写生36",
    "dbz3_page": "http://artist.artron.net/yishujia0265768/2-70741.html",
    "dbz3_pic": "http://img10.artimg.net/newart/2014/1215/1418618606_732818.jpg.small.jpg"
}