{
    "name": "刘晟",
    "artist_pic": "imgs/loading.gif",
    "artist_info1": "籍贯地区：",
    "artist_info2": "所属类别：油画",
    "artist_info3": "毕业院校：广州美术学院",
    "dbz1_title": "玻璃匠",
    "dbz1_page": "http://liusheng.artron.net/works_detail_brt025974800001",
    "dbz1_pic": "http://img5.artron.net/artist/A0259748/small_brt025974800001.jpg",
    "dbz2_title": "茶几前的女孩",
    "dbz2_page": "http://liusheng.artron.net/works_detail_brt025974800002",
    "dbz2_pic": "http://img5.artron.net/artist/A0259748/small_brt025974800002.jpg",
    "dbz3_title": "春天看不见的风景",
    "dbz3_page": "http://liusheng.artron.net/works_detail_brt025974800003",
    "dbz3_pic": "http://img5.artron.net/artist/A0259748/small_brt025974800003.jpg"
}