{
    "name": "何百明",
    "artist_pic": "imgs/loading.gif",
    "artist_info1": "籍贯地区：江苏省",
    "artist_info2": "所属类别：国画",
    "artist_info3": "毕业院校：上海大学美术学院",
    "dbz1_title": "鸟语花香",
    "dbz1_page": "http://artist.artron.net/yishujia0266007/2-59066.html",
    "dbz1_pic": "http://img10.artimg.net/newart/2014/1105/1415200334_733748.jpg.small.jpg",
    "dbz2_title": "绿色时光 ",
    "dbz2_page": "http://artist.artron.net/yishujia0266007/2-59065.html",
    "dbz2_pic": "http://img10.artimg.net/newart/2014/1105/1415200328_180733.jpg.small.jpg",
    "dbz3_title": "丰收时节",
    "dbz3_page": "http://artist.artron.net/yishujia0266007/2-59064.html",
    "dbz3_pic": "http://img10.artimg.net/newart/2014/1105/1415200322_510640.jpg.small.jpg"
}