{
    "name": "傅蕾蕾",
    "artist_pic": "imgs/loading.gif",
    "artist_info1": "籍贯地区：",
    "artist_info2": "所属类别：国画",
    "artist_info3": "毕业院校：其他学校",
    "dbz1_title": "作品001",
    "dbz1_page": "http://fuleilei.artron.net/main.php?pFlag=exhibi_2&aid=A0263065&cate=18496&wrkid=brt026306500001#showPicTop",
    "dbz1_pic": "http://img3.artron.net/artist/A0263065/small_brt026306500001.jpg",
    "dbz2_title": "作品002",
    "dbz2_page": "http://fuleilei.artron.net/main.php?pFlag=exhibi_2&aid=A0263065&cate=18496&wrkid=brt026306500002#showPicTop",
    "dbz2_pic": "http://img3.artron.net/artist/A0263065/small_brt026306500002.jpg",
    "dbz3_title": "作品003",
    "dbz3_page": "http://fuleilei.artron.net/main.php?pFlag=exhibi_2&aid=A0263065&cate=18496&wrkid=brt026306500003#showPicTop",
    "dbz3_pic": "http://img3.artron.net/artist/A0263065/small_brt026306500003.jpg"
}