{
    "name": "傅松华",
    "artist_pic": "imgs/loading.gif",
    "artist_info1": "籍贯地区：福建",
    "artist_info2": "所属类别：国画",
    "artist_info3": "毕业院校：福州大学工艺美术学院",
    "dbz1_title": "趋之一",
    "dbz1_page": "http://fusonghua.artron.net/works_detail_brt026180500001",
    "dbz1_pic": "http://img1.artron.net/artist/A0261805/small_brt026180500001.jpg",
    "dbz2_title": "趋之二",
    "dbz2_page": "http://fusonghua.artron.net/works_detail_brt026180500002",
    "dbz2_pic": "http://img1.artron.net/artist/A0261805/small_brt026180500002.jpg",
    "dbz3_title": "趋之三",
    "dbz3_page": "http://fusonghua.artron.net/works_detail_brt026180500003",
    "dbz3_pic": "http://img2.artron.net/artist/A0261805/small_brt026180500003.jpg"
}