{
    "name": "万德银",
    "artist_pic": "imgs/loading.gif",
    "artist_info1": "籍贯地区：",
    "artist_info2": "所属类别：国画",
    "artist_info3": "毕业院校：其他学校",
    "dbz1_title": "2015年冰山印象137cmX69cm",
    "dbz1_page": "http://artist.artron.net/yishujia0213476/2-110724.html",
    "dbz1_pic": "http://img10.artimg.net/newart/2015/0522/1432258452_533159.jpg.small.jpg",
    "dbz2_title": "2015年风雨蒙蒙137cmX69cm",
    "dbz2_page": "http://artist.artron.net/yishujia0213476/2-110723.html",
    "dbz2_pic": "http://img10.artimg.net/newart/2015/0522/1432258449_268830.jpg.small.jpg",
    "dbz3_title": "2015年江山独舟137cmX34cm",
    "dbz3_page": "http://artist.artron.net/yishujia0213476/2-110722.html",
    "dbz3_pic": "http://img10.artimg.net/newart/2015/0522/1432258447_410530.jpg.small.jpg"
}