{
    "name": "于明",
    "artist_pic": "imgs/loading.gif",
    "artist_info1": "籍贯地区：河北省",
    "artist_info2": "所属类别：国画",
    "artist_info3": "毕业院校：中国国家画院梁占岩高...",
    "dbz1_title": "闲凝春赏",
    "dbz1_page": "http://artist.artron.net/yishujia0263412/2-45301.html",
    "dbz1_pic": "http://img10.artimg.net/newart/2014/0919/1411095807_421955.jpg.small.jpg",
    "dbz2_title": "四条屏",
    "dbz2_page": "http://artist.artron.net/yishujia0263412/2-45300.html",
    "dbz2_pic": "http://img10.artimg.net/newart/2014/0919/1411095802_205737.jpg.small.jpg",
    "dbz3_title": "古艳清幽",
    "dbz3_page": "http://artist.artron.net/yishujia0263412/2-45299.html",
    "dbz3_pic": "http://img10.artimg.net/newart/2014/0919/1411095799_609701.jpg.small.jpg"
}