{
    "name": "刘俊京",
    "artist_pic": "imgs/loading.gif",
    "artist_info1": "籍贯地区：北京市",
    "artist_info2": "所属类别：书法",
    "artist_info3": "毕业院校：中国美术学院",
    "dbz1_title": "佛道001",
    "dbz1_page": "http://liujunjing.artron.net/works_detail_brt026314800001",
    "dbz1_pic": "http://img5.artron.net/artist/A0263148/small_brt026314800001.jpg",
    "dbz2_title": "佛道002",
    "dbz2_page": "http://liujunjing.artron.net/works_detail_brt026314800002",
    "dbz2_pic": "http://img5.artron.net/artist/A0263148/small_brt026314800002.jpg",
    "dbz3_title": "佛道003",
    "dbz3_page": "http://liujunjing.artron.net/works_detail_brt026314800003",
    "dbz3_pic": "http://img5.artron.net/artist/A0263148/small_brt026314800003.jpg"
}