{
    "name": "劳伟",
    "artist_pic": "imgs/loading.gif",
    "artist_info1": "籍贯地区：浙江余姚",
    "artist_info2": "所属类别：书法",
    "artist_info3": "毕业院校：其他学校",
    "dbz1_title": "似在东篱",
    "dbz1_page": "http://laowei.artron.net/works_detail_brt026170200185",
    "dbz1_pic": "http://img3.artron.net/artist/A0261702/small_brt026170200185.jpg",
    "dbz2_title": "紫云莺啭动吾心",
    "dbz2_page": "http://laowei.artron.net/works_detail_brt026170200186",
    "dbz2_pic": "http://img3.artron.net/artist/A0261702/small_brt026170200186.jpg",
    "dbz3_title": "乾坤清气",
    "dbz3_page": "http://laowei.artron.net/works_detail_brt026170200187",
    "dbz3_pic": "http://img3.artron.net/artist/A0261702/small_brt026170200187.jpg"
}