{
    "name": "冯大彪",
    "artist_pic": "imgs/loading.gif",
    "artist_info1": "籍贯地区：河北蠡县",
    "artist_info2": "所属类别：书法",
    "artist_info3": "毕业院校：其他学校",
    "dbz1_title": "毛泽东词《卜算子咏梅》",
    "dbz1_page": "http://artist.artron.net/yishujia0208865/2-63336.html",
    "dbz1_pic": "http://img10.artimg.net/newart/2014/1119/1416382284_619066.JPG.small.jpg",
    "dbz2_title": "易经",
    "dbz2_page": "http://artist.artron.net/yishujia0208865/2-63328.html",
    "dbz2_pic": "http://img10.artimg.net/newart/2014/1119/1416381584_227661.JPG.small.jpg",
    "dbz3_title": "山居秋暝",
    "dbz3_page": "http://artist.artron.net/yishujia0208865/2-63327.html",
    "dbz3_pic": "http://img10.artimg.net/newart/2014/1119/1416381577_557566.JPG.small.jpg"
}