{
    "name": "任星航",
    "artist_pic": "imgs/loading.gif",
    "artist_info1": "籍贯地区：河南省",
    "artist_info2": "所属类别：当代艺术",
    "artist_info3": "毕业院校：其他学校",
    "dbz1_title": "笔筒",
    "dbz1_page": "http://renxinghang.artron.net/works_detail_brt026148400001",
    "dbz1_pic": "http://img4.artron.net/artist/A0261484/small_brt026148400001.jpg",
    "dbz2_title": "螭虎罐",
    "dbz2_page": "http://renxinghang.artron.net/works_detail_brt026148400002",
    "dbz2_pic": "http://img4.artron.net/artist/A0261484/small_brt026148400002.jpg",
    "dbz3_title": "螭虎罐2",
    "dbz3_page": "http://renxinghang.artron.net/works_detail_brt026148400003",
    "dbz3_pic": "http://img4.artron.net/artist/A0261484/small_brt026148400003.jpg"
}