{
    "name": "卢云峰",
    "artist_pic": "imgs/loading.gif",
    "artist_info1": "籍贯地区：重庆",
    "artist_info2": "所属类别：工艺美术家",
    "artist_info3": "毕业院校：其它学校",
    "dbz1_title": "钟馗嫁妹\n",
    "dbz1_page": "http://artist.artron.net/yishujia0262549/2-16622.html",
    "dbz1_pic": "http://img10.artimg.net/newart/2014/0702/1404265083_758451.jpg.small.jpg",
    "dbz2_title": "知音\n",
    "dbz2_page": "http://artist.artron.net/yishujia0262549/2-16621.html",
    "dbz2_pic": "http://img10.artimg.net/newart/2014/0702/1404265083_988094.jpg.small.jpg",
    "dbz3_title": "雨巷\n",
    "dbz3_page": "http://artist.artron.net/yishujia0262549/2-16620.html",
    "dbz3_pic": "http://img10.artimg.net/newart/2014/0702/1404265082_778796.jpg.small.jpg"
}