{
    "name": "余国庆",
    "artist_pic": "imgs/loading.gif",
    "artist_info1": "籍贯地区：广东省",
    "artist_info2": "所属类别：国画",
    "artist_info3": "毕业院校：广州美术学院",
    "dbz1_title": "《红木》之一",
    "dbz1_page": "http://artist.artron.net/yishujia0265800/2-108532.html",
    "dbz1_pic": "http://img10.artimg.net/newart/2015/0513/1431506175_822234.jpg.small.jpg",
    "dbz2_title": "《红木》之二",
    "dbz2_page": "http://artist.artron.net/yishujia0265800/2-108531.html",
    "dbz2_pic": "http://img10.artimg.net/newart/2015/0513/1431506168_119506.jpg.small.jpg",
    "dbz3_title": "闲着",
    "dbz3_page": "http://artist.artron.net/yishujia0265800/2-108530.html",
    "dbz3_pic": "http://img10.artimg.net/newart/2015/0513/1431506155_511007.jpg.small.jpg"
}