{
    "name": "冯祥云",
    "artist_pic": "imgs/loading.gif",
    "artist_info1": "籍贯地区：上海市",
    "artist_info2": "所属类别：国画",
    "artist_info3": "毕业院校：上海师范大学美术学院",
    "dbz1_title": "《云深不知处》",
    "dbz1_page": "http://artist.artron.net/yishujia0266339/2-113563.html",
    "dbz1_pic": "http://img10.artimg.net/newart/2015/0603/1433303650_325468.JPG.small.jpg",
    "dbz2_title": "《祥云出岫》",
    "dbz2_page": "http://artist.artron.net/yishujia0266339/2-113562.html",
    "dbz2_pic": "http://img10.artimg.net/newart/2015/0603/1433303617_757955.JPG.small.jpg",
    "dbz3_title": "《露浓山气冷》",
    "dbz3_page": "http://artist.artron.net/yishujia0266339/2-113561.html",
    "dbz3_pic": "http://img10.artimg.net/newart/2015/0603/1433303579_728722.JPG.small.jpg"
}