{
    "name": "卢昊",
    "artist_pic": "imgs/loading.gif",
    "artist_info1": "籍贯地区：北京",
    "artist_info2": "所属类别：摄影,油画",
    "artist_info3": "毕业院校：中央美术学院",
    "dbz1_title": "花鸟虫鱼油画001",
    "dbz1_page": "http://luhao.artron.net/works_detail_brt000627000037",
    "dbz1_pic": "http://img2.artron.net/artist/A0006270/small_brt000627000037.jpg",
    "dbz2_title": "花鸟虫鱼油画002",
    "dbz2_page": "http://luhao.artron.net/works_detail_brt000627000039",
    "dbz2_pic": "http://img2.artron.net/artist/A0006270/small_brt000627000039.jpg",
    "dbz3_title": "花鸟虫鱼油画003",
    "dbz3_page": "http://luhao.artron.net/works_detail_brt000627000040",
    "dbz3_pic": "http://img2.artron.net/artist/A0006270/small_brt000627000040.jpg"
}