{
    "name": "刘石林",
    "artist_pic": "imgs/loading.gif",
    "artist_info1": "籍贯地区：上海",
    "artist_info2": "所属类别：油画",
    "artist_info3": "毕业院校：苏州大学",
    "dbz1_title": "繁密的白桦林",
    "dbz1_page": "http://liushilin.artron.net/works_detail_brt026186900095",
    "dbz1_pic": "http://img3.artron.net/artist/A0261869/small_brt026186900095.jpg",
    "dbz2_title": "红山梯田",
    "dbz2_page": "http://liushilin.artron.net/works_detail_brt026186900098",
    "dbz2_pic": "http://img1.artron.net/artist/A0261869/small_brt026186900098.jpg",
    "dbz3_title": "胡杨",
    "dbz3_page": "http://liushilin.artron.net/works_detail_brt026186900100",
    "dbz3_pic": "http://img2.artron.net/artist/A0261869/small_brt026186900100.jpg"
}