{
    "name": "叶剑青",
    "artist_pic": "imgs/loading.gif",
    "artist_info1": "籍贯地区：浙江",
    "artist_info2": "所属类别：油画",
    "artist_info3": "毕业院校：中央美术学院",
    "dbz1_title": "城市山水作品001",
    "dbz1_page": "http://yejianqing.artron.net/works_detail_brt0003710002",
    "dbz1_pic": "http://img3.artron.net/artist/A0005015/small_brt0003710002.jpg",
    "dbz2_title": "城市山水作品002",
    "dbz2_page": "http://yejianqing.artron.net/works_detail_brt0003710003",
    "dbz2_pic": "http://img1.artron.net/artist/A0005015/small_brt0003710003.jpg",
    "dbz3_title": "城市山水作品003",
    "dbz3_page": "http://yejianqing.artron.net/works_detail_brt0003710004",
    "dbz3_pic": "http://img2.artron.net/artist/A0005015/small_brt0003710004.jpg"
}