{
    "name": "刘艺东",
    "artist_pic": "imgs/loading.gif",
    "artist_info1": "籍贯地区：山东",
    "artist_info2": "所属类别：国画",
    "artist_info3": "毕业院校：其他学校",
    "dbz1_title": "四大皆空",
    "dbz1_page": "http://liuyidong.artron.net/works_detail_brt025968100001",
    "dbz1_pic": "http://img1.artron.net/artist/A0259681/small_brt025968100001.jpg",
    "dbz2_title": "春有百花",
    "dbz2_page": "http://liuyidong.artron.net/works_detail_brt025968100002",
    "dbz2_pic": "http://img1.artron.net/artist/A0259681/small_brt025968100002.jpg",
    "dbz3_title": "清醒灵明自在行",
    "dbz3_page": "http://liuyidong.artron.net/works_detail_brt025968100003",
    "dbz3_pic": "http://img1.artron.net/artist/A0259681/small_brt025968100003.jpg"
}