{
    "name": "刘孔喜",
    "artist_pic": "imgs/loading.gif",
    "artist_info1": "籍贯地区：河北",
    "artist_info2": "所属类别：油画,北京写实画派",
    "artist_info3": "毕业院校：鲁迅美术学院",
    "dbz1_title": "烤包子^_^Roast Stuffed Bun",
    "dbz1_page": "http://liukongxi.artron.net/works_detail_brt000021600099",
    "dbz1_pic": "http://img5.artron.net/artist/A0000216/small_brt000021600099.jpg",
    "dbz2_title": "青春纪事之廿二——今夕是何年",
    "dbz2_page": "http://liukongxi.artron.net/works_detail_brt000021600655",
    "dbz2_pic": "http://img3.artron.net/artist/A0000216/small_brt000021600655.jpg",
    "dbz3_title": "青春纪事之廿一——惊扰",
    "dbz3_page": "http://liukongxi.artron.net/works_detail_brt000021600654",
    "dbz3_pic": "http://img5.artron.net/artist/A0000216/small_brt000021600654.jpg"
}