{
    "name": "任逸",
    "artist_pic": "imgs/loading.gif",
    "artist_info1": "籍贯地区：河南省",
    "artist_info2": "所属类别：国画",
    "artist_info3": "毕业院校：天津美术学院",
    "dbz1_title": "山水",
    "dbz1_page": "http://artist.artron.net/yishujia0263189/2-46629.html",
    "dbz1_pic": "http://img10.artimg.net/newart/2014/0925/1411615629_113971.JPG.small.jpg",
    "dbz2_title": "山水",
    "dbz2_page": "http://artist.artron.net/yishujia0263189/2-46628.html",
    "dbz2_pic": "http://img10.artimg.net/newart/2014/0925/1411615607_201239.JPG.small.jpg",
    "dbz3_title": "山水",
    "dbz3_page": "http://artist.artron.net/yishujia0263189/2-46627.html",
    "dbz3_pic": "http://img10.artimg.net/newart/2014/0925/1411615590_564072.JPG.small.jpg"
}