{
    "name": "刘旦宅",
    "artist_pic": "imgs/loading.gif",
    "artist_info1": "籍贯地区：浙江温州",
    "artist_info2": "所属类别：国画,海上画派",
    "artist_info3": "毕业院校：其他学校",
    "dbz1_title": "听松观瀑图",
    "dbz1_page": "http://liudanzhai.artron.net/works_detail_BRT000000001914",
    "dbz1_pic": "http://img1.artron.net/artist/A0000090/small_brt0001470001.jpg",
    "dbz2_title": "黛玉葬花",
    "dbz2_page": "http://liudanzhai.artron.net/works_detail_BRT000000001915",
    "dbz2_pic": "http://img1.artron.net/artist/A0000090/small_brt0001470020.jpg",
    "dbz3_title": "五湖泛舟图",
    "dbz3_page": "http://liudanzhai.artron.net/works_detail_BRT000000001916",
    "dbz3_pic": "http://img1.artron.net/artist/A0000090/small_brt0001470002.jpg"
}