{
    "name": "刘志懿",
    "artist_pic": "imgs/loading.gif",
    "artist_info1": "籍贯地区：",
    "artist_info2": "所属类别：国画,油画,雕塑,当代艺...",
    "artist_info3": "毕业院校：中央美术学院",
    "dbz1_title": "普塞克(局部一)",
    "dbz1_page": "http://liuzhiyi.artron.net/works_detail_brt000637900001",
    "dbz1_pic": "http://img4.artron.net/artist/A0006379/small_brt000637900001.jpg",
    "dbz2_title": "普塞克(局部二)",
    "dbz2_page": "http://liuzhiyi.artron.net/works_detail_brt000637900002",
    "dbz2_pic": "http://img4.artron.net/artist/A0006379/small_brt000637900002.jpg",
    "dbz3_title": "普塞克(局部三)",
    "dbz3_page": "http://liuzhiyi.artron.net/works_detail_brt000637900003",
    "dbz3_pic": "http://img4.artron.net/artist/A0006379/small_brt000637900003.jpg"
}