{
    "name": "余险峰",
    "artist_pic": "imgs/loading.gif",
    "artist_info1": "籍贯地区：福建",
    "artist_info2": "所属类别：书法",
    "artist_info3": "毕业院校：其它学校",
    "dbz1_title": "水墨黄山中堂配联",
    "dbz1_page": "http://yuxianfeng.artron.net/main.php?pFlag=exhibi_2&aid=A0263186&cate=17407&wrkid=brt026318600001#showPicTop",
    "dbz1_pic": "http://img5.artron.net/artist/A0263186/small_brt026318600001.jpg",
    "dbz2_title": "墨梅中堂配联",
    "dbz2_page": "http://yuxianfeng.artron.net/main.php?pFlag=exhibi_2&aid=A0263186&cate=17309&wrkid=brt026318600002#showPicTop",
    "dbz2_pic": "http://img5.artron.net/artist/A0263186/small_brt026318600002.jpg",
    "dbz3_title": "朱砂四君子",
    "dbz3_page": "http://yuxianfeng.artron.net/main.php?pFlag=exhibi_2&aid=A0263186&cate=17309&wrkid=brt026318600003#showPicTop",
    "dbz3_pic": "http://img5.artron.net/artist/A0263186/small_brt026318600003.jpg"
}