{
    "name": "严家宽",
    "artist_pic": "imgs/loading.gif",
    "artist_info1": "籍贯地区：湖北",
    "artist_info2": "所属类别：国画",
    "artist_info3": "毕业院校：湖北艺术学院、武汉师...",
    "dbz1_title": "大河奔流",
    "dbz1_page": "http://yanjiakuan.artron.net/works_detail_brt026138400001",
    "dbz1_pic": "http://img3.artron.net/artist/A0261384/small_brt026138400001.jpg",
    "dbz2_title": "五指山印象",
    "dbz2_page": "http://yanjiakuan.artron.net/works_detail_brt026138400002",
    "dbz2_pic": "http://img3.artron.net/artist/A0261384/small_brt026138400002.jpg",
    "dbz3_title": "傍晚",
    "dbz3_page": "http://yanjiakuan.artron.net/works_detail_brt026138400003",
    "dbz3_pic": "http://img3.artron.net/artist/A0261384/small_brt026138400003.jpg"
}