{
    "name": "刘晓钟",
    "artist_pic": "imgs/loading.gif",
    "artist_info1": "籍贯地区：",
    "artist_info2": "所属类别：油画,水粉水彩",
    "artist_info3": "毕业院校：其他学校",
    "dbz1_title": "姮娥悔偷药，相伴只玉兔。应是人间好，夜夜西窗烛。",
    "dbz1_page": "http://liuxiaozhong.artron.net/works_detail_brt025962600001",
    "dbz1_pic": "http://img1.artron.net/artist/A0259626/small_brt025962600001.jpg",
    "dbz2_title": "背",
    "dbz2_page": "http://liuxiaozhong.artron.net/works_detail_brt025962600002",
    "dbz2_pic": "http://img1.artron.net/artist/A0259626/small_brt025962600002.jpg",
    "dbz3_title": "碧潭起鹭影，层林招鹤梦。识得静中缘，心溶此灵空。",
    "dbz3_page": "http://liuxiaozhong.artron.net/works_detail_brt025962600003",
    "dbz3_pic": "http://img1.artron.net/artist/A0259626/small_brt025962600003.jpg"
}