{
    "name": "刘拥",
    "artist_pic": "imgs/loading.gif",
    "artist_info1": "籍贯地区：",
    "artist_info2": "所属类别：国画,油画",
    "artist_info3": "毕业院校：新疆大学",
    "dbz1_title": "九驼踏春图",
    "dbz1_page": "http://liuyong.artron.net/works_detail_brt026226200001",
    "dbz1_pic": "http://img5.artron.net/artist/A0262262/small_brt026226200001.jpg",
    "dbz2_title": "原上驼鸣金叶飘",
    "dbz2_page": "http://liuyong.artron.net/works_detail_brt026226200002",
    "dbz2_pic": "http://img5.artron.net/artist/A0262262/small_brt026226200002.jpg",
    "dbz3_title": "驼趣",
    "dbz3_page": "http://liuyong.artron.net/works_detail_brt026226200003",
    "dbz3_pic": "http://img5.artron.net/artist/A0262262/small_brt026226200003.jpg"
}