{
    "name": "付爱民",
    "artist_pic": "imgs/loading.gif",
    "artist_info1": "籍贯地区：辽宁省",
    "artist_info2": "所属类别：国画",
    "artist_info3": "毕业院校：其他学校",
    "dbz1_title": "玉箫美人图",
    "dbz1_page": "http://artist.artron.net/yishujia0263023/2-5154.html",
    "dbz1_pic": "http://img10.artimg.net/newart/2014/0509/1399626597_989525.jpg.small.jpg",
    "dbz2_title": "观音大士",
    "dbz2_page": "http://artist.artron.net/yishujia0263023/2-5153.html",
    "dbz2_pic": "http://img10.artimg.net/newart/2014/0509/1399626434_424902.jpg.small.jpg",
    "dbz3_title": "尊者图",
    "dbz3_page": "http://artist.artron.net/yishujia0263023/2-5152.html",
    "dbz3_pic": "http://img10.artimg.net/newart/2014/0509/1399626141_797065.jpg.small.jpg"
}