{
    "name": "刘晓第",
    "artist_pic": "imgs/loading.gif",
    "artist_info1": "籍贯地区：",
    "artist_info2": "所属类别：油画",
    "artist_info3": "毕业院校：首都师范大学绘画及艺...",
    "dbz1_title": "抗金兵",
    "dbz1_page": "http://liuxiaodi.artron.net/works_detail_brt026214900033",
    "dbz1_pic": "http://img1.artron.net/artist/A0262149/small_brt026214900033.jpg",
    "dbz2_title": "四大名旦之一 程砚秋",
    "dbz2_page": "http://liuxiaodi.artron.net/works_detail_brt026214900014",
    "dbz2_pic": "http://img5.artron.net/artist/A0262149/small_brt026214900014.jpg",
    "dbz3_title": "四大名旦之一 尚小云",
    "dbz3_page": "http://liuxiaodi.artron.net/works_detail_brt026214900015",
    "dbz3_pic": "http://img5.artron.net/artist/A0262149/small_brt026214900015.jpg"
}