{
    "name": "何惠玲",
    "artist_pic": "imgs/loading.gif",
    "artist_info1": "籍贯地区：广东省",
    "artist_info2": "所属类别：国画",
    "artist_info3": "毕业院校：广州美术学院",
    "dbz1_title": "空空的想法——尺寸62X75 cm－2013-06-综合版画 ",
    "dbz1_page": "http://artist.artron.net/yishujia0266469/2-117106.html",
    "dbz1_pic": "http://img10.artimg.net/newart/2015/0612/1434042946_983950.jpg.small.jpg",
    "dbz2_title": " 时间线 木刻版画／综合媒材 2014",
    "dbz2_page": "http://artist.artron.net/yishujia0266469/2-117105.html",
    "dbz2_pic": "http://img10.artimg.net/newart/2015/0612/1434041945_568293.jpg.small.jpg",
    "dbz3_title": " 时间线 木刻版画／综合媒材 2014",
    "dbz3_page": "http://artist.artron.net/yishujia0266469/2-117104.html",
    "dbz3_pic": "http://img10.artimg.net/newart/2015/0612/1434041832_845317.jpg.small.jpg"
}