{
    "name": "卜希旸",
    "artist_pic": "imgs/loading.gif",
    "artist_info1": "籍贯地区：江苏",
    "artist_info2": "所属类别：书法",
    "artist_info3": "毕业院校：北京工艺美术学校",
    "dbz1_title": "草书《驰誉丹青》1",
    "dbz1_page": "http://buxiyang.artron.net/works_detail_brt021282700001",
    "dbz1_pic": "http://img2.artron.net/artist/A0212827/small_brt021282700001.jpg",
    "dbz2_title": "草书《驰誉丹青》2",
    "dbz2_page": "http://buxiyang.artron.net/works_detail_brt021282700002",
    "dbz2_pic": "http://img2.artron.net/artist/A0212827/small_brt021282700002.jpg",
    "dbz3_title": "草书《岩岫杳冥》",
    "dbz3_page": "http://buxiyang.artron.net/works_detail_brt021282700003",
    "dbz3_pic": "http://img2.artron.net/artist/A0212827/small_brt021282700003.jpg"
}