{
    "name": "俞畅",
    "artist_pic": "imgs/loading.gif",
    "artist_info1": "籍贯地区：",
    "artist_info2": "所属类别：雕塑",
    "artist_info3": "毕业院校：其他学校",
    "dbz1_title": "制皮箧的女人",
    "dbz1_page": "http://yuchang.artron.net/works_detail_brt026205400330",
    "dbz1_pic": "http://img5.artron.net/artist/A0262054/small_brt026205400330.jpg",
    "dbz2_title": "春风洋柳",
    "dbz2_page": "http://yuchang.artron.net/works_detail_brt026205400329",
    "dbz2_pic": "http://img2.artron.net/artist/A0262054/small_brt026205400329.jpg",
    "dbz3_title": "床家（藏家）",
    "dbz3_page": "http://yuchang.artron.net/works_detail_brt026205400328",
    "dbz3_pic": "http://img3.artron.net/artist/A0262054/small_brt026205400328.jpg"
}