{
    "name": "丁素玫",
    "artist_pic": "imgs/loading.gif",
    "artist_info1": "籍贯地区：河南省",
    "artist_info2": "所属类别：国画",
    "artist_info3": "毕业院校：西安美术学院",
    "dbz1_title": "《花卉小品-6》",
    "dbz1_page": "http://artist.artron.net/yishujia0266592/2-122068.html",
    "dbz1_pic": "http://img10.artimg.net/newart/2015/0702/1435846204_264882.jpg.small.jpg",
    "dbz2_title": "《花卉小品-1》",
    "dbz2_page": "http://artist.artron.net/yishujia0266592/2-121498.html",
    "dbz2_pic": "http://img10.artimg.net/newart/2015/0701/1435682723_566545.JPG.small.jpg",
    "dbz3_title": "《花卉小品-3》",
    "dbz3_page": "http://artist.artron.net/yishujia0266592/2-121497.html",
    "dbz3_pic": "http://img10.artimg.net/newart/2015/0701/1435682722_178462.JPG.small.jpg"
}