{
    "name": "QQ",
    "artist_pic": "imgs/loading.gif",
    "artist_info1": "籍贯地区：北京市",
    "artist_info2": "所属类别：书法",
    "artist_info3": "毕业院校：中国美术学院",
    "dbz1_title": "测试1",
    "dbz1_page": "http://artist.artron.net/yishujia0266199/2-84325.html",
    "dbz1_pic": "http://img10.artimg.net/newart/2015/0121/1421829857_988065.jpg.small.jpg",
    "dbz2_title": "测试2",
    "dbz2_page": "http://artist.artron.net/yishujia0266199/2-84324.html",
    "dbz2_pic": "http://img10.artimg.net/newart/2015/0121/1421829856_923621.jpg.small.jpg",
    "dbz3_title": "测试3",
    "dbz3_page": "http://artist.artron.net/yishujia0266199/2-84323.html",
    "dbz3_pic": "http://img10.artimg.net/newart/2015/0121/1421829855_736860.jpg.small.jpg"
}