{
    "name": "刘济荣",
    "artist_pic": "imgs/loading.gif",
    "artist_info1": "籍贯地区：广东省",
    "artist_info2": "所属类别：国画",
    "artist_info3": "毕业院校：其他学校",
    "dbz1_title": "藏民",
    "dbz1_page": "http://liujirong.artron.net/works_detail_brt000355900001",
    "dbz1_pic": "http://img3.artron.net/artist/A0003559/small_brt000355900001.jpg",
    "dbz2_title": "曹雪芹",
    "dbz2_page": "http://liujirong.artron.net/works_detail_brt000355900002",
    "dbz2_pic": "http://img3.artron.net/artist/A0003559/small_brt000355900002.jpg",
    "dbz3_title": "草原奔牧",
    "dbz3_page": "http://liujirong.artron.net/works_detail_brt000355900003",
    "dbz3_pic": "http://img3.artron.net/artist/A0003559/small_brt000355900003.jpg"
}