{
    "name": "刘玉君",
    "artist_pic": "imgs/loading.gif",
    "artist_info1": "籍贯地区：河北邯郸",
    "artist_info2": "所属类别：当代艺术",
    "artist_info3": "毕业院校：其他学校",
    "dbz1_title": "《27.不明液体》",
    "dbz1_page": "http://liuyujun.artron.net/works_detail_brt026162100001",
    "dbz1_pic": "http://img1.artron.net/artist/A0261621/small_brt026162100001.jpg",
    "dbz2_title": "2006A-4",
    "dbz2_page": "http://liuyujun.artron.net/works_detail_brt026162100002",
    "dbz2_pic": "http://img1.artron.net/artist/A0261621/small_brt026162100002.jpg",
    "dbz3_title": "2006A-11",
    "dbz3_page": "http://liuyujun.artron.net/works_detail_brt026162100003",
    "dbz3_pic": "http://img1.artron.net/artist/A0261621/small_brt026162100003.jpg"
}