{
    "name": "史春",
    "artist_pic": "imgs/loading.gif",
    "artist_info1": "籍贯地区：",
    "artist_info2": "所属类别：摄影",
    "artist_info3": "毕业院校：其它学校",
    "dbz1_title": "《东北集市》001",
    "dbz1_page": "http://shichun.artron.net/main.php?pFlag=exhibi_2&aid=A0266258&cate=19987&wrkid=brt026625800001#showPicTop",
    "dbz1_pic": "http://img5.artron.net/artist/A0266258/small_brt026625800001.jpg",
    "dbz2_title": "《东北集市》002",
    "dbz2_page": "http://shichun.artron.net/main.php?pFlag=exhibi_2&aid=A0266258&cate=19987&wrkid=brt026625800002#showPicTop",
    "dbz2_pic": "http://img5.artron.net/artist/A0266258/small_brt026625800002.jpg",
    "dbz3_title": "《东北集市》003",
    "dbz3_page": "http://shichun.artron.net/main.php?pFlag=exhibi_2&aid=A0266258&cate=19987&wrkid=brt026625800003#showPicTop",
    "dbz3_pic": "http://img5.artron.net/artist/A0266258/small_brt026625800003.jpg"
}