{
    "name": "卢景春",
    "artist_pic": "imgs/loading.gif",
    "artist_info1": "籍贯地区：山东省",
    "artist_info2": "所属类别：国画",
    "artist_info3": "毕业院校：中央美术学院",
    "dbz1_title": "作品欣赏",
    "dbz1_page": "http://artist.artron.net/yishujia0265456/2-45238.html",
    "dbz1_pic": "http://img10.artimg.net/newart/2014/0918/1411038813_646178.jpg.small.jpg",
    "dbz2_title": "作品欣赏",
    "dbz2_page": "http://artist.artron.net/yishujia0265456/2-45237.html",
    "dbz2_pic": "http://img10.artimg.net/newart/2014/0918/1411038772_336314.jpg.small.jpg",
    "dbz3_title": "作品欣赏",
    "dbz3_page": "http://artist.artron.net/yishujia0265456/2-45236.html",
    "dbz3_pic": "http://img10.artimg.net/newart/2014/0918/1411038757_123801.jpg.small.jpg"
}