{
    "name": "付子龙",
    "artist_pic": "imgs/loading.gif",
    "artist_info1": "籍贯地区：重庆市",
    "artist_info2": "所属类别：水粉水彩,国画",
    "artist_info3": "毕业院校：四川美术学院",
    "dbz1_title": "麻友会",
    "dbz1_page": "http://artist.artron.net/yishujia0266286/2-119801.html",
    "dbz1_pic": "http://img10.artimg.net/newart/2015/0622/1434941302_980811.JPG.small.jpg",
    "dbz2_title": "风雨中的长寿湖",
    "dbz2_page": "http://artist.artron.net/yishujia0266286/2-119800.html",
    "dbz2_pic": "http://img10.artimg.net/newart/2015/0622/1434941222_108153.JPG.small.jpg",
    "dbz3_title": "重大民主湖礼堂",
    "dbz3_page": "http://artist.artron.net/yishujia0266286/2-117130.html",
    "dbz3_pic": "http://img10.artimg.net/newart/2015/0612/1434073735_185997.jpg.small.jpg"
}