{
    "name": "刘守信",
    "artist_pic": "imgs/loading.gif",
    "artist_info1": "籍贯地区：",
    "artist_info2": "所属类别：国画",
    "artist_info3": "毕业院校：福建工艺美术学院",
    "dbz1_title": "锁翠",
    "dbz1_page": "http://liushouxin.artron.net/works_detail_brt026266800001",
    "dbz1_pic": "http://img1.artron.net/artist/A0262668/small_brt026266800001.jpg",
    "dbz2_title": "风吹谷响",
    "dbz2_page": "http://liushouxin.artron.net/works_detail_brt026266800002",
    "dbz2_pic": "http://img1.artron.net/artist/A0262668/small_brt026266800002.jpg",
    "dbz3_title": "万象峥嵘",
    "dbz3_page": "http://liushouxin.artron.net/works_detail_brt026266800003",
    "dbz3_pic": "http://img1.artron.net/artist/A0262668/small_brt026266800003.jpg"
}