{
    "name": "冯大中",
    "artist_pic": "imgs/loading.gif",
    "artist_info1": "籍贯地区：辽宁",
    "artist_info2": "所属类别：国画",
    "artist_info3": "毕业院校：其他学校",
    "dbz1_title": "远瞩",
    "dbz1_page": "http://fengdazhong.artron.net/works_detail_BRT000000001906",
    "dbz1_pic": "http://img1.artron.net/artist/A0000088/small_brt0001500002.jpg",
    "dbz2_title": "君临山野",
    "dbz2_page": "http://fengdazhong.artron.net/works_detail_BRT000000001908",
    "dbz2_pic": "http://img1.artron.net/artist/A0000088/small_brt0001500022.jpg",
    "dbz3_title": "在水之湄",
    "dbz3_page": "http://fengdazhong.artron.net/works_detail_brt000008800001",
    "dbz3_pic": "http://img1.artron.net/artist/A0000088/small_brt000008800001.jpg"
}