{
    "name": "刘远",
    "artist_pic": "imgs/loading.gif",
    "artist_info1": "籍贯地区：",
    "artist_info2": "所属类别：摄影",
    "artist_info3": "毕业院校：其他学校",
    "dbz1_title": "红色影像之旅 阿尔巴尼亚001",
    "dbz1_page": "http://lyuan.artron.net/main.php?pFlag=exhibi_2&aid=A0259878&cate=19962&wrkid=brt025987800001#showPicTop",
    "dbz1_pic": "http://img5.artron.net/artist/A0259878/small_brt025987800001.jpg",
    "dbz2_title": "红色影像之旅 阿尔巴尼亚002",
    "dbz2_page": "http://lyuan.artron.net/main.php?pFlag=exhibi_2&aid=A0259878&cate=19962&wrkid=brt025987800002#showPicTop",
    "dbz2_pic": "http://img5.artron.net/artist/A0259878/small_brt025987800002.jpg",
    "dbz3_title": "红色影像之旅 阿尔巴尼亚003",
    "dbz3_page": "http://lyuan.artron.net/main.php?pFlag=exhibi_2&aid=A0259878&cate=19962&wrkid=brt025987800003#showPicTop",
    "dbz3_pic": "http://img5.artron.net/artist/A0259878/small_brt025987800003.jpg"
}