{
    "name": "乔相伟",
    "artist_pic": "imgs/loading.gif",
    "artist_info1": "籍贯地区：陕西省",
    "artist_info2": "所属类别：油画",
    "artist_info3": "毕业院校：西安美术学院",
    "dbz1_title": "《绿风景》",
    "dbz1_page": "http://artist.artron.net/yishujia0266514/2-118431.html",
    "dbz1_pic": "http://img10.artimg.net/newart/2015/0615/1434378908_111899.JPG.small.jpg",
    "dbz2_title": "《红风景》",
    "dbz2_page": "http://artist.artron.net/yishujia0266514/2-118430.html",
    "dbz2_pic": "http://img10.artimg.net/newart/2015/0615/1434378898_520583.JPG.small.jpg",
    "dbz3_title": "《禽兽幽冥》",
    "dbz3_page": "http://artist.artron.net/yishujia0266514/2-117808.html",
    "dbz3_pic": "http://img10.artimg.net/newart/2015/0614/1434245783_198078.PNG.small.jpg"
}