{
    "name": "JaredFitzGerald",
    "artist_pic": "imgs/loading.gif",
    "artist_info1": "籍贯地区：",
    "artist_info2": "所属类别：当代陶艺",
    "artist_info3": "毕业院校：美国华盛顿大学艺术专...",
    "dbz1_title": "海兽系列^_^<br>Sea Creature Series",
    "dbz1_page": "http://JaredFitzGerald.artron.net/works_detail_brt026178500001",
    "dbz1_pic": "http://img5.artron.net/artist/A0261785/small_brt026178500001.jpg",
    "dbz2_title": "造物系列^_^<br>Creation Story Series",
    "dbz2_page": "http://JaredFitzGerald.artron.net/works_detail_brt026178500002",
    "dbz2_pic": "http://img3.artron.net/artist/A0261785/small_brt026178500002.jpg",
    "dbz3_title": "城市生活系列^_^<br>City Life Series",
    "dbz3_page": "http://JaredFitzGerald.artron.net/works_detail_brt026178500003",
    "dbz3_pic": "http://img3.artron.net/artist/A0261785/small_brt026178500003.jpg"
}