{
    "name": "刘士海",
    "artist_pic": "imgs/loading.gif",
    "artist_info1": "籍贯地区：",
    "artist_info2": "所属类别：国画",
    "artist_info3": "毕业院校：其它学校",
    "dbz1_title": "春兰",
    "dbz1_page": "http://liushihai.artron.net/works_detail_brt026255300001",
    "dbz1_pic": "http://img5.artron.net/artist/A0262553/small_brt026255300001.jpg",
    "dbz2_title": "铭志",
    "dbz2_page": "http://liushihai.artron.net/works_detail_brt026255300002",
    "dbz2_pic": "http://img5.artron.net/artist/A0262553/small_brt026255300002.jpg",
    "dbz3_title": "雨后复斜阳",
    "dbz3_page": "http://liushihai.artron.net/works_detail_brt026255300003",
    "dbz3_pic": "http://img5.artron.net/artist/A0262553/small_brt026255300003.jpg"
}