{
    "name": "单志华",
    "artist_pic": "imgs/loading.gif",
    "artist_info1": "籍贯地区：河北",
    "artist_info2": "所属类别：国画",
    "artist_info3": "毕业院校：其他学校",
    "dbz1_title": "白鼠",
    "dbz1_page": "http://shanzhihua.artron.net/works_detail_brt013694000001",
    "dbz1_pic": "http://img4.artron.net/artist/A0136940/small_brt013694000001.jpg",
    "dbz2_title": "败鳞战甲满天飞",
    "dbz2_page": "http://shanzhihua.artron.net/works_detail_brt013694000002",
    "dbz2_pic": "http://img4.artron.net/artist/A0136940/small_brt013694000002.jpg",
    "dbz3_title": "翠珠满架",
    "dbz3_page": "http://shanzhihua.artron.net/works_detail_brt013694000003",
    "dbz3_pic": "http://img4.artron.net/artist/A0136940/small_brt013694000003.jpg"
}