{
    "name": "乔迁",
    "artist_pic": "imgs/loading.gif",
    "artist_info1": "籍贯地区：",
    "artist_info2": "所属类别：雕塑",
    "artist_info3": "毕业院校：清华大学美术学院",
    "dbz1_title": "播种者",
    "dbz1_page": "http://qiaoqian.artron.net/works_detail_brt000741300001",
    "dbz1_pic": "http://img1.artron.net/artist/A0007413/small_brt000741300001.jpg",
    "dbz2_title": "彩蛋",
    "dbz2_page": "http://qiaoqian.artron.net/works_detail_brt000741300002",
    "dbz2_pic": "http://img1.artron.net/artist/A0007413/small_brt000741300002.jpg",
    "dbz3_title": "苍茫的山",
    "dbz3_page": "http://qiaoqian.artron.net/works_detail_brt000741300003",
    "dbz3_pic": "http://img1.artron.net/artist/A0007413/small_brt000741300003.jpg"
}