{
    "name": "何柏俊",
    "artist_pic": "imgs/loading.gif",
    "artist_info1": "籍贯地区：广东梅县",
    "artist_info2": "所属类别：工艺美术家",
    "artist_info3": "毕业院校：其它学校",
    "dbz1_title": "以德为邻",
    "dbz1_page": "http://hebaijun.artron.net/main.php?pFlag=exhibi_2&aid=A0263103&cate=17036&wrkid=brt026310300065#showPicTop",
    "dbz1_pic": "http://img2.artron.net/artist/A0263103/small_brt026310300065.jpg",
    "dbz2_title": "澄心",
    "dbz2_page": "http://hebaijun.artron.net/main.php?pFlag=exhibi_2&aid=A0263103&cate=17037&wrkid=brt026310300057#showPicTop",
    "dbz2_pic": "http://img1.artron.net/artist/A0263103/small_brt026310300057.jpg",
    "dbz3_title": "从容入世清淡出尘",
    "dbz3_page": "http://hebaijun.artron.net/main.php?pFlag=exhibi_2&aid=A0263103&cate=17037&wrkid=brt026310300058#showPicTop",
    "dbz3_pic": "http://img1.artron.net/artist/A0263103/small_brt026310300058.jpg"
}