{
    "name": "东波西波",
    "artist_pic": "imgs/loading.gif",
    "artist_info1": "籍贯地区：",
    "artist_info2": "所属类别：油画",
    "artist_info3": "毕业院校：其他学校",
    "dbz1_title": "爱的地图 中文版carte en chinois copy              ",
    "dbz1_page": "http://dongboxibo.artron.net/main.php?pFlag=exhibi_2&aid=A0008260&cate=1354&wrkid=BRT000000115267#showPicTop",
    "dbz1_pic": "http://img1.artron.net/artist/A0008260/small_brt00826000001.jpg",
    "dbz2_title": "爱的地图法文版carte fran?ais copier2              ",
    "dbz2_page": "http://dongboxibo.artron.net/main.php?pFlag=exhibi_2&aid=A0008260&cate=1354&wrkid=BRT000000115268#showPicTop",
    "dbz2_pic": "http://img1.artron.net/artist/A0008260/small_brt00826000002.jpg",
    "dbz3_title": "爱的地图英文版map 1 copier                        ",
    "dbz3_page": "http://dongboxibo.artron.net/main.php?pFlag=exhibi_2&aid=A0008260&cate=1354&wrkid=BRT000000115269#showPicTop",
    "dbz3_pic": "http://img1.artron.net/artist/A0008260/small_brt00826000003.jpg"
}