{
    "name": "俞峥",
    "artist_pic": "imgs/loading.gif",
    "artist_info1": "籍贯地区：福州",
    "artist_info2": "所属类别：国画",
    "artist_info3": "毕业院校：福州工艺美术学校",
    "dbz1_title": "大型脱胎漆器《汉魂》",
    "dbz1_page": "http://yuzheng.artron.net/main.php?pFlag=exhibi_2&aid=A0263262&cate=19030&wrkid=brt026326200014#showPicTop",
    "dbz1_pic": "http://img3.artron.net/artist/A0263262/small_brt026326200014.jpg",
    "dbz2_title": "木胎漆器《大器》",
    "dbz2_page": "http://yuzheng.artron.net/main.php?pFlag=exhibi_2&aid=A0263262&cate=19030&wrkid=brt026326200003#showPicTop",
    "dbz2_pic": "http://img3.artron.net/artist/A0263262/small_brt026326200003.jpg",
    "dbz3_title": "漆画《老福州》",
    "dbz3_page": "http://yuzheng.artron.net/main.php?pFlag=exhibi_2&aid=A0263262&cate=19030&wrkid=brt026326200010#showPicTop",
    "dbz3_pic": "http://img3.artron.net/artist/A0263262/small_brt026326200010.jpg"
}