{
    "name": "万鼎",
    "artist_pic": "imgs/loading.gif",
    "artist_info1": "籍贯地区：陕西",
    "artist_info2": "所属类别：国画",
    "artist_info3": "毕业院校：西安美术学院",
    "dbz1_title": "风流其中",
    "dbz1_page": "http://wanding.artron.net/works_detail_brt026135500001",
    "dbz1_pic": "http://img1.artron.net/artist/A0261355/small_brt026135500001.jpg",
    "dbz2_title": "秦岭黑河",
    "dbz2_page": "http://wanding.artron.net/works_detail_brt026135500002",
    "dbz2_pic": "http://img1.artron.net/artist/A0261355/small_brt026135500002.jpg",
    "dbz3_title": "日出大秦好风光",
    "dbz3_page": "http://wanding.artron.net/works_detail_brt026135500003",
    "dbz3_pic": "http://img1.artron.net/artist/A0261355/small_brt026135500003.jpg"
}