{
    "name": "包锦华",
    "artist_pic": "imgs/loading.gif",
    "artist_info1": "籍贯地区：山东",
    "artist_info2": "所属类别：国画,油画",
    "artist_info3": "毕业院校：鲁迅美术学院",
    "dbz1_title": "生命之灵系列",
    "dbz1_page": "http://baojinhua.artron.net/works_detail_brt026072800002",
    "dbz1_pic": "http://img1.artron.net/artist/A0260728/small_brt026072800002.jpg",
    "dbz2_title": "生命之灵系列",
    "dbz2_page": "http://baojinhua.artron.net/works_detail_brt026072800006",
    "dbz2_pic": "http://img2.artron.net/artist/A0260728/small_brt026072800006.jpg",
    "dbz3_title": "敢进地狱之门系列",
    "dbz3_page": "http://baojinhua.artron.net/works_detail_brt026072800001",
    "dbz3_pic": "http://img1.artron.net/artist/A0260728/small_brt026072800001.jpg"
}