{
    "name": "冯运榆",
    "artist_pic": "imgs/loading.gif",
    "artist_info1": "籍贯地区：浙江省",
    "artist_info2": "所属类别：国画",
    "artist_info3": "毕业院校：中国美院",
    "dbz1_title": "人生沧桑",
    "dbz1_page": "http://fengyunyu.artron.net/works_detail_brt013724500039",
    "dbz1_pic": "http://img2.artron.net/artist/A0137245/small_brt013724500039.jpg",
    "dbz2_title": "一庭香",
    "dbz2_page": "http://fengyunyu.artron.net/works_detail_brt013724500001",
    "dbz2_pic": "http://img5.artron.net/artist/A0137245/small_brt013724500001.jpg",
    "dbz3_title": "兰芝",
    "dbz3_page": "http://fengyunyu.artron.net/works_detail_brt013724500002",
    "dbz3_pic": "http://img5.artron.net/artist/A0137245/small_brt013724500002.jpg"
}