{
    "name": "何海霞",
    "artist_pic": "imgs/loading.gif",
    "artist_info1": "籍贯地区：北京",
    "artist_info2": "所属类别：国画,长安画派",
    "artist_info3": "毕业院校：其他学校",
    "dbz1_title": "窠石平远",
    "dbz1_page": "http://hehaixia.artron.net/works_detail_BRT000000100392",
    "dbz1_pic": "http://img1.artron.net/artist/A0001445/small_brt00144500004.jpg",
    "dbz2_title": "仿马远山水",
    "dbz2_page": "http://hehaixia.artron.net/works_detail_BRT000000100393",
    "dbz2_pic": "http://img1.artron.net/artist/A0001445/small_brt00144500005.jpg",
    "dbz3_title": "饷鸟图",
    "dbz3_page": "http://hehaixia.artron.net/works_detail_BRT000000100394",
    "dbz3_pic": "http://img1.artron.net/artist/A0001445/small_brt00144500006.jpg"
}