{
    "name": "刘培军",
    "artist_pic": "imgs/loading.gif",
    "artist_info1": "籍贯地区：山东",
    "artist_info2": "所属类别：水粉水彩,油画,国画",
    "artist_info3": "毕业院校：西安美术学院",
    "dbz1_title": "百年白石",
    "dbz1_page": "http://liupeijun.artron.net/works_detail_brt026195300001",
    "dbz1_pic": "http://img5.artron.net/artist/A0261953/small_brt026195300001.jpg",
    "dbz2_title": "蔡元培造像",
    "dbz2_page": "http://liupeijun.artron.net/works_detail_brt026195300002",
    "dbz2_pic": "http://img5.artron.net/artist/A0261953/small_brt026195300002.jpg",
    "dbz3_title": "赛马会上",
    "dbz3_page": "http://liupeijun.artron.net/works_detail_brt026195300003",
    "dbz3_pic": "http://img5.artron.net/artist/A0261953/small_brt026195300003.jpg"
}