{
    "name": "严克勤",
    "artist_pic": "imgs/loading.gif",
    "artist_info1": "籍贯地区：江苏",
    "artist_info2": "所属类别：国画",
    "artist_info3": "毕业院校：复旦大学",
    "dbz1_title": "丹心照千古",
    "dbz1_page": "http://yankeqin.artron.net/works_detail_brt026029100315",
    "dbz1_pic": "http://img5.artron.net/artist/A0260291/small_brt026029100315.jpg",
    "dbz2_title": "兰蕙缘清渠",
    "dbz2_page": "http://yankeqin.artron.net/works_detail_brt026029100321",
    "dbz2_pic": "http://img5.artron.net/artist/A0260291/small_brt026029100321.jpg",
    "dbz3_title": "册页之一",
    "dbz3_page": "http://yankeqin.artron.net/works_detail_brt026029100322",
    "dbz3_pic": "http://img5.artron.net/artist/A0260291/small_brt026029100322.jpg"
}