{
    "name": "刘国",
    "artist_pic": "imgs/loading.gif",
    "artist_info1": "籍贯地区：",
    "artist_info2": "所属类别：国画",
    "artist_info3": "毕业院校：其他学校",
    "dbz1_title": "春风送暖",
    "dbz1_page": "http://liuguo.artron.net/works_detail_brt026083700178",
    "dbz1_pic": "http://img3.artron.net/artist/A0260837/small_brt026083700178.jpg",
    "dbz2_title": "湖光银装",
    "dbz2_page": "http://liuguo.artron.net/works_detail_brt026083700179",
    "dbz2_pic": "http://img3.artron.net/artist/A0260837/small_brt026083700179.jpg",
    "dbz3_title": "湖畔春早",
    "dbz3_page": "http://liuguo.artron.net/works_detail_brt026083700180",
    "dbz3_pic": "http://img3.artron.net/artist/A0260837/small_brt026083700180.jpg"
}