{
    "name": "倪水通",
    "artist_pic": "imgs/loading.gif",
    "artist_info1": "籍贯地区：洛阳",
    "artist_info2": "所属类别：国画",
    "artist_info3": "毕业院校：其它院校",
    "dbz1_title": "打工人家",
    "dbz1_page": "http://nishuitong.artron.net/works_detail_brt026576600001",
    "dbz1_pic": "http://img2.artron.net/artist/A0265766/small_brt026576600001.jpg",
    "dbz2_title": "大美黄山",
    "dbz2_page": "http://nishuitong.artron.net/works_detail_brt026576600002",
    "dbz2_pic": "http://img2.artron.net/artist/A0265766/small_brt026576600002.jpg",
    "dbz3_title": "仃君-何如",
    "dbz3_page": "http://nishuitong.artron.net/works_detail_brt026576600003",
    "dbz3_pic": "http://img2.artron.net/artist/A0265766/small_brt026576600003.jpg"
}