{
    "name": "刘彦（燕）",
    "artist_pic": "imgs/loading.gif",
    "artist_info1": "籍贯地区：",
    "artist_info2": "所属类别：国画",
    "artist_info3": "毕业院校：首都师范大学",
    "dbz1_title": "春梦缠绵^_^<br>Spring Garden Quiet Dream",
    "dbz1_page": "http://liuyan.artron.net/works_detail_brt026033300001",
    "dbz1_pic": "http://img5.artron.net/artist/A0260333/small_brt026033300001.jpg",
    "dbz2_title": "鸳鸯蝴蝶梦^_^<br>Butterfly Dream",
    "dbz2_page": "http://liuyan.artron.net/works_detail_brt026033300002",
    "dbz2_pic": "http://img5.artron.net/artist/A0260333/small_brt026033300002.jpg",
    "dbz3_title": "旧梦新欢^_^<br>New Sentiment and Old Dream",
    "dbz3_page": "http://liuyan.artron.net/works_detail_brt026033300003",
    "dbz3_pic": "http://img5.artron.net/artist/A0260333/small_brt026033300003.jpg"
}