{
    "name": "任亚胜",
    "artist_pic": "imgs/loading.gif",
    "artist_info1": "籍贯地区：",
    "artist_info2": "所属类别：其它",
    "artist_info3": "毕业院校：",
    "dbz1_title": "作品之一",
    "dbz1_page": "http://renyasheng.artron.net/works_detail_BRT000000017924",
    "dbz1_pic": "http://img1.artron.net/artist/A0007388/small_brt0006170001.jpg",
    "dbz2_title": "作品之二",
    "dbz2_page": "http://renyasheng.artron.net/works_detail_BRT000000017925",
    "dbz2_pic": "http://img1.artron.net/artist/A0007388/small_brt0006170002.jpg",
    "dbz3_title": "油灯少女",
    "dbz3_page": "http://renyasheng.artron.net/works_detail_BRT000000021578",
    "dbz3_pic": "http://img1.artron.net/artist/A0007388/small_brt0006170003.jpg"
}