{
    "name": "刘伯骏",
    "artist_pic": "imgs/loading.gif",
    "artist_info1": "籍贯地区：",
    "artist_info2": "所属类别：国画",
    "artist_info3": "毕业院校：杭州国立艺专",
    "dbz1_title": "日午正高阳",
    "dbz1_page": "http://liubojun.artron.net/works_detail_BRT000000013547",
    "dbz1_pic": "http://img1.artron.net/artist/A0006360/small_brt0005510001.jpg",
    "dbz2_title": "雨霁春更丽",
    "dbz2_page": "http://liubojun.artron.net/works_detail_BRT000000013548",
    "dbz2_pic": "http://img1.artron.net/artist/A0006360/small_brt0005510002.jpg",
    "dbz3_title": "压倒群芳绝代佳",
    "dbz3_page": "http://liubojun.artron.net/works_detail_BRT000000013549",
    "dbz3_pic": "http://img1.artron.net/artist/A0006360/small_brt0005510003.jpg"
}