{
    "name": "吉文明",
    "artist_pic": "imgs/loading.gif",
    "artist_info1": "籍贯地区：",
    "artist_info2": "所属类别：国画",
    "artist_info3": "毕业院校：湖北美术学院",
    "dbz1_title": "2012画展作品001",
    "dbz1_page": "http://jiwenming.artron.net/works_detail_brt026257900006",
    "dbz1_pic": "http://img2.artron.net/artist/A0262579/small_brt026257900006.jpg",
    "dbz2_title": "2012画展作品002",
    "dbz2_page": "http://jiwenming.artron.net/works_detail_brt026257900007",
    "dbz2_pic": "http://img2.artron.net/artist/A0262579/small_brt026257900007.jpg",
    "dbz3_title": "2012画展作品003",
    "dbz3_page": "http://jiwenming.artron.net/works_detail_brt026257900008",
    "dbz3_pic": "http://img2.artron.net/artist/A0262579/small_brt026257900008.jpg"
}