{
    "name": "冯远",
    "artist_pic": "imgs/loading.gif",
    "artist_info1": "籍贯地区：",
    "artist_info2": "所属类别：艺术教育专家,国画",
    "artist_info3": "毕业院校：其他学校",
    "dbz1_title": "人物",
    "dbz1_page": "http://fengyuan.artron.net/works_detail_BRT000000000344",
    "dbz1_pic": "http://img1.artron.net/artist/A0000015/small_brt0000120018.jpg",
    "dbz2_title": "诗经画意",
    "dbz2_page": "http://fengyuan.artron.net/works_detail_BRT000000000345",
    "dbz2_pic": "http://img1.artron.net/artist/A0000015/small_brt0000120019.jpg",
    "dbz3_title": "清溪垂钓",
    "dbz3_page": "http://fengyuan.artron.net/works_detail_BRT000000000346",
    "dbz3_pic": "http://img1.artron.net/artist/A0000015/small_brt0000120017.jpg"
}