{
    "name": "刘山民",
    "artist_pic": "imgs/loading.gif",
    "artist_info1": "籍贯地区：",
    "artist_info2": "所属类别：国画",
    "artist_info3": "毕业院校：中央美术学院",
    "dbz1_title": "深山熟石榴<br>^_^liushanmin",
    "dbz1_page": "http://liushanmin.artron.net/works_detail_brt025989600001",
    "dbz1_pic": "http://img5.artron.net/artist/A0259896/small_brt025989600001.jpg",
    "dbz2_title": "橘颂<br>^_^liushanmin",
    "dbz2_page": "http://liushanmin.artron.net/works_detail_brt025989600003",
    "dbz2_pic": "http://img4.artron.net/artist/A0259896/small_brt025989600003.jpg",
    "dbz3_title": "戈壁残月<br>^_^liushanmin",
    "dbz3_page": "http://liushanmin.artron.net/works_detail_brt025989600005",
    "dbz3_pic": "http://img2.artron.net/artist/A0259896/small_brt025989600005.jpg"
}