{
    "name": "侯宝川",
    "artist_pic": "imgs/loading.gif",
    "artist_info1": "籍贯地区：四川",
    "artist_info2": "所属类别：油画",
    "artist_info3": "毕业院校：中国美术学院",
    "dbz1_title": "秋高",
    "dbz1_page": "http://artist.artron.net/yishujia0259585/2-97829.html",
    "dbz1_pic": "http://img10.artimg.net/newart/2015/0405/1428208997_239744.png.small.jpg",
    "dbz2_title": "布拖坝子——七里坝 ",
    "dbz2_page": "http://artist.artron.net/yishujia0259585/2-97828.html",
    "dbz2_pic": "http://img10.artimg.net/newart/2015/0405/1428208996_523431.jpg.small.jpg",
    "dbz3_title": "布拖坝子十三",
    "dbz3_page": "http://artist.artron.net/yishujia0259585/2-97826.html",
    "dbz3_pic": "http://img10.artimg.net/newart/2015/0405/1428208990_830007.png.small.jpg"
}