{
    "name": "刘瑞新",
    "artist_pic": "imgs/loading.gif",
    "artist_info1": "籍贯地区：",
    "artist_info2": "所属类别：摄影",
    "artist_info3": "毕业院校：其它学校",
    "dbz1_title": "藏民印象-01",
    "dbz1_page": "http://liuruixin.artron.net/main.php?pFlag=exhibi_2&aid=A0266142&cate=19460&wrkid=brt026614200001#showPicTop",
    "dbz1_pic": "http://img5.artron.net/artist/A0266142/small_brt026614200001.jpg",
    "dbz2_title": "藏民印象-02",
    "dbz2_page": "http://liuruixin.artron.net/main.php?pFlag=exhibi_2&aid=A0266142&cate=19460&wrkid=brt026614200002#showPicTop",
    "dbz2_pic": "http://img5.artron.net/artist/A0266142/small_brt026614200002.jpg",
    "dbz3_title": "藏民印象-03",
    "dbz3_page": "http://liuruixin.artron.net/main.php?pFlag=exhibi_2&aid=A0266142&cate=19460&wrkid=brt026614200003#showPicTop",
    "dbz3_pic": "http://img5.artron.net/artist/A0266142/small_brt026614200003.jpg"
}