{
    "name": "丁绍光",
    "artist_pic": "imgs/loading.gif",
    "artist_info1": "籍贯地区：山西省",
    "artist_info2": "所属类别：版画",
    "artist_info3": "毕业院校：北京中央工艺美术学院",
    "dbz1_title": "和谐",
    "dbz1_page": "http://tingshaokuang.artron.net/works_detail_brt000088100001",
    "dbz1_pic": "http://img3.artron.net/artist/A0000881/small_brt000088100001.jpg",
    "dbz2_title": "晨光中的阿诗玛",
    "dbz2_page": "http://tingshaokuang.artron.net/works_detail_brt000088100002",
    "dbz2_pic": "http://img3.artron.net/artist/A0000881/small_brt000088100002.jpg",
    "dbz3_title": "母与子",
    "dbz3_page": "http://tingshaokuang.artron.net/works_detail_brt000088100003",
    "dbz3_pic": "http://img3.artron.net/artist/A0000881/small_brt000088100003.jpg"
}