{
    "name": "冯叔文",
    "artist_pic": "imgs/loading.gif",
    "artist_info1": "籍贯地区：江西",
    "artist_info2": "所属类别：其它",
    "artist_info3": "毕业院校：其他学校",
    "dbz1_title": "陶瓷作品（48）",
    "dbz1_page": "http://fengshuwen.artron.net/works_detail_brt025982600197",
    "dbz1_pic": "http://img5.artron.net/artist/A0259826/small_brt025982600197.jpg",
    "dbz2_title": "陶瓷作品（49）",
    "dbz2_page": "http://fengshuwen.artron.net/works_detail_brt025982600198",
    "dbz2_pic": "http://img5.artron.net/artist/A0259826/small_brt025982600198.jpg",
    "dbz3_title": "陶瓷作品（101）",
    "dbz3_page": "http://fengshuwen.artron.net/works_detail_brt025982600250",
    "dbz3_pic": "http://img5.artron.net/artist/A0259826/small_brt025982600250.jpg"
}