{
    "name": "刘学思",
    "artist_pic": "imgs/loading.gif",
    "artist_info1": "籍贯地区：天津武清",
    "artist_info2": "所属类别：国画",
    "artist_info3": "毕业院校：北京西城职业学校附属...",
    "dbz1_title": "秋峰松江图",
    "dbz1_page": "http://liuxuesi.artron.net/works_detail_brt026129100001",
    "dbz1_pic": "http://img2.artron.net/artist/A0261291/small_brt026129100001.jpg",
    "dbz2_title": "松壑翠谷",
    "dbz2_page": "http://liuxuesi.artron.net/works_detail_brt026129100002",
    "dbz2_pic": "http://img2.artron.net/artist/A0261291/small_brt026129100002.jpg",
    "dbz3_title": "峰密叠嶂",
    "dbz3_page": "http://liuxuesi.artron.net/works_detail_brt026129100003",
    "dbz3_pic": "http://img2.artron.net/artist/A0261291/small_brt026129100003.jpg"
}