{
    "name": "卢有光",
    "artist_pic": "imgs/loading.gif",
    "artist_info1": "籍贯地区：广东省",
    "artist_info2": "所属类别：书法",
    "artist_info3": "毕业院校：其他学校",
    "dbz1_title": "行草扇面",
    "dbz1_page": "http://artist.artron.net/yishujia0266061/2-79697.html",
    "dbz1_pic": "http://img10.artimg.net/newart/2015/0108/1420699965_959798.jpg.small.jpg",
    "dbz2_title": "朱柏盧治家格言",
    "dbz2_page": "http://artist.artron.net/yishujia0266061/2-79695.html",
    "dbz2_pic": "http://img10.artimg.net/newart/2015/0108/1420699931_637247.jpg.small.jpg",
    "dbz3_title": "宠辱不惊",
    "dbz3_page": "http://artist.artron.net/yishujia0266061/2-79693.html",
    "dbz3_pic": "http://img10.artimg.net/newart/2015/0108/1420699861_288643.jpg.small.jpg"
}