{
    "name": "丁方",
    "artist_pic": "imgs/loading.gif",
    "artist_info1": "籍贯地区：",
    "artist_info2": "所属类别：油画",
    "artist_info3": "毕业院校：南京艺术学院",
    "dbz1_title": "素描",
    "dbz1_page": "http://dingfang.artron.net/works_detail_brt000660900001",
    "dbz1_pic": "http://img4.artron.net/artist/A0006609/small_brt000660900001.jpg",
    "dbz2_title": "素描·肖朝国、李永泽",
    "dbz2_page": "http://dingfang.artron.net/works_detail_brt000660900002",
    "dbz2_pic": "http://img4.artron.net/artist/A0006609/small_brt000660900002.jpg",
    "dbz3_title": "坚实的风景",
    "dbz3_page": "http://dingfang.artron.net/works_detail_brt000660900003",
    "dbz3_pic": "http://img3.artron.net/artist/A0006609/small_brt000660900003.jpg"
}